length_url,length_hostname,ip,https_token,nb_subdomains,prefix_suffix,shortening_service,ratio_digits_url,phish_hints,nb_hyperlinks,domain_age,web_traffic,google_index,nb_specialchars,brand_flags,tld_subdomain_abnormal,nb_redirection_total,suspicious_html_score,status
37,19,0,1,3,0,0,0.0,0,17,-1,0,1,7,0,0,0,1,0
77,23,1,1,1,0,0,0.220779221,0,30,5767,0,1,7,0,0,1,1,1
126,50,1,0,3,1,0,0.150793651,0,4,4004,5828815,1,19,0,1,1,1,1
18,11,0,1,2,0,0,0.0,0,149,-1,107721,0,5,0,0,1,1,0
55,15,0,1,2,0,0,0.0,0,102,8175,8725,0,10,0,0,1,1,0
32,24,0,1,3,1,0,0.0,0,10,-1,0,1,8,0,0,1,2,1
19,12,0,1,2,0,0,0.0,0,98,7529,0,0,5,0,0,1,1,0
81,27,1,1,2,0,0,0.259259259,0,30,5767,0,1,8,0,0,1,1,1
42,34,0,1,2,0,1,0.0,0,63,7298,0,0,6,1,0,0,2,0
104,10,0,0,1,0,0,0.076923077,1,140,9368,6774,0,18,0,0,0,1,0
56,22,0,0,3,0,0,0.0,0,15,-1,1627089,0,9,0,0,0,2,0
43,16,0,0,2,0,0,0.186046512,0,88,7911,944,0,9,0,0,0,1,0
83,14,0,0,1,0,0,0.012048193,0,325,1505,158942,0,15,0,0,0,2,0
31,10,0,1,2,0,0,0.064516129,0,3,1761,1173197,1,6,0,0,1,2,1
25,16,0,0,2,0,0,0.0,0,211,2041,4297684,0,6,0,0,0,0,0
51,23,0,1,3,0,0,0.019607843,0,50,3892,0,0,10,0,0,1,1,1
31,22,0,0,2,0,1,0.0,0,125,8301,99386,0,6,0,0,0,2,0
50,21,0,1,2,0,0,0.06,0,23,2316,0,1,8,0,0,1,2,1
34,23,0,1,2,0,0,0.0,0,0,2935,0,1,7,0,0,0,2,1
27,19,0,1,2,0,0,0.148148148,0,219,3932,927214,0,6,0,0,1,2,0
63,14,0,1,3,1,0,0.0,0,147,8759,26017,0,13,0,0,1,1,0
66,16,0,0,2,0,1,0.0,0,77,5647,1040,0,11,0,0,0,1,0
40,11,0,1,2,0,0,0.1,0,13,1184,0,1,8,0,0,0,2,1
48,16,0,1,1,1,0,0.0,0,59,3476,4672316,0,9,0,0,1,2,0
126,50,1,1,3,1,0,0.095238095,0,51,3993,5707171,1,18,0,1,1,2,1
41,32,0,0,2,0,1,0.0,0,21,7296,0,1,6,1,0,0,1,1
36,27,0,0,2,0,0,0.0,0,115,6989,2203390,0,6,0,0,0,2,0
72,24,0,1,2,0,0,0.0,0,68,4845,5964,0,15,0,1,1,2,0
68,42,1,1,3,0,0,0.161764706,0,51,3993,5707171,1,9,0,1,1,2,1
163,14,1,1,3,0,0,0.398773006,1,31,-1,0,1,23,0,1,0,2,1
26,18,0,1,2,0,0,0.0,0,95,1170,390047,0,6,0,0,0,0,0
64,17,1,1,2,0,0,0.34375,0,36,1237,0,1,7,0,0,1,2,1
36,28,1,1,3,0,1,0.25,0,21,5627,0,1,8,0,0,0,2,1
61,14,0,1,2,0,1,0.0,0,3,3767,9264543,1,10,0,1,0,1,1
66,17,1,0,2,0,0,0.212121212,0,105,9316,13,0,9,1,0,0,0,0
35,26,0,0,2,0,0,0.0,0,16,7849,0,0,6,0,0,0,1,0
113,24,0,1,3,0,0,0.0,0,417,3920,0,0,19,1,1,0,2,1
41,34,0,1,2,0,0,0.0,0,27,5159,0,0,9,1,0,1,1,0
23,12,0,1,2,1,0,0.0,0,160,-1,74862,0,7,0,0,0,2,0
31,24,0,1,2,0,0,0.0,1,183,5230,5828226,0,6,0,0,0,1,0
84,30,0,1,2,1,0,0.0,4,23,3125,0,1,12,0,0,0,1,1
29,17,0,1,2,0,0,0.0,0,1,5026,544886,1,6,0,0,0,2,1
98,26,1,1,2,1,0,0.295918367,2,22,2300,0,1,14,0,0,2,2,1
15,8,0,1,1,0,0,0.0,0,35,2580,1671658,0,4,0,0,0,0,0
65,22,0,1,2,0,0,0.0,0,265,5825,7698,0,11,0,0,1,1,0
131,27,0,0,2,1,1,0.030534351,0,26,8019,0,1,19,0,0,1,1,1
50,23,0,0,2,1,0,0.0,0,279,7839,607,0,8,0,0,0,0,0
51,32,0,1,2,0,0,0.0,0,7,2306,0,1,7,0,0,1,1,1
45,11,0,0,3,0,0,0.133333333,0,420,-1,6431,0,9,0,0,0,2,0
159,14,1,1,2,0,0,0.270440252,0,13,1500,0,1,16,0,0,1,2,1
44,22,1,0,2,1,0,0.227272727,0,43,2739,11657,1,8,0,0,0,1,1
103,19,0,0,3,0,0,0.077669903,0,64,134,1508317,1,12,0,0,0,2,1
46,20,0,1,3,0,0,0.0,0,0,7802,0,1,10,0,0,0,2,1
45,16,0,0,2,0,0,0.0,0,253,7133,12,0,8,1,0,0,1,0
51,26,0,1,3,0,0,0.0,0,91,1690,0,1,9,0,0,4,2,1
38,19,0,1,3,0,0,0.0,0,184,1588,0,1,8,0,0,1,2,1
81,27,1,1,2,0,0,0.283950617,0,30,5767,0,1,8,0,0,1,1,1
112,31,0,1,2,0,1,0.0,0,83,7615,2190,0,17,0,1,1,1,0
39,16,0,0,2,0,0,0.0,2,27,8348,1,0,7,1,0,1,2,1
99,15,0,0,2,0,0,0.0808080809999999,1,27,8348,1,1,14,1,0,0,2,1
45,27,0,0,2,0,0,0.0,0,118,6989,2203390,1,7,0,0,1,2,0
60,35,0,1,3,1,1,0.033333333,2,21,5615,0,1,11,0,0,0,2,1
74,19,0,1,3,0,0,0.081081081,0,0,9327,4053,0,17,0,0,1,3,0
61,18,0,1,3,1,0,0.0,0,54,3561,6010,0,11,0,0,1,2,0
40,32,0,0,3,0,1,0.125,0,0,5614,0,0,7,0,0,0,2,1
52,24,0,1,3,0,0,0.038461538,0,0,5408,0,1,8,0,0,0,2,1
88,24,0,0,3,0,1,0.0,0,1,8346,1,1,14,1,1,1,0,1
74,12,0,1,2,0,0,0.027027027,0,167,5877,24587,0,11,0,0,1,1,0
46,16,0,1,2,1,0,0.065217391,0,849,2633,827,1,9,0,0,2,2,0
54,17,0,1,3,0,0,0.0,0,0,6512,1680566,0,8,0,0,1,3,0
54,21,0,1,1,1,0,0.0,1,5,-1,0,1,9,0,0,1,1,1
38,16,0,0,2,0,0,0.0,0,385,7134,12,1,8,1,0,0,0,0
67,15,0,1,2,0,0,0.0,0,212,9394,1294,0,11,0,0,0,1,0
62,13,0,1,3,1,0,0.0,2,0,5044,0,1,14,0,0,0,2,1
59,17,0,1,3,0,0,0.06779661,1,13,2573,0,1,10,0,0,0,1,1
57,38,0,0,3,0,0,0.01754386,0,0,1246,7048,1,8,0,0,0,1,1
32,12,0,1,1,1,0,0.0,0,44,2872,8400,0,7,0,0,1,1,0
46,25,0,1,2,0,0,0.0,0,0,4537,0,1,8,0,0,0,2,1
37,16,0,0,2,0,0,0.0,0,199,7133,12,0,7,1,0,0,0,0
36,29,0,1,2,0,1,0.027777778,0,14,7295,0,1,5,1,0,1,1,1
52,18,0,1,2,0,0,0.038461538,1,1,973,8238037,1,10,0,0,1,1,1
32,24,1,1,2,0,1,0.25,0,5,7296,0,1,6,1,0,1,2,1
34,11,0,0,1,0,0,0.0,0,25,7491,63,0,5,1,0,0,2,0
27,19,0,1,3,0,0,0.0,0,33,-1,479698,0,7,0,0,0,2,0
92,22,1,1,2,1,0,0.304347826,3,11,-1,0,1,12,0,0,0,2,1
102,12,0,1,2,0,0,0.058823529,0,148,8442,43102,0,17,0,0,1,1,0
32,23,0,0,2,0,0,0.0,0,181,2277,2426481,0,6,0,0,0,2,0
29,20,0,0,2,0,0,0.0,0,81,1800,0,0,6,0,0,0,2,0
119,24,0,1,3,1,0,0.008403361,3,98,-1,0,1,18,0,0,0,2,1
59,21,0,0,2,0,0,0.06779661,1,129,3952,3862928,0,9,0,0,1,2,0
54,19,0,1,2,0,0,0.0,0,98,4855,128132,0,8,0,0,1,1,0
151,10,1,1,3,0,0,0.271523179,0,45,166,0,1,9,0,0,0,2,1
84,25,0,1,3,0,0,0.035714286,0,38,4093,52436,0,14,0,0,1,2,0
55,10,0,1,3,1,0,0.0,3,41,-1,1080262,1,11,0,0,2,2,1
18,9,0,0,1,0,0,0.0,0,437,-1,294723,0,5,0,0,0,1,0
39,16,0,0,2,0,0,0.0,0,137,8516,8,0,6,1,0,0,0,0
28,19,0,0,2,1,0,0.0,0,218,7689,381695,0,7,0,0,0,2,0
32,16,0,1,3,1,0,0.0,0,31,5913,86462,0,8,0,0,1,1,0
16,9,0,1,1,0,0,0.0,0,139,-1,2346124,0,4,0,0,0,0,0
23,12,0,1,1,0,0,0.0,0,0,4141,0,1,6,0,0,0,2,1
29,21,0,1,3,0,0,0.0,0,104,4664,0,0,7,0,0,1,2,0
29,20,0,0,2,0,0,0.0,0,124,317,0,0,6,0,0,0,1,1
41,15,0,0,2,0,0,0.0,0,65,4566,44445,0,7,0,0,0,1,0
22,6,0,0,1,0,1,0.181818182,0,16,-1,3523,1,5,0,0,1,1,1
52,14,0,1,3,0,0,0.038461538,0,2,657,0,1,11,0,0,0,2,1
38,20,0,1,3,0,0,0.026315789,0,1,-1,9412550,1,10,0,0,0,1,1
30,21,0,0,3,0,0,0.0,0,77,-1,0,0,7,0,0,1,2,0
76,50,1,1,3,1,0,0.105263158,0,51,3993,5707171,1,10,0,1,1,2,1
430,13,1,1,3,0,0,0.039534884,3,21,-1,0,1,99,1,1,2,2,1
37,19,0,1,2,0,1,0.0,0,38,4823,212735,1,6,0,0,1,1,0
73,23,0,1,3,0,0,0.068493151,0,61,11046,545,0,12,0,0,1,1,0
56,15,0,1,2,0,0,0.107142857,0,0,2939,0,1,14,0,0,0,2,1
70,13,0,0,1,0,0,0.0,0,52,3385,12180,1,14,0,0,0,1,0
70,20,0,1,3,0,0,0.0,0,0,7802,0,1,10,0,1,0,2,1
52,19,0,1,2,1,0,0.076923077,0,83,-1,241891,1,9,0,0,2,2,0
31,22,0,0,2,1,0,0.0,0,24,5366,3913090,0,7,0,0,0,2,0
90,19,1,0,3,0,1,0.244444444,1,52,2112,0,1,11,1,1,1,2,1
45,15,1,1,3,0,0,0.1555555559999999,0,315,7156,2272,0,9,0,1,1,2,0
55,20,0,1,3,0,0,0.036363636,0,77,7602,145276,0,9,0,0,0,1,0
65,12,0,1,3,0,0,0.076923077,0,5,135,0,1,12,0,0,0,1,1
41,33,0,1,2,1,0,0.073170732,0,184,1546,4669,1,7,0,1,0,2,1
71,25,1,0,2,1,0,0.169014085,0,582,7,0,1,11,0,0,0,2,1
83,16,0,0,2,0,0,0.072289157,1,10,8348,1,1,12,1,0,0,0,1
73,18,1,1,1,1,0,0.342465753,0,14,-1,0,1,8,0,0,0,1,1
44,30,0,1,2,0,0,0.204545455,0,4,184,0,1,8,0,0,1,1,1
114,16,0,1,3,1,0,0.052631579,2,1,2403,819233,0,17,0,0,0,1,1
127,50,1,0,3,1,0,0.157480315,0,51,3992,5697976,1,18,0,1,1,2,1
99,20,0,1,3,0,0,0.070707071,0,32,254,0,0,12,0,0,1,2,1
56,20,0,1,2,1,0,0.0,1,38,6041,0,1,11,0,0,0,2,1
51,17,0,0,3,0,0,0.0,0,147,7284,2788,1,8,0,0,2,1,0
51,14,0,1,3,0,0,0.0,3,4,-1,0,1,10,1,0,1,1,1
40,24,0,0,2,1,0,0.0,0,98,-1,1166803,0,9,0,1,1,0,0
33,14,0,1,3,0,0,0.0,1,145,5111,5692030,1,10,0,0,1,1,1
88,20,0,0,2,0,0,0.0,0,296,8024,88431,0,14,0,1,0,0,0
122,18,0,0,2,0,0,0.049180328,0,161,5993,5488,0,21,0,1,0,1,0
53,20,0,1,3,0,0,0.0,0,53,2684,188662,0,8,0,0,1,1,0
46,37,0,0,3,1,0,0.086956522,0,3,725,23941,1,11,0,1,1,1,1
36,29,0,1,2,0,1,0.0,0,14,7295,0,1,5,1,0,1,1,1
31,23,0,1,2,0,0,0.0,0,64,3754,3847776,0,6,0,0,0,1,0
48,16,0,0,2,0,0,0.0,0,154,5381,299694,0,11,0,0,0,0,0
101,6,0,0,2,0,0,0.0,1,38,3743,0,1,14,0,1,0,2,1
41,19,0,1,3,0,0,0.0,0,0,5416,435027,0,8,0,0,0,3,0
43,35,0,1,3,0,0,0.093023256,1,1,1901,0,1,8,0,0,0,1,1
15,8,0,1,1,0,0,0.0,0,0,3937,0,0,4,0,0,0,0,0
42,10,0,1,3,0,0,0.071428571,0,37,6668,1677903,1,10,0,0,2,1,0
51,15,0,1,1,0,0,0.0,0,157,4413,225825,0,9,0,0,1,0,0
48,27,0,1,3,0,0,0.0,0,0,3983,0,1,11,0,0,0,2,1
49,19,0,1,1,0,0,0.0,0,209,7732,81846,0,8,0,0,0,2,0
25,13,0,0,1,1,0,0.0,0,22,2647,0,0,8,0,0,0,2,1
49,15,0,0,2,0,1,0.020408163,0,326,9285,121,0,10,1,0,0,1,0
48,25,0,1,3,0,0,0.020833333,0,141,8047,1577,0,8,0,0,1,0,0
108,25,0,1,3,1,0,0.037037037,3,10,531,0,1,15,0,1,1,0,1
39,20,0,1,2,0,0,0.0,0,0,1028,0,1,7,0,0,0,0,1
80,20,0,1,3,0,0,0.0,0,146,5334,1137149,1,13,0,0,2,2,0
36,17,0,1,2,0,0,0.0,0,60,7602,2368410,1,7,0,0,2,2,0
28,19,0,0,2,1,0,0.0,0,416,6460,1119897,0,7,0,0,0,2,0
33,14,0,0,2,0,0,0.060606061,1,8,1953,4365,1,6,0,0,0,1,1
23,14,0,0,3,0,1,0.0,0,168,-1,7600,0,7,0,0,0,0,0
77,18,0,0,2,0,0,0.0,0,319,5224,137,0,12,0,0,0,2,0
342,19,1,0,3,0,0,0.415204678,1,31,-1,1554194,1,38,0,0,0,2,1
38,29,0,0,2,1,0,0.131578947,0,3,189,0,1,7,0,0,0,1,1
73,22,0,1,2,0,0,0.0,2,148,6203,38365,1,12,0,0,2,2,0
33,15,0,0,2,0,0,0.0,0,53,5639,2,0,7,1,0,0,1,0
67,17,0,1,3,0,0,0.0,0,0,1785,7811868,1,12,0,0,0,2,1
39,18,0,0,2,0,0,0.051282051,0,72,6431,15489,1,7,0,0,1,0,0
24,15,0,0,2,0,0,0.0,0,323,2254,219358,0,6,0,0,0,1,0
26,17,0,0,2,0,0,0.0,0,53,-1,543542,0,6,0,0,0,0,0
39,7,0,0,2,0,0,0.128205128,0,0,9253,21542,0,9,0,0,0,3,0
62,22,1,1,3,1,0,0.35483871,0,0,5825,0,1,8,0,0,1,2,1
41,13,0,1,2,0,0,0.0,2,41,1899,507771,1,8,0,0,1,1,1
40,31,0,0,2,0,1,0.0,0,14,7295,0,1,6,1,0,0,1,1
51,26,0,1,3,1,0,0.0,0,8,4120,632334,0,9,0,0,0,1,0
59,12,0,0,2,0,1,0.06779661,0,665,3650,7053,1,12,0,0,1,1,0
50,20,0,0,3,0,0,0.0,0,77,8044,2580,0,9,0,0,0,2,0
52,25,0,1,2,1,0,0.057692308,0,103,6831,0,1,8,0,0,1,2,1
43,15,0,1,2,1,0,0.0,0,21,3904,0,1,8,0,1,1,1,1
94,42,0,1,3,0,0,0.127659574,0,57,4183,0,1,13,1,1,1,1,1
60,15,0,1,3,0,0,0.0,0,77,2403,62284,0,9,0,1,1,0,0
18,11,0,1,1,0,0,0.0,0,105,-1,1111694,0,4,0,0,1,1,0
204,27,0,0,2,0,1,0.132352941,1,12,7968,892,0,15,0,0,0,1,1
94,24,1,0,3,0,1,0.159574468,1,1,8346,1,0,13,1,1,1,0,1
41,33,0,1,3,1,0,0.0,0,20,-1,0,1,9,0,1,2,1,1
19,11,0,1,2,0,0,0.1578947369999999,0,45,1154,0,1,6,0,0,0,2,1
35,22,0,1,2,1,0,0.028571429,0,0,3608,0,1,7,0,0,0,2,1
63,26,0,1,3,0,0,0.0,0,23,2870,0,1,10,0,0,0,1,1
53,21,0,1,2,0,0,0.075471698,0,0,5972,0,1,9,0,0,1,1,1
75,44,0,1,3,0,1,0.0,1,21,5616,0,1,15,0,0,0,2,1
35,27,0,0,2,0,0,0.114285714,0,24,6381,0,1,5,1,0,1,1,1
210,14,0,0,3,0,0,0.066666667,0,0,8348,1,0,37,1,0,0,2,1
44,13,0,0,1,0,0,0.0,0,109,4825,128305,0,7,0,0,0,2,0
150,40,1,1,3,0,0,0.4866666670000001,0,8,4405,0,1,12,1,0,0,1,1
39,22,0,1,3,0,0,0.0,0,0,570,0,1,9,0,0,1,2,1
64,15,0,1,2,1,0,0.0,2,33,3381,6240092,1,13,0,0,0,1,1
106,20,1,0,3,0,0,0.160377358,0,0,4681,4701900,0,18,0,0,0,1,1
34,20,0,0,2,0,0,0.0,0,52,-1,5496959,0,7,0,0,0,0,1
65,16,0,0,2,0,0,0.0,0,822,7133,12,0,12,1,0,0,0,0
60,14,0,1,3,1,0,0.033333333,3,33,2290,10725245,1,13,0,0,0,1,1
25,14,0,1,1,0,0,0.0,0,7,896,0,1,6,0,0,2,1,1
39,21,0,1,2,0,0,0.128205128,0,182,6901,11507,0,7,0,0,1,2,0
38,15,0,1,3,1,0,0.0,0,335,3899,207904,0,9,0,1,0,1,0
129,8,0,0,2,0,0,0.023255814,0,11,-2,9675493,1,23,0,0,0,1,1
52,15,0,0,2,1,0,0.0,0,280,9224,18386,0,10,1,0,0,0,0
30,14,1,1,3,0,0,0.3666666670000001,0,0,-1,0,1,8,0,1,0,2,1
33,24,0,0,2,0,0,0.0,0,105,7449,0,0,6,1,0,0,1,0
118,27,1,1,3,0,0,0.0762711859999999,0,8,7287,0,0,15,0,0,1,1,0
27,20,0,1,1,0,0,0.0,0,58,2625,8571696,0,5,0,0,1,2,0
78,16,0,1,3,0,0,0.166666667,0,0,11192,1465,0,16,0,0,0,3,0
35,27,0,1,2,1,0,0.028571429,0,7,2839,0,1,7,0,0,1,1,1
32,18,0,1,1,1,0,0.0,0,140,-1,5497323,1,7,0,0,2,2,1
64,39,0,1,3,0,1,0.0625,2,22,5615,0,1,13,0,0,0,2,1
38,29,0,0,2,1,0,0.078947368,0,3,189,0,1,7,0,0,0,1,1
24,15,0,0,3,0,0,0.0,0,67,4996,179875,0,7,0,0,0,1,0
68,15,0,1,3,0,0,0.0,0,49,3526,24047,0,9,0,0,1,1,0
126,50,1,0,3,1,0,0.166666667,0,51,3993,5707171,1,19,0,1,0,2,1
41,16,0,0,2,0,0,0.0,0,339,7130,12,0,8,1,0,0,1,0
48,16,0,0,2,0,0,0.0,0,215,7134,13,0,9,1,0,0,0,0
29,21,0,1,2,0,0,0.0,0,9,3904,0,0,6,0,0,0,1,0
24,15,0,0,2,0,0,0.0,0,72,2980,1168093,0,6,0,0,0,1,0
50,17,0,0,3,0,0,0.02,2,1294,7427,193,0,10,0,0,0,2,0
126,50,1,1,3,1,0,0.119047619,0,51,3992,5697976,1,18,0,1,1,2,1
39,11,0,0,2,0,0,0.0,0,177,8627,5781,0,9,0,0,0,1,0
102,15,1,1,1,1,0,0.196078431,3,88,2047,0,1,12,0,0,1,1,1
31,23,0,1,2,0,0,0.064516129,0,46,2425,0,0,6,0,0,0,2,0
86,22,1,1,3,1,0,0.279069767,0,0,5826,0,1,13,0,0,0,2,1
78,16,0,0,2,0,0,0.102564103,0,259,6068,4211,0,15,0,0,0,2,0
29,20,0,0,3,0,0,0.0,0,138,3477,7290834,0,7,0,0,0,1,0
33,12,1,1,2,0,0,0.212121212,0,579,8965,70,0,7,1,0,2,1,0
27,12,0,1,1,1,0,0.0,0,8,7,0,0,7,0,0,0,1,1
24,15,0,0,2,0,0,0.0,0,24,-1,373207,0,6,0,0,0,2,0
39,20,0,0,2,0,0,0.0,0,226,6096,83476,0,7,0,0,0,0,0
28,21,0,1,2,0,0,0.0,0,128,5903,0,0,6,0,0,0,2,0
102,24,1,1,3,0,1,0.107843137,0,224,5627,0,0,11,0,0,0,2,1
43,18,0,1,2,0,0,0.0,0,1041,4153,124314,1,8,0,0,1,2,0
27,19,0,1,2,0,0,0.0,0,33,4764,199026,0,6,0,0,1,0,0
101,17,0,1,2,0,0,0.079207921,0,48,9744,962,0,19,0,0,1,0,0
60,28,0,1,3,0,0,0.0,0,43,3163,1323034,0,10,0,0,0,1,0
38,13,0,1,3,0,0,0.0,0,452,-1,98458,0,9,0,0,1,2,0
19,10,0,0,1,0,0,0.0,0,0,2088,0,1,5,0,0,0,2,1
137,15,0,0,3,0,0,0.262773723,0,74,4162,376041,1,43,0,0,0,0,0
263,179,1,1,3,0,0,0.1292775669999999,1,0,-1,0,1,29,1,1,0,2,1
22,6,0,0,1,0,1,0.181818182,0,44,-1,3536,1,5,0,0,1,2,1
89,21,0,1,3,0,0,0.011235955,4,25,918,0,1,15,0,1,0,1,1
28,19,0,0,2,0,0,0.0,0,58,5890,2487034,0,6,0,0,0,1,0
49,26,0,1,3,0,0,0.020408163,0,139,8046,1577,0,7,0,1,1,0,0
45,36,0,0,3,0,1,0.066666667,1,22,5616,0,1,10,0,0,0,1,1
30,22,0,1,2,0,0,0.0,0,197,5442,0,0,6,1,0,1,1,1
54,10,0,1,2,1,0,0.0,2,0,3188,9820235,1,9,0,0,0,1,1
29,22,0,1,2,0,0,0.0,0,26,-1,0,0,5,0,0,1,2,0
86,16,0,1,3,1,0,0.0,1,6,3977,0,1,14,0,1,0,1,1
26,18,0,1,2,0,0,0.076923077,0,0,1,0,1,6,0,0,0,2,1
83,20,1,0,2,0,0,0.108433735,0,171,4549,146,0,12,0,0,0,2,0
49,28,0,0,2,1,0,0.0,0,4,1,9657236,1,7,0,0,1,1,1
33,12,1,1,2,0,0,0.212121212,0,555,8969,70,0,7,1,0,2,0,0
40,18,0,1,2,0,0,0.0,0,115,9205,692,0,7,0,0,1,0,0
56,18,0,1,2,1,0,0.0,0,176,8697,25617,1,11,0,0,0,1,0
27,18,0,0,2,0,0,0.0,0,162,3873,2192611,0,6,0,0,0,1,0
70,33,0,1,3,0,1,0.0,0,114,4821,151781,0,11,0,0,1,1,0
128,120,0,1,3,0,0,0.0546875,2,0,65,0,1,14,0,0,0,2,1
25,6,0,1,1,0,0,0.12,0,0,-1,0,1,5,0,0,2,2,1
33,16,0,0,2,0,0,0.0,0,147,8517,8,0,7,1,0,0,0,0
52,16,0,0,2,0,0,0.0,0,177,3118,258,0,8,0,0,0,1,0
31,22,0,0,2,0,0,0.0,0,357,7318,19471,0,6,0,0,0,2,0
41,32,0,0,2,0,1,0.097560976,0,15,7295,0,1,6,1,0,0,1,1
33,24,0,0,2,0,0,0.0,0,27,6022,4222108,0,6,0,0,0,2,0
32,23,0,0,1,1,0,0.0,0,0,1,0,1,6,0,0,0,2,1
66,30,0,1,3,1,0,0.03030303,0,17,3346,0,0,11,0,0,0,1,0
85,14,0,0,2,0,0,0.094117647,1,35,5409,9424,0,17,0,1,0,1,0
52,20,0,0,2,0,0,0.0,0,898,7129,12,0,8,1,0,0,1,0
109,19,0,0,3,0,0,0.055045872,0,30,4300,17917,0,16,0,0,0,2,0
84,20,0,1,1,0,0,0.0,0,120,2785,456652,0,12,0,0,1,1,0
110,16,0,0,2,0,0,0.127272727,2,1,8346,1,0,11,1,0,1,0,1
171,25,1,1,2,1,0,0.304093567,3,13,1095,3898136,1,17,0,0,0,2,1
17,9,0,1,1,0,0,0.0,0,10,-1,1860135,0,5,0,0,0,0,0
19,12,0,1,1,0,0,0.0,0,40,7557,3080310,0,4,0,0,0,0,0
98,14,1,1,3,0,0,0.285714286,1,1,-1,0,1,16,0,1,2,2,1
32,24,0,1,2,0,0,0.0,0,13,2581,3704884,1,6,0,0,4,1,1
28,20,0,0,3,0,0,0.0,0,131,-1,5759582,0,6,0,0,0,0,0
64,31,0,1,3,0,0,0.03125,0,1,7083,17964,1,11,0,1,0,2,1
40,16,0,0,2,0,0,0.0,0,589,7133,12,0,7,1,0,0,1,0
132,32,0,0,2,1,1,0.113636364,0,26,8019,0,1,15,0,1,1,1,1
124,24,0,0,2,1,1,0.048387097,0,7,8019,0,1,20,0,1,1,1,1
51,18,0,1,2,0,0,0.0,1,22,3747,0,1,9,0,0,0,1,1
141,48,1,0,2,0,0,0.290780142,1,50,-1,0,1,9,0,1,0,2,1
126,50,1,1,3,1,0,0.126984127,0,51,3993,5707171,1,18,0,1,1,2,1
21,14,0,1,2,0,0,0.0,0,14,4924,0,0,5,0,0,0,1,0
53,14,0,1,2,0,0,0.037735849,0,5,11205,173087,1,11,0,0,0,1,0
27,18,0,0,2,0,0,0.0,0,90,-1,0,0,6,0,0,0,0,0
76,14,1,1,2,0,0,0.276315789,0,51,1379,0,1,9,0,0,0,1,1
79,32,0,1,2,0,0,0.0,0,58,4133,3807718,1,13,0,0,2,2,0
77,23,1,1,1,0,0,0.207792208,0,30,5767,0,1,7,0,0,1,1,1
35,18,0,0,2,0,0,0.0,0,129,7169,3198502,0,8,0,0,0,1,0
56,21,0,0,3,0,0,0.0,0,192,6842,74297,0,9,0,0,0,0,0
49,22,0,1,3,0,0,0.081632653,0,0,7705,549152,1,9,0,0,0,2,0
41,20,0,1,2,0,0,0.0,0,241,6769,114612,0,7,0,0,1,1,0
84,20,1,1,2,0,0,0.273809524,0,30,-1,0,1,12,0,0,1,2,1
29,20,0,0,2,0,0,0.0,0,29,8309,891412,0,6,0,0,0,2,0
21,12,0,0,2,0,0,0.0,0,264,-1,405272,0,6,0,0,0,1,0
35,13,0,1,3,0,0,0.0,0,31,5572,126063,0,8,0,0,0,2,0
28,19,0,0,2,0,0,0.0,0,18,-1,642658,0,8,0,0,0,0,0
97,25,0,0,3,0,0,0.0,0,58,-1,2656129,0,16,0,0,0,2,1
36,14,0,1,1,0,1,0.0,0,0,2744,0,0,6,0,0,0,2,1
63,19,0,0,3,1,0,0.0,0,104,8176,1489770,1,10,0,0,1,1,0
24,17,0,1,2,0,0,0.0,0,68,3086,2742704,0,5,0,0,0,2,0
40,33,0,1,2,0,1,0.025,0,14,7295,0,1,5,1,0,1,1,1
85,17,0,1,2,1,0,0.0,5,58,4505,0,1,14,0,0,0,2,1
56,39,0,1,3,0,1,0.107142857,0,83,5627,0,1,11,0,0,0,2,1
49,11,0,1,2,0,0,0.0,1,7,393,0,1,9,0,0,0,2,1
23,10,0,0,1,0,0,0.0,0,13,-2,0,1,5,0,0,0,1,1
64,16,0,0,2,1,0,0.0,3,22,2232,0,1,11,0,0,0,2,1
46,20,0,0,3,1,0,0.043478261,0,36,205,6985854,1,11,0,0,0,2,1
36,9,0,1,2,0,0,0.0,0,9,1880,0,1,8,0,0,0,1,1
29,22,0,1,2,0,0,0.068965517,0,37,5904,3369493,0,5,0,0,0,2,0
55,28,0,1,2,1,0,0.054545455,0,103,6831,0,1,8,0,0,1,2,1
45,25,0,1,2,0,0,0.0,0,288,6260,683,0,6,0,1,1,2,0
33,25,0,1,2,0,0,0.0,0,129,-1,1120148,0,6,0,0,1,2,0
231,23,1,0,3,1,0,0.398268398,5,15,-1,0,1,20,0,0,0,1,1
30,17,0,0,2,0,0,0.0,0,4,-1,0,1,6,0,0,1,1,1
31,23,0,1,2,0,0,0.0,0,72,6749,581257,0,6,0,0,0,2,0
27,18,0,0,2,1,0,0.0,0,7,-1,0,0,7,0,0,0,1,0
81,27,1,1,2,0,0,0.259259259,0,30,5767,0,1,8,0,0,1,1,1
58,16,1,0,2,0,0,0.120689655,0,101,7913,0,0,10,0,0,0,1,0
28,19,0,0,2,0,1,0.0,0,81,7296,1726750,0,6,1,0,0,2,0
25,16,0,0,2,0,0,0.0,0,316,2568,286071,0,6,0,0,0,0,0
87,13,0,1,3,0,0,0.022988506,0,107,1302,0,1,13,0,1,0,2,1
28,19,0,0,2,0,0,0.0,0,47,5230,0,1,6,0,0,0,1,0
133,13,0,0,2,0,0,0.060150376,0,3,5956,4922,1,23,0,0,1,0,0
26,17,0,0,3,0,0,0.0,0,64,-1,353666,0,7,0,0,0,0,0
36,15,0,1,1,0,0,0.0,0,89,6478,0,1,8,0,0,1,2,1
29,15,0,0,1,0,0,0.0,1,12,990,785858,0,5,0,0,0,0,1
37,28,0,0,2,1,1,0.0,0,14,7295,0,1,7,1,0,0,2,1
33,24,0,0,2,0,0,0.0,0,138,4893,1371632,0,6,0,0,0,1,0
47,15,0,1,2,0,0,0.0,0,271,5886,184,0,10,0,0,1,1,0
26,17,0,0,2,0,0,0.115384615,0,36,7753,15139,0,6,0,0,0,0,0
93,22,0,1,3,1,0,0.021505376,0,9,4250,0,1,18,0,0,0,1,1
44,27,0,1,3,0,0,0.0,0,99,12706,3016,0,9,0,0,1,1,0
34,26,0,1,2,0,0,0.0,0,4,7308,0,1,6,0,0,0,1,1
63,22,0,1,2,0,0,0.0,0,78,2190,156610,0,12,0,0,1,2,0
56,36,0,0,3,0,1,0.1607142859999999,0,19,5613,0,1,11,0,0,0,2,1
28,20,0,0,2,0,1,0.107142857,0,0,5614,0,1,5,0,0,0,2,1
51,21,0,1,3,0,1,0.0,0,16,4478,625153,0,11,0,0,0,1,0
50,16,0,1,3,0,0,0.06,0,185,3141,0,1,8,0,1,0,2,1
70,17,0,1,3,1,0,0.085714286,0,3,7696,54169,0,11,0,0,2,0,0
41,12,0,1,2,0,0,0.048780488,0,21,-1,4254948,0,10,0,0,0,1,0
74,17,1,1,2,0,0,0.094594595,0,101,5615,1156,0,11,0,0,1,1,0
26,17,0,0,2,0,0,0.0,0,152,8018,5075341,0,6,0,0,0,1,0
114,19,0,0,3,0,0,0.052631579,0,159,4093,56400,0,19,0,0,0,1,0
49,26,0,1,1,1,0,0.0,3,85,-1,641733,1,7,0,1,2,1,1
26,17,0,0,2,0,0,0.0,0,21,-1,7358750,0,6,0,0,0,1,0
42,14,0,0,2,1,0,0.0,0,61,9897,183,0,9,0,0,0,1,0
28,19,0,0,1,0,0,0.0,0,107,1352,7246656,0,5,0,0,1,1,0
29,20,0,0,2,0,0,0.0,0,1,-1,75756,0,6,0,0,0,0,0
32,15,0,1,2,0,0,0.0,0,92,-1,1316122,1,7,0,0,2,1,0
34,25,0,0,2,1,0,0.029411765,0,84,2706,0,1,7,1,0,0,2,1
51,27,0,1,2,1,0,0.0,0,0,3934,0,1,10,0,0,0,1,1
78,17,0,0,2,0,1,0.0,1,142,7596,4058,0,14,0,0,0,0,0
43,29,0,1,3,0,0,0.0,0,86,3429,0,1,8,1,1,4,2,1
154,28,0,0,2,1,1,0.090909091,0,7,8018,0,1,23,0,1,1,1,1
35,26,0,0,3,0,0,0.0,0,277,3345,270265,0,7,0,0,0,2,0
54,22,0,1,3,0,0,0.0,0,31,-1,0,0,8,0,0,1,1,0
35,27,0,1,2,0,0,0.0,0,46,3047,0,0,6,0,0,0,1,0
25,16,0,0,1,0,0,0.0,0,0,1549,3205318,0,5,0,0,0,2,0
27,19,0,1,2,0,0,0.0,0,64,1626,0,0,6,0,0,0,2,0
61,12,1,1,3,0,0,0.147540984,1,25,-1,0,1,12,0,1,0,2,1
41,30,0,1,2,0,0,0.0,0,17,4748,2421611,1,6,0,0,1,2,1
47,13,0,1,2,0,0,0.0,0,6,-1,0,1,9,0,0,0,1,1
19,11,0,1,2,0,0,0.0,0,25,-1,0,0,6,0,0,0,1,0
38,18,0,0,2,0,0,0.0,0,1,5098,10819,0,7,0,0,0,2,0
64,19,0,1,3,1,0,0.09375,0,173,3167,3345571,0,12,0,0,1,1,0
271,20,1,1,3,0,0,0.3099631,3,216,4096,0,1,25,0,1,1,2,1
50,10,0,1,1,0,0,0.0,2,12,118,0,1,9,0,0,0,1,1
80,23,1,0,3,0,1,0.0875,0,226,7785,19148,0,15,0,0,0,1,0
67,28,0,0,2,0,0,0.0,0,10,219,0,1,9,0,0,0,2,1
282,30,1,0,3,1,1,0.209219858,0,11,8018,0,1,31,0,1,0,1,1
144,37,0,0,2,1,1,0.041666667,0,7,8018,0,1,19,0,1,1,1,1
52,20,0,1,1,1,0,0.076923077,0,18,1244,0,1,8,0,0,2,2,1
28,19,0,0,2,0,0,0.0,0,152,7555,184970,0,6,0,0,0,1,0
50,20,0,0,3,0,0,0.0,0,62,8045,2595,0,9,0,0,0,2,0
60,19,0,1,3,1,0,0.216666667,0,1,1408,4219048,1,14,0,0,1,2,0
87,18,0,0,2,0,0,0.022988506,0,193,5222,136,0,11,0,0,0,2,0
35,18,0,1,3,0,0,0.114285714,0,151,155,0,1,7,0,0,0,2,1
102,15,1,1,3,0,0,0.245098039,1,0,4701,0,1,14,0,0,0,2,1
63,23,0,0,2,0,0,0.142857143,0,57,7534,204574,0,8,0,0,0,2,0
36,27,0,0,2,1,0,0.0,0,0,2837,0,1,7,0,0,0,1,1
21,12,0,0,2,0,0,0.0,0,70,7714,148721,0,6,0,0,0,0,0
238,17,1,0,3,0,0,0.31512605,1,0,9338,21,0,38,0,0,0,1,1
36,13,1,1,3,0,0,0.277777778,0,79,-1,0,0,8,0,1,0,1,1
38,29,0,0,2,0,0,0.0,0,50,6636,225794,0,6,0,0,0,2,0
88,14,1,1,3,0,0,0.170454545,0,36,-1,0,1,16,0,1,3,1,1
29,21,0,1,2,0,0,0.0,0,103,7062,1760637,1,6,0,0,1,2,1
27,17,0,1,2,0,0,0.0,0,0,-1,0,1,6,0,0,1,2,1
101,15,0,0,2,1,0,0.108910891,0,25,8346,1,1,11,1,0,0,2,1
18,11,0,1,2,0,0,0.0,0,206,-1,4639934,0,5,0,0,0,1,0
27,15,0,1,2,0,1,0.0,0,8,7006,0,0,7,0,0,0,1,1
28,15,0,0,2,0,0,0.035714286,0,1,8349,1,1,6,1,0,1,0,0
36,14,0,1,1,1,0,0.027777778,2,34,2357,0,0,7,0,0,1,2,1
53,14,0,1,2,0,0,0.0,0,80,7371,97473,0,9,0,0,0,1,0
66,13,1,1,3,1,0,0.151515152,1,178,5589,0,1,12,0,0,0,1,1
35,26,0,0,2,0,1,0.0,0,14,7295,0,1,6,1,0,0,1,1
27,13,0,0,1,0,0,0.037037037,0,10,968,957082,1,5,0,0,3,1,1
21,13,1,1,3,0,0,0.476190476,0,76,-1,0,0,7,0,1,0,2,1
123,19,0,1,2,0,0,0.056910569,0,139,7380,12752,0,22,0,1,0,2,0
47,18,0,1,3,0,0,0.0,0,25,6723,4971141,1,9,0,0,0,2,0
59,15,0,0,3,1,0,0.033898305,0,99,5280,20776,0,11,0,0,0,2,0
15,4,0,1,1,0,0,0.066666667,0,56,-1,0,1,5,0,0,4,2,1
26,18,0,1,2,0,0,0.0,0,71,8704,2401049,0,6,0,0,1,2,0
82,36,0,0,3,0,1,0.109756098,0,18,5612,0,1,16,0,0,0,1,1
77,16,0,0,2,0,0,0.0,0,101,6216,3181,0,12,0,0,0,0,0
38,13,0,0,3,0,0,0.078947368,1,265,6672,0,1,9,0,0,1,1,1
39,32,0,1,2,0,1,0.0,0,14,7295,0,1,5,1,0,1,1,1
42,15,0,0,2,0,0,0.0,0,377,7266,1103,1,7,0,0,1,0,0
33,19,0,0,2,0,0,0.0,0,97,4805,141041,0,7,0,0,0,0,0
53,36,0,1,2,0,1,0.0,0,11,7296,0,1,10,1,0,1,2,1
44,16,0,1,3,0,0,0.045454545,0,24,3081,1803451,0,9,0,0,0,1,0
23,15,0,1,2,0,0,0.0,0,48,2101,3571542,0,6,0,0,1,1,0
17,10,0,1,1,0,0,0.0,0,35,903,0,0,4,0,0,0,2,0
26,18,0,1,2,0,0,0.0,0,14,2063,1523869,0,6,0,0,1,0,0
129,54,1,1,3,1,0,0.15503876,0,51,3992,5697976,1,20,0,1,0,2,1
42,34,0,1,2,0,0,0.119047619,0,23,808,0,1,8,0,0,1,1,1
52,19,0,1,2,0,0,0.038461538,0,206,6673,6923,1,9,0,0,1,2,0
27,19,0,1,2,0,0,0.037037037,0,12,1846,1306556,0,6,0,0,0,0,0
43,14,0,1,3,0,0,0.139534884,0,291,7159,2320,0,9,0,0,2,2,0
28,20,0,1,2,1,1,0.0,0,174,7297,283040,0,7,1,0,0,2,0
97,21,0,0,3,1,0,0.041237113,1,0,7969,90170,1,16,0,0,0,3,0
28,20,0,1,2,0,0,0.0,0,11,2634,5403,0,6,0,0,0,1,1
27,19,0,1,2,0,0,0.0,0,156,1617,9329560,0,6,0,0,0,2,0
35,19,0,1,3,0,0,0.0,0,45,674,0,1,7,0,0,0,2,1
62,19,0,0,2,0,0,0.0,0,197,8683,65933,0,9,0,0,0,1,0
127,50,1,0,3,1,0,0.188976378,0,4,4003,5816617,1,18,0,1,1,1,1
29,22,0,1,2,0,0,0.068965517,0,12,7359,1052987,1,5,0,0,0,1,1
33,16,0,1,2,0,0,0.0,0,2,4001,31358,1,7,0,0,0,1,1
72,17,0,1,3,0,0,0.083333333,1,174,6344,2659943,0,14,0,0,1,1,0
33,25,0,0,2,0,0,0.0,0,235,4180,1524695,0,5,0,0,0,1,0
40,18,0,1,2,0,0,0.0,0,130,9202,684,0,7,0,0,1,0,0
61,42,0,1,3,0,1,0.016393443,0,21,5616,0,1,11,0,0,0,2,1
51,32,0,1,2,0,0,0.0,0,139,3727,0,0,8,0,0,3,2,0
44,10,0,0,1,0,0,0.0,0,102,9486,400,0,8,0,0,0,0,0
259,12,0,1,2,0,0,0.11969112,0,6,4967,0,1,8,0,0,1,2,1
57,21,0,1,2,0,0,0.0,0,48,2736,0,1,10,0,0,2,1,1
31,22,0,0,2,0,0,0.0,0,37,1259,361430,0,6,0,0,0,2,0
47,15,0,1,3,0,0,0.0,0,30,-1,0,1,9,0,0,0,1,1
93,26,0,1,3,0,0,0.0,0,65,2230,1407776,0,15,0,0,1,2,0
49,18,0,1,2,0,0,0.0,0,96,9201,684,0,8,0,1,1,0,0
22,13,0,0,2,0,0,0.0,0,373,-1,33537,0,6,0,0,0,0,0
45,21,0,0,2,0,0,0.0,0,96,-1,1686483,0,7,0,0,0,0,0
105,29,0,0,2,1,1,0.095238095,2,26,8019,0,1,14,0,0,1,1,1
109,21,0,0,3,0,1,0.064220183,1,81,14,0,0,12,0,0,0,1,1
40,33,0,1,2,0,0,0.0,0,3,4274,0,0,5,0,0,0,2,0
24,5,0,1,1,0,0,0.208333333,1,76,-1,134401,1,5,0,0,3,1,1
37,17,0,1,2,0,0,0.0,0,80,852,0,1,8,0,0,1,1,1
152,13,0,0,2,0,0,0.0,0,17,7422,286,1,26,0,0,0,0,0
124,46,1,0,3,0,0,0.177419355,0,51,3993,5707171,1,19,0,1,0,2,1
35,15,0,1,2,0,0,0.114285714,0,17,6951,0,1,6,0,0,1,1,1
126,50,1,1,3,1,0,0.19047619,0,51,3993,5707171,1,18,0,1,1,2,1
51,24,0,1,3,0,0,0.1372549019999999,0,77,5440,0,1,10,1,0,1,1,0
126,61,1,1,3,0,0,0.373015873,0,51,1656,2576752,1,15,0,1,0,1,1
49,25,0,1,2,0,0,0.0,0,201,6256,689,0,6,0,1,1,2,0
46,17,0,0,2,1,0,0.0,0,51,2879,136805,0,8,0,0,0,1,0
31,16,0,0,2,0,0,0.0,0,127,8520,8,0,6,1,0,0,0,0
45,15,0,1,2,0,0,0.0,0,66,8831,2695,0,9,0,0,1,1,0
36,27,0,0,2,0,0,0.0,0,135,7449,0,0,6,1,0,0,2,0
56,29,0,1,2,0,0,0.089285714,0,79,3232,65403,1,9,0,0,0,2,0
54,19,0,1,2,0,0,0.037037037,0,208,6672,6935,1,9,0,0,1,2,0
76,50,1,1,3,1,0,0.118421053,0,51,3993,5707171,1,10,0,1,1,2,1
29,20,0,0,2,0,0,0.0,0,18,1991,4019018,0,6,0,0,0,2,0
70,16,0,0,2,1,0,0.057142857,0,1,8348,1,1,11,1,0,1,1,1
22,14,1,1,3,0,0,0.5,0,34,-1,0,0,7,0,1,2,1,1
46,38,0,1,2,0,0,0.0,0,17,5230,0,0,6,0,0,1,1,0
53,15,0,1,2,0,0,0.0,0,247,5883,181,0,10,0,0,1,1,0
105,20,0,1,3,0,0,0.00952381,1,74,4097,0,1,16,0,1,1,2,1
64,18,1,0,2,0,0,0.203125,0,1,7685,10053,0,11,0,1,0,2,0
29,20,0,0,2,0,0,0.0,0,529,3097,500444,0,6,0,0,0,2,0
47,18,0,1,3,0,0,0.0,0,50,7403,2112,0,8,0,0,1,1,0
126,61,1,1,3,0,0,0.30952381,0,37,1658,2580873,1,15,0,1,0,2,1
37,28,0,0,2,0,0,0.0,0,71,7448,0,0,6,1,0,0,2,0
42,20,0,0,2,0,0,0.0,0,144,9247,1299,0,8,0,0,1,2,0
15,8,0,1,1,0,0,0.0,0,228,1617,0,0,4,0,0,1,1,0
44,13,1,1,3,0,0,0.159090909,0,0,2595,253010,0,8,0,0,1,3,0
71,23,0,1,3,1,0,0.0,1,0,8705,974180,0,12,0,0,0,3,0
72,25,0,0,2,0,0,0.027777778,0,41,6028,0,1,10,0,0,1,1,1
48,24,0,0,3,0,0,0.0,1,141,8125,6897,1,8,0,0,1,2,0
29,22,0,1,2,0,1,0.068965517,0,169,5200,0,0,6,0,0,0,2,0
71,17,1,0,2,0,0,0.211267606,0,269,6693,3855,0,10,0,0,0,2,0
32,24,0,1,2,0,1,0.03125,0,102,7299,2384422,0,6,1,0,0,1,0
59,18,1,1,2,0,0,0.389830508,0,0,4942,0,1,7,0,0,0,2,1
55,28,0,1,2,0,0,0.0,1,1,5257,30484,1,7,0,0,1,1,1
26,17,0,0,2,0,0,0.0,0,14,1341,0,0,6,0,0,0,2,0
32,12,0,1,2,0,0,0.0,1,0,6036,0,1,8,0,0,0,2,1
34,26,0,1,2,0,0,0.0,0,84,3876,1903447,0,6,0,0,1,2,0
115,12,1,1,3,0,0,0.156521739,0,54,134,4970516,1,20,0,0,2,1,0
33,14,0,0,2,0,0,0.151515152,0,0,1954,4403,1,6,0,0,0,2,1
74,20,0,1,3,0,0,0.067567568,1,75,8350,1309,0,12,0,0,1,2,0
77,23,1,1,1,0,0,0.181818182,0,30,5767,0,1,7,0,0,1,1,1
18,11,0,1,1,0,0,0.0,0,184,4174,0,0,4,0,0,0,2,0
62,22,0,1,2,1,0,0.048387097,0,154,7881,436856,0,9,0,0,0,2,0
56,17,0,1,2,0,0,0.0,0,9,6400,92162,1,10,0,0,1,1,0
53,44,1,0,3,0,1,0.169811321,0,0,5627,0,1,11,0,1,0,2,1
27,15,0,1,1,0,0,0.0,0,164,6879,8580,0,5,0,0,1,2,0
84,59,0,1,3,0,0,0.047619048,1,0,8427,0,1,14,1,0,0,2,1
56,18,0,1,1,1,0,0.0,3,17,1396,0,1,10,0,0,1,0,1
552,25,1,0,3,0,1,0.358695652,1,12,6588,30,1,69,1,1,0,2,0
110,13,0,0,2,0,0,0.054545455,0,120,10106,1103,0,23,0,0,0,1,0
102,15,1,1,1,1,0,0.156862745,3,88,2046,0,1,12,0,0,1,1,1
32,24,0,1,2,0,1,0.0,0,157,2447,458809,0,6,0,0,1,2,0
99,30,0,0,3,0,0,0.101010101,0,0,7446,383,1,17,1,0,0,3,0
19,10,0,0,2,0,0,0.0,0,160,9557,19025,0,6,0,0,0,1,0
34,13,0,1,2,0,0,0.088235294,0,51,3895,817468,0,8,0,0,1,3,0
103,18,0,1,2,0,0,0.067961165,0,115,2660,46690,0,17,0,1,1,2,0
45,8,0,1,1,0,0,0.133333333,0,0,3783,9280076,1,11,0,0,0,2,1
31,24,0,1,2,0,1,0.032258065,0,14,7295,0,0,5,1,0,1,1,1
24,15,0,0,2,0,0,0.0,0,321,2175,57991,0,6,0,0,0,2,0
76,31,0,0,3,1,0,0.092105263,2,11,-1,0,1,12,0,0,0,1,1
393,12,1,1,3,0,0,0.040712468,3,21,-1,0,1,90,1,1,2,2,1
45,17,0,1,1,1,0,0.0,0,32,2851,877707,0,7,0,0,1,2,1
36,28,0,1,2,1,0,0.0,0,112,3433,354815,0,7,0,0,0,1,1
409,25,1,1,3,0,0,0.202933985,0,4,4112,7751,1,28,0,0,3,2,1
76,68,0,1,3,0,0,0.144736842,1,0,2961,277981,1,14,0,0,1,2,1
24,17,0,1,2,0,0,0.0,0,13,2695,1618926,0,5,1,0,0,1,0
49,15,0,1,2,0,0,0.0,1,56,8501,98267,0,10,0,0,1,2,0
40,13,0,1,3,0,0,0.125,0,0,-1,122136,1,10,0,0,1,3,0
29,20,0,0,2,0,0,0.0,0,54,2872,239843,0,6,0,0,0,2,0
22,15,0,1,2,0,0,0.0,0,12,7446,6418275,1,5,0,0,0,1,1
34,15,0,0,1,0,0,0.0,0,201,7655,433,0,6,0,0,0,2,0
121,57,1,0,2,0,0,0.140495868,2,45,101,0,1,16,0,0,0,1,1
64,10,0,1,3,1,0,0.0,0,53,-1,2624,1,11,0,0,2,2,0
38,29,0,0,2,0,0,0.0,0,51,2689,2505693,0,6,0,0,0,2,0
25,12,0,0,1,0,0,0.16,0,20,2063,1592351,1,6,0,0,0,0,0
50,20,0,1,2,1,1,0.0,2,56,2193,0,1,8,0,0,1,2,1
89,16,0,1,2,1,0,0.0,6,13,2255,0,1,15,0,0,0,2,1
58,28,0,1,2,0,1,0.0,0,98,7616,2190,0,8,0,0,1,1,0
29,22,0,1,2,0,1,0.0,0,148,7296,0,0,5,1,0,0,1,0
30,21,0,0,2,1,1,0.0,0,95,4638,0,0,7,0,0,0,2,0
71,16,1,1,3,1,0,0.098591549,0,222,8276,6078,1,12,0,0,2,0,0
44,35,0,0,2,0,1,0.0,0,5,7296,0,1,6,1,0,0,1,1
58,16,0,1,3,0,0,0.0,0,78,6137,28754,0,10,0,0,1,1,0
56,47,0,0,2,0,0,0.0,0,112,7447,0,0,6,1,0,0,1,0
42,34,0,1,2,0,0,0.0,1,0,-1,0,1,8,0,0,0,2,1
36,13,0,1,3,0,0,0.027777778,0,75,-1,37698,0,8,0,0,1,1,0
38,30,0,1,2,0,0,0.0,0,48,7667,1715671,0,6,0,0,1,1,0
33,24,1,0,2,0,1,0.242424242,0,5,7296,0,1,6,1,0,0,2,1
35,27,0,1,2,0,0,0.0,0,30,-1,0,1,6,0,0,1,2,1
47,38,0,0,2,1,0,0.0,1,47,-1,77586,1,7,0,0,0,1,1
26,17,0,0,2,0,0,0.0,0,231,1951,4130164,0,6,0,0,0,1,0
29,14,0,1,2,0,0,0.034482759,0,28,2881,5754,1,6,0,0,0,0,1
32,23,0,0,2,0,0,0.0,0,29,1776,352628,0,6,0,0,0,1,0
67,10,0,1,1,0,0,0.029850746,0,0,33,7066606,0,14,0,1,0,2,0
27,18,0,0,2,0,0,0.0,0,56,4724,942542,0,6,0,0,0,2,0
106,22,0,1,3,1,0,0.047169811,3,0,502,0,1,17,0,0,0,0,1
70,25,0,1,1,1,0,0.028571429,0,148,5304,0,0,12,0,0,1,2,0
163,15,0,0,1,1,0,0.122699387,2,0,23,0,1,21,0,0,0,2,1
31,22,0,0,2,0,0,0.0,0,101,7449,7720996,0,6,1,0,0,1,0
85,16,0,1,2,1,0,0.0,2,29,-1,3101079,0,14,0,0,0,2,1
44,22,0,0,3,1,0,0.0,1,18,2767,0,1,9,0,0,0,2,1
54,14,0,1,1,0,0,0.0,0,0,-1,0,1,7,0,0,2,2,1
54,19,0,0,3,0,0,0.0,0,106,12794,2414,0,9,0,0,0,1,0
29,20,0,0,2,1,0,0.0,0,293,-1,1436826,0,7,0,0,0,1,0
38,7,0,0,1,0,0,0.0,0,28,8121,4539,0,8,0,0,0,0,0
20,12,0,1,2,0,0,0.0,0,408,4054,477177,0,6,0,0,0,1,0
27,19,0,1,2,0,0,0.0,0,138,-1,501073,0,6,0,0,1,2,0
22,6,0,0,1,0,1,0.1363636359999999,0,11,-1,3523,1,5,0,0,2,1,1
63,18,0,0,2,0,0,0.0,0,118,9172,617,0,9,0,0,0,0,0
73,25,0,1,3,0,0,0.0,0,72,6560,1220306,1,10,0,0,2,1,0
81,27,1,1,2,0,0,0.296296296,0,30,5767,0,1,8,0,0,1,1,1
216,18,1,1,2,0,0,0.333333333,1,5,4873,0,1,17,0,0,0,1,1
83,16,0,0,2,0,0,0.084337349,1,10,8348,1,1,12,1,0,0,0,1
30,21,0,0,2,0,0,0.0,0,96,4660,528300,0,6,0,0,0,1,0
25,16,0,0,2,0,0,0.0,0,105,7143,1195221,0,6,0,0,0,1,0
38,19,0,0,2,0,1,0.078947368,1,153,1433,6064147,1,7,0,0,0,2,1
68,17,0,1,3,1,0,0.0,1,2,7409,4044493,0,13,0,0,0,1,1
71,35,0,1,2,0,0,0.14084507,0,0,1304,0,1,9,0,0,0,2,1
23,11,0,0,1,0,0,0.043478261,0,25,7490,63,0,5,1,0,0,2,0
37,14,0,1,2,0,0,0.0,2,4,-1,0,1,8,0,0,1,1,1
28,19,0,0,2,0,0,0.0,0,65,2070,3078052,0,6,0,0,0,1,0
43,34,0,0,2,0,0,0.0,0,2,4386,0,1,8,0,0,0,1,1
36,7,0,0,1,0,0,0.0,0,73,2247,13779,0,7,0,0,0,0,0
50,42,0,1,3,0,0,0.0,0,38,625,0,0,8,0,0,1,1,1
44,36,0,1,3,0,1,0.0,0,29,7298,0,1,7,1,0,1,2,1
128,50,1,0,3,1,0,0.1640625,0,4,4004,5828815,1,19,0,1,1,1,1
58,19,0,1,3,0,0,0.0,0,66,8685,431469,0,10,0,0,1,2,0
66,17,0,0,2,0,0,0.0,0,10,3040,319620,0,10,0,0,0,1,0
241,63,1,1,3,0,0,0.199170124,0,0,-1,0,1,25,0,1,1,2,1
44,18,0,1,2,0,0,0.0,0,96,9201,684,0,7,0,0,1,0,0
18,9,0,0,1,0,0,0.0,0,65,1001,0,0,5,0,0,1,0,0
39,14,0,1,2,0,0,0.0,0,0,304,0,1,8,0,0,0,2,1
46,17,0,0,3,0,0,0.02173913,0,1039,7431,195,0,9,0,0,0,1,0
51,22,0,0,3,0,0,0.0,1,1,5504,97555,1,9,0,0,1,1,1
25,17,0,1,2,0,0,0.0,0,62,2288,0,0,6,0,0,0,1,0
37,24,0,0,2,0,0,0.0,0,61,5159,0,0,9,1,0,0,2,0
52,16,0,1,3,0,0,0.0,0,388,2911,8734,0,9,0,0,1,1,0
26,17,0,0,2,0,0,0.0,0,93,7461,541226,0,6,0,0,0,0,0
25,16,0,0,2,0,0,0.0,0,4,3098,239553,0,6,0,0,0,0,0
34,13,0,0,1,1,0,0.0,0,4,289,0,1,8,0,0,1,1,1
56,17,0,0,3,0,1,0.0,0,23,36,0,1,11,0,0,0,1,1
32,12,0,1,1,1,0,0.0,0,30,2899,492072,0,7,0,0,0,2,0
26,17,0,0,2,1,0,0.0,0,0,561,0,1,7,0,0,0,1,1
77,23,1,1,1,0,0,0.298701299,0,30,5767,0,1,7,0,0,1,1,1
57,21,0,1,2,0,0,0.175438596,0,0,2361,0,1,9,0,0,0,2,1
59,41,0,1,3,0,1,0.050847458,3,22,5615,5518403,1,11,0,0,0,2,1
102,15,1,1,1,1,0,0.225490196,3,123,2048,0,1,12,0,0,1,2,1
39,13,0,1,1,0,0,0.076923077,0,46,2136,0,1,8,0,0,0,1,1
35,23,0,0,2,1,1,0.0,0,26,-1,0,0,8,0,0,0,1,0
28,20,0,1,2,0,0,0.0,0,98,142,0,0,6,0,0,0,0,1
30,23,0,1,2,0,1,0.1,0,14,7295,0,1,5,1,0,1,1,1
101,24,0,1,2,0,0,0.0,0,65,4843,5881,0,18,0,1,1,2,0
30,23,0,1,3,0,0,0.0,0,97,-1,0,0,6,0,0,0,2,0
44,35,0,0,3,0,1,0.1363636359999999,0,18,5614,0,1,10,0,0,0,2,1
39,22,0,0,1,0,0,0.0,0,0,-1,0,1,6,0,0,0,2,1
90,23,0,1,3,0,0,0.055555556,0,63,11046,545,0,12,0,0,1,1,0
34,15,0,1,1,0,0,0.0,0,55,3245,0,1,7,0,0,1,0,1
36,11,0,1,2,1,0,0.194444444,2,0,-1,0,1,9,0,0,0,2,1
37,16,0,0,2,0,0,0.0,0,1171,7132,12,0,7,1,0,0,1,0
39,17,0,1,2,0,0,0.0,0,257,9188,317,0,7,0,0,1,0,0
42,33,0,0,3,0,0,0.0,0,5,-1,0,1,8,0,0,0,1,1
48,20,0,1,2,0,0,0.0,0,66,-1,0,1,10,0,0,0,2,1
75,12,0,1,2,1,1,0.0,4,25,-2,0,1,19,0,1,0,1,1
25,16,0,0,2,0,0,0.0,0,112,-1,968021,0,6,0,0,0,0,0
50,20,0,1,3,0,0,0.0,0,37,2686,189942,0,8,0,0,1,1,0
92,17,0,1,3,0,0,0.032608696,1,0,-1,2620554,1,15,0,0,0,2,1
31,24,0,1,2,0,1,0.032258065,0,14,7295,0,1,5,1,0,1,1,1
25,18,0,1,1,0,0,0.0,0,1,-1,0,0,4,0,0,0,1,0
41,33,0,1,3,0,1,0.0,0,103,7189,481145,1,9,0,0,1,2,1
22,14,0,1,2,0,0,0.0,0,11,3071,138987,0,6,0,0,0,2,0
76,15,1,1,2,0,0,0.263157895,0,0,5850,0,1,11,0,0,0,2,1
40,14,0,1,1,0,0,0.0,0,136,5411,6098,0,6,0,0,2,2,0
51,32,0,0,3,0,0,0.058823529,1,203,1546,4669,1,7,0,0,0,2,1
60,14,0,0,2,0,0,0.0,0,77,-1,575464,0,12,0,0,0,1,0
33,25,0,1,2,0,0,0.0,0,92,2026,0,0,6,0,0,1,2,0
131,23,1,0,2,0,0,0.1755725189999999,0,22,5,0,1,14,0,0,0,1,1
68,15,0,1,2,1,0,0.0,2,12,1256,0,1,12,0,0,0,2,1
51,22,1,1,2,0,0,0.215686275,0,40,5681,0,1,8,0,0,0,1,1
45,17,0,1,2,0,0,0.066666667,0,142,7795,7716858,1,9,0,0,4,2,1
67,16,0,0,2,0,0,0.0,0,47,6891,90969,0,11,0,1,0,1,0
24,15,0,0,2,0,0,0.0,0,45,-1,3161182,0,6,0,0,0,2,0
92,15,1,1,3,0,0,0.184782609,0,1,2414,0,1,13,0,0,1,2,1
34,27,0,1,2,0,0,0.0,0,103,7051,1222496,1,6,0,0,1,2,1
54,13,0,1,2,0,0,0.092592593,0,302,9227,767,1,10,0,0,2,1,0
40,33,0,1,2,0,1,0.0,0,14,7295,0,1,5,1,0,1,1,1
70,17,0,1,2,0,0,0.014285714,0,121,5132,1310,0,13,0,0,1,1,0
18,4,0,1,1,0,1,0.055555556,0,6,-1,36284,1,5,0,0,0,1,1
126,50,1,1,3,1,0,0.166666667,0,51,3993,5707171,1,18,0,1,1,2,1
24,16,0,1,3,0,0,0.0,0,27,6149,878731,0,7,0,0,0,0,0
54,15,1,0,2,0,0,0.240740741,0,64,4672,90,0,7,1,0,0,0,0
66,20,0,0,3,0,0,0.0,0,273,6133,1671,0,12,0,0,0,2,0
29,20,0,0,2,0,0,0.0,0,102,5577,0,0,6,0,0,0,2,0
22,13,0,0,2,0,0,0.1363636359999999,0,16,806,45133,1,6,0,1,0,1,1
78,16,1,1,2,1,0,0.08974359,0,65,3578,235023,1,12,0,0,1,1,0
98,16,0,1,3,1,0,0.0,4,0,2335,0,1,15,0,0,1,2,1
44,14,1,1,3,0,0,0.159090909,0,345,7156,2272,0,9,0,0,2,1,0
124,46,1,0,3,0,0,0.193548387,0,51,3993,5707171,1,19,0,1,0,2,1
45,16,0,0,2,0,0,0.0,0,427,7134,12,0,10,1,0,0,1,0
48,28,0,0,3,0,1,0.0625,0,19,5613,0,1,9,0,0,0,2,1
28,6,0,1,1,0,1,0.0,0,82,-1,3514,1,5,0,0,2,0,1
63,26,0,1,3,0,0,0.0,0,105,7522,10631,0,9,0,0,0,1,0
58,16,0,0,2,0,0,0.0,0,225,2939,1650,0,9,0,0,1,1,0
51,42,1,0,2,0,1,0.294117647,0,18,5626,0,1,10,0,1,0,1,1
23,15,0,1,2,0,0,0.0,0,129,4372,83478,0,6,0,0,1,0,0
23,15,0,1,2,0,0,0.173913043,0,0,1739,0,0,6,0,0,0,2,0
58,21,0,1,2,0,1,0.0,0,73,7615,2188,0,10,0,0,1,1,0
54,11,0,0,2,0,1,0.148148148,0,58,7828,383,1,7,0,0,0,0,1
392,11,1,1,3,0,0,0.038265306,3,21,-1,0,1,90,1,1,2,2,1
78,17,1,1,1,1,0,0.08974359,0,157,-2,11543,1,15,0,0,1,2,0
57,17,0,0,2,0,0,0.035087719,1,128,4655,47859,1,11,0,0,1,1,0
46,37,0,0,3,0,1,0.130434783,0,21,5627,0,1,10,0,0,0,2,1
43,25,0,0,3,0,1,0.0,0,83,5612,0,1,9,0,0,0,2,1
51,14,1,0,3,0,0,0.196078431,0,0,421,10587379,0,10,0,0,0,2,1
53,20,0,1,2,0,0,0.056603774,0,121,6499,6366077,1,9,0,0,2,2,1
57,40,0,1,3,0,0,0.035087719,0,4,-1,0,1,9,0,0,1,1,1
30,21,0,0,2,0,0,0.0,0,108,5379,164944,0,6,0,0,0,2,0
46,14,0,1,2,0,0,0.043478261,0,0,-1,238599,0,9,0,0,1,3,0
192,11,1,0,3,0,0,0.552083333,0,20,-1,0,1,37,0,0,0,2,1
18,9,0,0,1,0,0,0.0,0,99,4597,39904,0,5,0,0,0,2,0
33,24,0,0,1,0,0,0.0,0,32,-1,0,1,5,0,0,1,2,1
22,13,0,0,2,0,0,0.0,0,3,3897,3198682,0,6,0,0,0,1,0
28,19,0,0,2,0,0,0.0,0,224,5302,3156171,0,6,0,0,0,2,0
28,21,0,1,2,0,0,0.0,0,366,5905,0,0,5,0,0,0,2,0
77,47,0,0,3,0,0,0.0,1,4,3024,0,1,9,0,0,1,1,1
64,16,0,0,3,0,0,0.03125,0,0,3519,0,1,11,0,0,0,1,1
58,24,0,1,3,0,0,0.0,0,66,4323,186860,0,8,0,0,1,2,0
47,16,0,0,3,0,0,0.021276596,0,87,6134,28448,0,12,0,0,0,1,1
17,8,0,0,1,0,0,0.0,0,62,7640,3012018,0,5,0,0,0,1,0
68,12,1,1,3,0,0,0.102941176,0,160,7922,5561,0,12,0,0,2,1,0
21,12,0,0,2,0,0,0.0,0,349,-1,7683629,0,6,0,0,0,2,0
172,20,1,1,3,0,0,0.25,2,10,-1,0,1,21,0,0,0,1,1
19,12,0,1,2,0,0,0.0,0,59,4680,3802734,0,5,0,0,0,0,0
50,18,0,1,3,0,0,0.0,2,5,1576,69572,1,8,0,0,1,1,1
58,40,0,0,3,0,1,0.0,0,22,5627,0,1,11,0,0,0,2,1
78,69,1,0,3,0,1,0.115384615,1,0,5626,0,1,10,0,0,0,2,1
61,16,0,1,2,0,1,0.0,0,38,5197,8913,1,12,0,0,2,0,0
28,19,0,0,2,0,0,0.0,0,71,3633,1684103,0,6,0,0,0,2,0
21,14,0,1,1,0,0,0.0,0,72,-1,0,0,4,0,0,0,2,0
44,27,0,1,2,0,0,0.0,0,41,7584,969,0,6,0,0,1,2,0
46,38,0,1,2,0,1,0.0,0,48,7299,0,1,6,1,0,0,2,0
32,24,0,1,2,0,0,0.0625,0,26,-1,0,1,6,0,0,0,1,1
34,26,0,1,2,1,0,0.0,1,47,-1,77586,1,7,0,0,1,1,1
187,20,1,1,3,1,0,0.203208556,1,18,1244,0,1,24,0,0,0,2,1
66,11,0,1,3,0,0,0.090909091,1,15,-1,4436986,1,12,0,0,1,2,1
70,31,0,1,3,0,0,0.028571429,0,1,7083,17964,1,13,0,1,0,2,1
25,12,0,1,2,0,0,0.08,0,0,-1,549875,1,7,0,0,1,2,1
54,11,0,0,2,0,1,0.148148148,0,58,7826,386,1,7,0,0,0,0,1
42,34,0,1,2,0,0,0.0,0,65,3630,426586,0,8,0,0,0,1,0
62,17,0,1,2,0,0,0.0,0,68,3329,197818,0,11,0,0,1,2,0
77,23,1,1,1,0,0,0.285714286,0,30,5767,0,1,7,0,0,1,1,1
74,39,0,1,3,1,0,0.081081081,0,3,11,0,1,11,0,0,1,1,1
128,50,1,0,3,1,0,0.171875,0,51,3992,5707171,1,19,0,1,0,2,1
123,46,1,0,3,0,0,0.227642276,0,51,3992,5697976,1,18,0,1,1,2,1
43,15,0,1,3,0,0,0.0,0,12,6465,78752,0,8,0,0,1,1,0
29,20,1,0,2,0,0,0.0,0,163,8724,229749,0,6,0,0,0,2,0
91,25,0,1,3,1,0,0.065934066,0,35,4097,52421,0,16,0,0,1,2,0
25,16,0,0,2,0,0,0.0,0,880,2850,9128298,0,6,0,0,0,1,0
103,17,0,1,3,0,0,0.0,0,12,3453,378322,1,16,0,0,0,1,0
24,15,0,0,1,0,0,0.0,0,25,3569,0,0,5,0,0,0,1,0
260,11,0,0,3,0,0,0.146153846,1,9,755,0,1,13,0,1,0,1,1
163,19,0,1,3,1,0,0.012269939,2,0,2922,7947816,1,26,0,1,0,2,1
49,14,0,1,3,0,0,0.0,0,146,7983,348,1,10,1,0,1,1,0
25,17,0,1,2,0,0,0.0,0,11,4886,1421754,0,6,0,0,1,0,0
34,25,0,0,2,0,1,0.0,0,10,7295,0,1,6,1,0,0,1,1
70,16,0,1,3,1,0,0.0,4,16,2507,0,1,14,1,0,0,1,1
44,11,0,1,2,0,0,0.0,0,0,3727,0,1,8,0,0,0,2,1
76,16,0,1,3,0,1,0.0,0,1,2403,819233,0,14,0,1,0,1,1
21,12,0,0,2,0,0,0.0,0,19,-1,1882458,0,6,0,0,0,0,0
65,24,0,1,3,0,0,0.0,0,30,4489,0,0,10,0,0,1,1,0
35,26,0,0,2,0,0,0.0,0,4,2563,106157,0,6,0,0,0,2,0
53,19,0,0,3,0,0,0.037735849,0,164,6377,7962,0,12,0,0,2,1,0
77,28,1,0,2,0,0,0.181818182,1,15,1079,0,1,8,0,0,0,2,1
25,16,0,0,2,0,0,0.0,0,128,5971,402341,0,6,0,0,0,0,0
229,8,1,0,3,1,0,0.096069869,0,10,59,0,1,42,0,1,0,1,1
43,12,0,1,3,0,0,0.046511628,0,19,12349,7863,0,9,0,0,0,2,0
71,22,0,1,3,0,0,0.0,0,0,432,0,1,11,0,0,0,2,1
49,28,0,1,2,1,0,0.0,2,4,471,0,1,9,0,0,1,1,1
44,24,0,0,3,0,0,0.0,0,0,797,0,1,7,0,0,0,2,1
66,14,0,0,3,0,0,0.090909091,0,28,5924,11475,0,13,0,0,0,1,0
56,29,0,1,2,0,0,0.053571429,0,103,6831,0,1,9,0,0,1,2,1
39,17,0,0,2,0,0,0.0,0,215,8632,49662,1,7,0,0,1,2,1
42,14,0,1,3,0,0,0.119047619,0,322,7156,2272,1,9,0,0,2,1,0
24,15,0,0,2,0,0,0.0,0,43,-1,846675,0,6,0,0,0,0,0
31,22,0,0,2,0,1,0.0,0,25,1041,71037,0,6,0,0,0,1,0
113,15,1,1,2,0,0,0.079646018,0,146,5339,11068,0,19,0,0,1,2,0
113,15,0,0,2,0,0,0.053097345,1,29,8347,1,1,16,1,0,0,2,1
33,16,0,0,2,0,0,0.03030303,0,1768,7133,12,0,7,1,0,0,1,0
29,20,0,0,2,0,1,0.0,0,17,8414,1217435,0,6,0,0,0,2,0
81,33,0,0,3,0,0,0.074074074,0,0,7447,385,1,14,1,0,0,3,0
30,21,0,0,2,0,0,0.0,0,0,5159,0,1,6,1,0,0,2,1
49,18,0,1,3,0,0,0.0,0,6,3123,0,1,9,0,0,0,1,1
60,13,0,0,2,0,0,0.0,0,17,7419,285,0,12,0,0,0,0,0
22,13,0,0,2,0,0,0.0,0,16,805,45133,1,6,0,0,0,1,1
260,12,0,0,2,0,0,0.119230769,0,6,4967,0,1,8,0,0,0,2,1
47,16,0,1,2,1,0,0.0,0,86,-1,0,1,11,0,0,3,1,1
32,23,0,0,3,0,0,0.0,0,28,-1,2729451,0,7,0,0,1,0,0
21,9,0,0,2,0,0,0.0,0,59,7951,14198,0,7,0,0,0,2,0
38,12,0,1,1,1,0,0.0,0,27,5001,6798,0,8,0,0,1,2,0
33,25,0,1,2,1,0,0.090909091,0,0,51,0,0,7,0,0,0,2,1
31,23,0,1,2,0,1,0.0,0,103,7057,1695125,1,6,0,0,1,2,1
37,17,0,1,1,0,0,0.0,0,10,909,0,1,6,0,0,1,2,1
86,17,0,0,3,1,0,0.058139535,0,28,134,0,1,12,0,0,0,1,1
126,50,1,1,3,1,0,0.174603175,0,51,3992,5697976,1,18,0,1,1,2,1
87,18,0,0,1,0,0,0.057471264,0,54,7477,23196,1,14,0,0,2,2,0
25,16,0,0,1,0,0,0.0,0,20,1341,1249366,0,5,0,0,0,1,1
53,35,1,1,3,0,1,0.264150943,2,21,5615,0,1,9,0,0,0,2,1
45,13,0,1,2,0,0,0.0,0,169,6069,14592,0,11,0,0,1,1,0
154,44,1,1,3,0,0,0.474025974,0,8,4407,0,1,13,1,0,0,1,1
40,16,0,0,2,0,0,0.0,0,53,8519,8,0,6,1,0,0,2,0
38,25,0,1,2,0,0,0.210526316,0,8,1338,22211,1,6,0,1,1,0,1
28,19,0,0,3,0,0,0.0,0,91,-1,1573272,0,8,0,0,0,0,0
31,23,0,1,2,0,0,0.0,0,28,7202,461958,1,6,0,0,0,2,1
58,25,0,1,2,0,0,0.0,0,258,3094,0,1,9,0,0,2,1,0
18,10,0,1,2,0,0,0.0,0,17,5834,22855,0,6,0,0,1,1,0
76,50,1,1,3,1,0,0.078947368,0,51,3993,5707171,1,10,0,1,1,2,1
77,23,1,1,1,0,0,0.220779221,0,30,5767,0,1,7,0,0,1,1,1
95,37,0,0,3,1,0,0.052631579,1,7,3013,433072,1,12,0,0,1,0,1
27,18,0,0,2,0,0,0.0,0,76,8493,158628,0,6,0,0,0,2,0
56,16,0,1,2,1,0,0.0,4,0,2567,0,1,11,0,0,0,2,1
30,22,0,1,2,0,0,0.0,0,93,2118,0,0,6,0,0,1,2,0
39,16,0,0,2,0,1,0.0,0,50,3890,173,1,7,1,0,1,0,0
48,28,0,1,1,0,0,0.0,0,7,-1,0,1,7,0,0,0,1,1
36,20,0,1,2,0,0,0.0,0,0,1750,0,1,8,0,0,0,2,1
85,39,0,0,2,0,0,0.070588235,0,5,4400,0,1,9,0,0,0,1,1
46,24,0,1,2,1,1,0.0,0,55,4079,767,0,9,0,0,1,1,0
96,30,0,1,2,0,0,0.0,0,84,6122,14353,0,13,0,0,1,2,0
31,24,0,1,2,0,1,0.032258065,0,13,7295,0,1,5,1,0,1,1,1
72,17,0,1,1,0,0,0.083333333,0,51,8020,8126,0,14,0,1,1,0,0
41,32,0,0,2,0,1,0.0,0,209,7297,0,0,6,1,0,0,2,0
439,14,1,1,3,0,0,0.5307517079999999,0,0,-1,0,1,18,0,0,0,2,1
44,35,0,0,2,0,0,0.0,0,20,6382,0,1,9,1,0,1,2,1
73,23,0,1,2,0,0,0.0821917809999999,0,416,7002,0,1,12,0,1,2,2,0
32,24,0,0,2,0,1,0.125,0,14,7295,0,1,5,1,0,0,1,1
42,19,0,1,2,0,0,0.023809524,0,0,6964,8438897,0,9,0,0,1,1,0
38,30,0,1,3,1,0,0.0,0,0,66,0,1,9,0,1,0,2,1
48,13,0,1,3,0,0,0.0,0,31,5575,126204,0,9,0,0,0,1,0
19,11,0,1,2,0,0,0.210526316,0,45,1658,0,1,6,0,0,0,2,1
54,11,0,0,2,0,1,0.148148148,0,58,7827,383,1,7,0,0,0,0,1
116,42,1,1,3,0,0,0.206896552,0,4,4003,5828815,1,17,0,1,1,1,1
101,37,1,1,2,0,0,0.207920792,0,33,2105,0,1,10,0,0,0,2,1
48,21,0,0,1,0,0,0.0,0,579,674,0,1,7,0,0,2,2,1
57,23,0,0,2,1,0,0.035087719,0,247,7839,607,1,10,0,0,0,0,0
21,14,0,1,1,0,0,0.0,0,93,-1,9127641,0,4,0,0,1,1,0
120,42,1,0,3,0,0,0.175,0,51,3993,5707171,1,18,0,1,0,2,1
25,16,0,0,2,0,0,0.0,0,277,2165,4808269,0,6,0,0,0,1,0
32,21,0,1,2,0,0,0.0,0,8,-1,0,1,7,0,0,0,1,1
25,16,0,0,2,0,0,0.0,0,105,-1,1311383,0,6,0,0,0,1,0
111,20,1,1,3,1,0,0.108108108,3,185,495,0,1,15,0,0,2,2,1
66,13,1,0,2,0,0,0.272727273,0,8,1953,4365,1,9,0,0,0,2,1
48,16,0,1,1,1,0,0.0,0,80,5160,0,1,8,0,0,1,2,1
23,13,0,1,2,0,0,0.0,0,0,4979,315959,1,6,0,0,1,2,1
127,50,1,0,3,1,0,0.149606299,0,4,4003,5816617,1,18,0,1,1,1,1
24,15,0,0,2,0,0,0.0,0,241,-1,4231178,0,6,0,0,0,2,0
47,15,0,1,1,1,1,0.0,3,5,460,0,1,8,0,0,1,1,1
46,37,0,0,2,0,1,0.0,0,228,7298,0,0,8,1,0,0,2,0
69,26,0,1,3,0,0,0.0,0,140,8047,1577,0,11,0,1,1,0,0
37,30,0,1,2,0,1,0.0,0,145,7298,0,0,5,1,0,0,2,0
63,18,0,1,2,0,0,0.0,0,17,-1,0,1,12,0,0,3,1,1
30,21,0,0,2,0,0,0.0,0,62,1667,1271150,0,6,0,0,0,1,0
43,16,0,0,3,0,0,0.0,0,125,-1,487846,1,8,0,0,0,3,0
32,16,0,0,1,0,0,0.0,1,12,235,0,1,6,0,0,0,2,1
50,24,0,1,3,0,0,0.0,0,85,5205,26730,0,7,0,0,1,2,0
44,15,0,1,3,0,0,0.1363636359999999,0,921,7159,2320,0,9,0,1,1,2,0
27,18,0,0,2,0,0,0.0,0,52,7979,1092378,0,6,0,0,0,0,0
105,22,0,0,2,1,1,0.038095238,0,26,8019,0,1,18,0,0,1,1,1
45,31,1,1,3,1,0,0.2,0,35,-1,921397,1,8,0,1,1,2,1
32,24,0,1,2,1,1,0.0,0,13,7298,0,1,7,1,0,0,2,0
57,15,0,1,2,0,0,0.0,0,66,8829,2619,0,13,0,0,1,1,0
21,12,0,0,2,0,1,0.0,0,171,-1,927106,0,6,0,0,0,1,0
155,19,1,0,3,1,0,0.187096774,2,88,347,0,1,18,0,1,0,2,1
21,13,1,1,3,0,0,0.476190476,0,4,-1,0,1,7,0,1,2,1,1
47,17,0,1,2,0,0,0.063829787,1,78,-1,3396059,1,7,0,0,1,3,1
36,14,0,1,2,0,0,0.027777778,0,0,636,0,1,8,0,0,0,2,1
65,26,0,1,2,0,0,0.0,0,11,2426,7686483,0,10,0,0,0,1,0
23,16,0,1,2,0,0,0.0,0,56,7582,0,0,5,0,0,1,0,0
46,37,0,0,2,0,1,0.043478261,0,11,7296,0,1,8,1,0,0,2,1
31,22,0,0,2,0,0,0.0,0,126,7454,244228,0,6,0,0,0,0,0
54,14,1,1,2,0,0,0.240740741,0,0,4377,0,1,6,0,0,1,2,1
30,21,0,0,2,0,0,0.0,0,106,7448,971074,0,6,1,0,0,2,0
63,13,0,1,2,0,0,0.0,0,168,8375,31104,1,12,0,0,2,0,0
65,20,0,1,2,0,0,0.0,1,61,2406,3688278,0,11,0,0,0,1,0
65,48,0,1,3,0,0,0.092307692,1,33,1547,4639,1,7,0,0,0,2,1
136,13,1,1,3,0,0,0.183823529,1,9,31,0,1,16,0,1,1,1,1
45,37,0,1,2,1,1,0.0,1,36,7621,56198,0,7,0,0,0,1,1
48,32,0,1,3,0,0,0.0,0,0,-1,1429135,1,8,0,0,0,1,1
29,20,0,0,2,0,0,0.0,1,26,5151,537694,0,6,0,0,0,2,0
44,16,0,1,1,1,0,0.0,0,10,-1,0,1,8,0,0,1,1,1
48,20,0,0,3,0,0,0.125,0,59,8046,2603,0,8,0,0,0,2,0
24,15,0,0,2,0,0,0.0,0,34,6743,101800,0,6,0,0,0,0,0
22,15,0,1,2,0,0,0.0,0,82,336,7891419,0,5,0,0,1,1,0
41,18,0,0,2,0,0,0.0,0,19,3200,2072852,1,8,0,0,0,2,0
73,15,1,1,2,0,0,0.246575342,0,0,5849,0,1,9,0,0,0,2,1
69,61,0,1,3,0,0,0.072463768,0,47,-1,0,1,8,0,0,0,2,1
29,21,0,1,2,0,1,0.068965517,0,103,7296,2048336,0,6,1,0,0,2,0
57,22,0,1,3,0,0,0.0,0,76,7754,48945,0,9,0,0,1,1,0
46,14,0,1,3,0,0,0.086956522,0,18,1422,348969,0,10,0,0,1,1,0
124,46,1,0,3,0,0,0.129032258,0,51,3993,5707171,1,19,0,1,0,2,1
30,21,0,0,2,1,1,0.0,0,14,7296,0,1,7,1,0,0,1,1
66,20,0,1,3,0,0,0.0,0,0,4079,0,0,11,0,0,0,3,0
69,18,0,1,2,1,0,0.0,3,9,220,0,1,13,0,0,0,1,1
98,21,0,1,1,0,0,0.0,0,53,4533,506791,0,13,0,0,2,1,0
63,30,0,0,3,0,0,0.0,0,276,4929,18867,0,9,0,0,0,2,0
37,20,0,1,2,0,0,0.0,1,86,1048,0,1,7,0,0,1,1,1
28,10,0,1,1,0,0,0.0,0,8,288,0,1,6,0,0,1,1,0
61,44,0,1,3,0,1,0.0,1,21,5615,0,1,11,0,0,0,2,1
51,26,0,1,2,0,0,0.0,0,26,2467,3677754,0,10,0,0,1,1,0
31,18,0,0,2,0,0,0.129032258,0,23,5630,1482268,0,6,0,0,0,0,0
21,12,0,0,2,0,0,0.0,0,64,-1,1215453,0,6,0,0,0,0,0
101,25,0,1,2,0,0,0.0,0,18,5255,10675927,1,14,0,0,1,0,1
26,17,0,0,2,1,0,0.0,0,0,560,0,1,7,0,0,0,1,1
77,27,1,0,3,0,0,0.324675325,0,78,152,5008870,1,8,0,0,0,1,1
28,20,0,0,2,0,0,0.0,0,333,-1,852476,0,6,0,0,0,2,0
69,29,0,1,3,0,0,0.072463768,0,86,3433,0,1,9,1,1,2,2,1
34,26,0,1,2,0,1,0.0,0,438,4427,1017069,0,8,0,0,0,2,0
46,20,0,0,2,0,1,0.0,0,6,1182,2954670,1,8,0,0,0,1,1
31,22,0,0,2,0,0,0.0,0,26,4546,8416744,0,6,0,0,0,2,0
121,13,0,0,2,0,0,0.0,0,17,7423,289,0,23,0,1,0,0,0
66,45,1,1,3,0,1,0.257575758,0,18,5626,0,1,11,0,1,0,1,1
53,24,0,1,3,1,0,0.0,1,5,5879,0,1,9,0,0,0,1,1
22,14,0,1,3,0,0,0.0,0,41,-1,4098901,0,7,0,0,0,1,0
30,23,0,1,2,0,0,0.0,0,44,5158,0,0,5,1,0,1,1,0
59,21,0,1,3,0,0,0.084745763,0,0,6930,787413,0,10,0,0,0,3,0
53,21,0,1,2,1,0,0.018867925,2,77,2975,0,1,9,0,0,1,1,1
22,14,0,1,2,0,0,0.0,0,13,7330,4279566,0,6,0,0,0,0,0
24,9,0,1,1,0,0,0.0,0,15,-1,0,1,5,0,1,1,1,1
28,19,0,0,2,0,0,0.0,0,64,8165,416867,0,6,0,0,0,2,0
71,14,0,0,3,1,0,0.0,0,67,11555,609,1,11,1,0,1,0,0
37,13,0,1,3,0,0,0.0,0,13,5573,126063,0,7,0,0,0,2,0
27,18,0,0,2,0,0,0.0,0,255,1251,6606150,0,6,0,0,0,1,0
21,10,0,1,2,0,0,0.238095238,0,597,5986,708325,1,7,0,0,0,2,0
62,20,0,0,2,1,0,0.032258065,0,250,3630,94950,0,12,0,0,0,1,0
29,21,0,1,2,1,0,0.068965517,0,103,6663,1428403,1,7,0,0,1,2,1
70,16,0,0,2,1,0,0.071428571,1,10,8347,1,1,11,1,0,0,0,1
110,12,0,1,3,1,0,0.045454545,2,50,3080,0,1,19,0,0,0,2,1
46,15,0,1,2,1,0,0.0,0,390,9126,27571,0,9,0,0,1,1,0
53,26,0,1,2,0,0,0.0,0,133,2348,242805,1,8,0,0,1,0,0
99,15,0,0,2,0,0,0.0808080809999999,1,30,8347,1,1,12,1,0,0,2,1
26,17,0,0,2,0,0,0.0,0,32,4532,97339,0,6,0,0,0,1,0
63,14,0,1,2,0,0,0.0,1,168,8149,133,0,10,0,0,1,0,0
32,6,0,1,1,0,1,0.0,0,8,-1,3504,1,7,0,0,1,1,1
53,16,0,1,3,0,0,0.0,0,79,6133,28448,0,10,0,0,1,1,0
74,11,0,1,3,0,0,0.0,0,9,9007,7971,0,14,0,0,0,0,0
31,24,0,1,2,0,0,0.0,0,9,246,0,0,5,0,0,2,2,1
45,17,0,1,3,0,0,0.0,1,263,-1,1540,0,8,0,0,1,0,0
50,21,0,1,2,0,0,0.06,0,23,2314,0,1,8,0,0,1,2,1
83,21,0,0,2,1,0,0.0,0,419,8215,216,0,13,0,0,0,2,0
167,12,0,1,2,0,0,0.143712575,0,6,4967,0,1,8,0,0,1,2,1
29,22,0,1,2,0,1,0.0,0,14,7295,0,1,5,1,0,1,1,1
41,8,0,1,1,0,0,0.146341463,0,0,3076,0,1,10,0,0,0,2,1
54,13,1,1,3,0,0,0.111111111,0,340,8554,9753,0,10,0,0,1,1,0
77,24,0,0,3,1,0,0.051948052,0,38,7590,635,1,16,0,0,1,0,0
54,15,0,0,2,0,0,0.0,0,171,3758,8541,0,11,0,0,0,0,0
51,15,0,0,3,1,0,0.0,0,94,5741,105224,0,9,0,0,1,0,0
28,19,0,0,2,0,0,0.0,0,56,3975,2367247,0,6,0,0,0,2,0
40,31,1,0,3,0,1,0.25,0,21,5616,0,1,8,0,0,0,2,1
42,35,0,1,2,0,1,0.023809524,0,14,7295,0,1,5,1,0,1,1,1
49,16,0,0,2,0,0,0.0,0,239,7134,12,0,8,1,0,0,1,0
77,29,0,1,3,0,0,0.0,1,1,5745,0,1,12,0,0,1,1,1
127,61,1,0,3,0,0,0.338582677,0,51,1659,2580873,1,15,0,1,0,1,1
47,30,0,1,3,1,0,0.063829787,1,33,1547,4639,1,8,0,0,0,2,1
102,64,0,0,3,0,0,0.107843137,0,13,5466,75,1,17,0,0,0,2,1
262,213,0,1,3,0,1,0.1488549619999999,1,5,2660,0,1,21,0,0,0,2,1
48,24,0,1,2,1,0,0.0,1,180,8979,46785,0,9,0,0,1,2,0
56,29,0,1,2,0,1,0.0,0,135,7620,0,0,7,0,0,1,1,0
60,16,0,1,3,0,0,0.0,0,78,6132,28405,1,13,0,0,1,1,0
34,16,0,0,2,0,0,0.0,0,445,7133,12,0,7,1,0,0,2,0
43,16,1,0,2,0,0,0.209302326,0,55,12208,50,1,8,1,0,1,2,0
40,26,0,0,3,0,1,0.05,1,21,5626,0,1,8,0,0,0,2,1
56,38,0,1,3,0,1,0.0,2,21,5615,0,1,11,0,0,0,2,1
75,39,0,1,3,1,0,0.08,0,3,11,0,1,12,0,0,1,1,1
40,32,0,1,2,0,0,0.075,0,160,1546,4669,1,6,0,0,0,2,1
36,29,0,1,2,0,1,0.0,0,125,7298,1236528,0,7,1,0,0,1,0
127,50,1,0,3,1,0,0.188976378,0,4,4003,5816617,1,18,0,1,1,1,1
21,6,0,1,1,0,0,0.047619048,0,52,-1,206575,0,6,0,0,0,0,0
35,28,0,1,2,0,0,0.0,0,21,5159,0,0,5,1,0,1,1,0
40,25,0,0,2,0,0,0.2,0,8,1338,22211,1,7,0,1,0,0,1
51,15,0,1,3,1,0,0.019607843,0,43,5309,55983,0,10,0,1,0,2,0
72,17,0,1,3,0,0,0.013888889,0,165,8144,12364,1,11,0,0,1,0,0
24,15,0,0,2,0,0,0.0,0,80,5905,0,0,6,0,0,0,0,0
71,20,0,1,3,0,0,0.028169014,0,86,2308,0,1,11,0,0,0,1,1
55,30,0,1,3,1,0,0.036363636,1,103,7062,491854,1,9,0,0,1,2,1
120,18,1,0,3,0,0,0.066666667,1,22,-1,68260,1,15,0,0,0,2,1
99,25,0,1,3,1,0,0.01010101,0,0,8777,2482377,0,19,0,0,1,3,0
56,7,0,0,1,0,0,0.142857143,0,0,2520,632001,1,8,0,0,1,1,1
60,29,0,1,3,0,1,0.016666667,0,21,5616,0,1,12,0,0,0,2,1
42,14,0,1,3,0,0,0.047619048,0,301,4200,1407,0,8,0,0,1,1,0
238,23,1,1,2,1,0,0.193277311,4,166,533,10269929,1,28,0,0,1,2,1
183,22,1,1,3,1,0,0.081967213,0,68,2568,51291,1,36,0,1,2,2,1
246,13,0,0,2,0,0,0.0,0,17,7419,285,0,49,0,1,0,0,0
34,21,0,0,2,0,0,0.0,0,45,5159,0,0,9,1,0,0,2,0
54,15,0,0,3,0,0,0.0,0,108,8346,1,0,11,1,1,0,1,1
55,24,0,1,2,0,0,0.0,0,25,5673,2010529,0,8,0,0,1,2,0
53,17,0,1,2,0,0,0.0,0,0,-1,0,1,9,0,0,0,2,0
33,26,0,1,2,0,1,0.0,0,169,7296,0,0,5,1,0,0,1,0
25,17,0,1,3,0,1,0.0,0,59,-1,0,0,7,0,0,1,0,0
36,28,0,1,2,0,1,0.0,0,92,7298,2605916,0,6,1,0,0,2,0
93,19,0,1,3,1,0,0.0,0,52,5250,2500970,1,14,0,0,2,2,0
29,17,0,0,1,0,0,0.0,0,0,4736,0,0,6,0,0,0,2,1
40,16,0,1,2,0,0,0.0,0,117,3927,0,0,7,0,0,1,0,0
163,9,1,0,1,0,0,0.251533742,2,3,5521,0,1,12,0,0,1,1,1
27,19,0,1,2,0,0,0.0,0,54,6646,3833065,0,6,0,0,1,2,0
58,40,0,1,3,0,1,0.103448276,3,22,5615,0,1,11,0,0,0,2,1
60,22,0,0,3,0,1,0.05,0,198,5590,7807,1,12,0,0,0,2,0
77,23,1,1,1,0,0,0.324675325,0,30,5767,0,1,7,0,0,1,1,1
43,25,0,1,2,0,0,0.0,0,226,6259,682,0,6,0,0,1,2,0
47,7,0,0,1,0,0,0.106382979,0,0,2521,632751,1,6,0,0,1,1,1
17,10,0,1,1,0,0,0.058823529,0,59,-1,178033,0,4,0,0,1,0,0
37,28,1,0,3,0,0,0.351351351,0,21,111,0,1,8,0,0,2,2,1
24,15,0,0,2,1,0,0.0,0,374,4517,159206,0,7,0,0,1,2,0
22,13,0,0,2,0,0,0.0,0,162,1159,374374,0,6,0,0,0,2,0
51,18,0,1,2,0,0,0.0,0,837,6074,14284,0,9,0,0,1,2,0
66,41,1,1,3,0,1,0.257575758,0,18,5627,0,1,11,0,1,0,1,1
27,18,0,0,2,0,0,0.0,0,238,-1,1101455,0,6,0,0,1,1,0
30,10,0,1,2,1,0,0.0,0,34,3250,421761,1,9,0,0,0,1,1
52,16,0,0,3,0,0,0.0,0,0,-1,82896,1,10,0,0,0,0,0
25,17,0,1,2,0,0,0.0,0,5,-1,0,0,6,0,0,0,1,0
32,23,0,0,2,0,0,0.0,0,56,2658,2791701,0,6,0,0,0,2,0
136,38,0,0,2,1,1,0.095588235,0,26,8019,0,1,17,0,1,1,1,1
31,23,0,1,2,0,0,0.0,0,157,3938,976662,0,6,0,0,1,1,0
31,22,0,0,3,0,0,0.0,0,21,-1,113447,0,7,0,0,0,2,0
51,14,0,1,2,1,0,0.0,3,22,-2,0,1,9,0,0,0,2,1
163,39,1,1,3,0,0,0.159509202,0,24,-1,0,1,16,1,0,0,1,1
31,17,0,0,2,0,0,0.0,0,140,-1,2239561,0,7,0,0,0,1,0
266,28,0,1,3,1,0,0.135338346,0,1,7083,17964,1,14,0,1,0,2,1
61,35,0,1,3,0,0,0.147540984,0,4,1834,0,1,9,0,0,1,1,1
41,18,0,1,2,1,0,0.0,2,56,-1,0,1,8,0,0,1,1,1
54,11,0,1,2,0,0,0.0,0,41,1654,477134,1,9,0,0,0,2,1
31,22,0,0,2,0,0,0.0,0,75,4526,62106,0,6,0,0,0,2,0
91,17,1,1,1,0,0,0.076923077,0,214,6056,41,0,12,1,0,1,2,0
53,12,0,0,2,0,0,0.018867925,0,0,-1,0,1,14,0,0,0,2,1
83,45,1,0,3,0,1,0.204819277,0,18,5627,0,1,14,0,1,0,1,1
76,26,0,1,3,0,0,0.210526316,0,0,-1,4422,1,15,0,0,1,3,0
71,19,0,1,1,0,0,0.0,4,13,1163,0,1,11,0,1,1,2,1
45,36,0,0,2,0,1,0.0,0,11,7296,0,1,9,1,0,0,2,1
34,26,0,1,2,1,0,0.0,0,0,67,0,1,7,0,0,0,2,1
28,7,0,1,1,0,0,0.035714286,0,0,3460,0,1,7,0,0,0,2,1
55,36,0,0,3,0,1,0.054545455,3,22,5615,0,1,11,0,0,0,1,1
30,22,0,0,2,0,0,0.0,0,139,8527,217264,0,5,0,0,0,2,0
23,14,0,0,1,0,0,0.0,0,33,1485,115937,0,5,0,0,0,2,0
23,15,0,1,2,0,0,0.0,0,4,566,2579543,0,6,0,0,1,0,0
33,16,0,1,2,0,0,0.0,0,0,43,0,0,8,0,0,0,2,1
68,22,1,0,2,0,0,0.235294118,0,18,5990,187079,1,7,0,0,0,1,1
45,20,0,1,2,0,1,0.0,0,6,1182,2954670,1,8,0,0,1,1,1
53,21,0,1,2,0,0,0.075471698,0,0,5971,0,1,9,0,0,1,1,1
118,42,1,0,3,0,0,0.203389831,0,51,3993,5707171,1,18,0,1,0,2,1
74,13,0,1,1,0,0,0.0,0,19,1891,3513635,0,14,0,0,0,1,0
49,9,0,0,1,0,0,0.040816327,0,46,-2,0,1,8,0,1,0,2,1
115,23,0,0,2,0,0,0.069565217,0,63,7448,3945616,0,18,1,0,0,1,0
20,12,0,1,2,0,0,0.0,0,259,8311,260730,0,6,0,0,0,2,0
35,27,0,1,1,0,0,0.0,0,7,74,0,1,8,0,0,0,1,1
59,18,0,1,2,0,0,0.016949153,1,27,2554,0,1,9,0,0,1,2,1
70,23,0,1,2,1,0,0.057142857,3,38,778,0,1,12,0,0,0,2,1
105,20,0,0,3,0,0,0.047619048,0,4,273,0,1,16,0,0,1,1,1
92,22,1,1,1,1,0,0.304347826,2,22,2300,0,1,12,0,0,2,2,1
49,42,0,1,3,0,0,0.0,0,23,4202,0,1,7,0,0,1,2,1
63,25,0,1,3,1,0,0.0,0,46,12713,1116,0,10,0,0,0,1,0
62,20,0,1,3,1,0,0.096774194,1,0,-1,0,1,12,0,0,1,2,1
38,20,0,1,3,0,0,0.0,0,64,-1,6084468,0,7,0,0,0,1,0
34,26,0,1,3,0,0,0.0,0,92,-1,45566,0,7,0,0,1,2,0
67,21,0,1,3,0,0,0.0,1,2,3317,0,1,9,0,0,0,1,1
19,12,0,1,2,0,0,0.0,0,134,-1,584195,0,5,0,0,0,2,0
66,44,1,1,2,0,0,0.1363636359999999,0,4,1834,0,1,7,0,0,1,1,1
75,15,0,0,3,1,0,0.0,3,5,570,0,1,14,0,0,0,2,1
117,78,0,1,3,0,0,0.188034188,0,0,208,0,1,10,1,0,0,2,1
22,15,0,1,1,0,0,0.0,0,7,-1,0,1,4,0,0,0,1,1
91,19,0,0,2,1,0,0.021978022,3,4,-1,989825,1,15,0,1,1,1,1
63,16,0,1,3,0,0,0.095238095,0,234,-1,542185,0,13,0,0,1,1,0
128,50,1,0,3,1,0,0.1796875,0,51,3993,5707171,1,19,0,1,0,2,1
52,39,0,1,2,0,0,0.019230769,1,17,-1,0,1,6,0,0,0,1,1
15,8,0,1,1,0,0,0.0,0,25,1180,718185,0,4,0,0,0,1,0
41,16,0,0,2,0,0,0.0,1,37,7650,2074,0,7,0,0,0,2,0
35,14,0,1,2,0,0,0.0,0,437,7686,21772,0,8,0,0,2,1,0
32,21,0,1,2,1,0,0.0,0,0,-1,0,1,8,0,0,0,2,1
25,10,0,0,1,0,0,0.04,0,4,2139,309382,1,5,0,0,1,1,1
50,16,0,0,2,0,0,0.0,0,570,7133,12,0,8,1,0,0,1,0
33,24,0,0,2,0,0,0.0,0,57,1107,7096725,0,6,0,0,0,2,0
83,16,1,1,1,0,0,0.409638554,0,0,-1,0,1,12,0,0,0,2,1
23,15,0,1,2,1,0,0.0,0,6,-1,1512801,0,7,0,0,1,0,0
73,16,0,0,2,0,0,0.109589041,0,250,6071,4242,0,15,0,0,0,2,0
18,11,0,1,1,0,0,0.0,0,11,1614,60762,1,4,0,0,0,0,1
34,25,0,0,2,0,0,0.0,0,116,7447,0,0,6,1,0,0,1,0
40,12,0,0,1,1,0,0.0,2,5,5661,0,1,8,0,0,1,1,1
29,15,0,1,1,0,0,0.068965517,0,23,-1,0,1,5,0,0,1,1,1
119,42,1,1,3,0,0,0.218487395,0,4,4003,5816617,1,18,0,1,1,1,1
82,16,0,0,2,0,0,0.109756098,1,10,8348,1,1,12,1,0,0,0,1
47,39,0,1,2,0,0,0.085106383,0,23,819,0,1,8,0,0,1,1,1
27,19,0,1,2,1,0,0.0,0,144,4824,4640560,0,7,0,0,1,1,0
44,14,1,1,3,0,0,0.159090909,0,67,7157,2294,1,9,0,0,2,2,0
49,30,0,1,3,0,0,0.0,0,1,7083,17964,1,7,0,0,0,2,1
67,21,0,1,2,0,0,0.0,0,185,6900,11507,1,7,0,0,1,2,0
28,10,1,1,3,0,0,0.25,0,0,-1,0,1,8,0,1,0,2,1
49,13,0,0,1,0,0,0.040816327,0,135,2688,7989,0,10,0,0,0,1,0
29,21,0,1,2,1,0,0.0,0,5,4823,0,1,7,0,0,0,2,1
159,19,0,1,3,1,0,0.031446541,6,120,1588,0,1,26,0,0,0,1,1
21,12,0,0,1,0,0,0.0,0,149,1561,133791,0,5,0,0,0,2,1
197,14,1,1,2,0,1,0.406091371,2,22,1479,0,1,15,0,0,0,1,1
126,50,1,1,3,1,0,0.158730159,0,4,4003,5816617,1,18,0,1,1,1,1
25,16,0,0,2,0,0,0.0,0,0,1556,282959,0,6,0,0,0,1,0
89,14,0,0,2,0,0,0.08988764,1,53,5408,9410,0,18,0,0,0,1,0
76,32,0,1,3,0,0,0.0,0,123,4274,272349,0,14,0,0,1,1,0
29,20,0,0,2,0,0,0.0,0,46,6031,1327039,0,6,0,0,0,1,0
68,37,0,0,3,0,1,0.088235294,2,21,5616,0,1,13,0,0,0,2,1
40,23,0,1,3,1,0,0.075,1,13,75,0,1,8,0,0,0,2,1
54,21,0,0,3,1,1,0.0,0,105,8885,5703,1,9,0,0,0,2,0
37,28,0,0,2,0,1,0.108108108,0,15,7295,0,1,6,1,0,0,1,1
28,19,0,0,2,0,0,0.0,0,11,2081,75385,0,6,0,0,0,1,0
44,17,0,1,2,0,0,0.0,0,8,1953,4365,1,8,0,0,0,1,1
128,50,1,0,3,1,0,0.1171875,0,51,3993,5707171,1,19,0,1,0,2,1
36,16,0,0,2,0,0,0.0,0,71,8517,8,0,6,1,0,0,0,0
35,14,0,1,2,0,0,0.0,0,68,7275,265564,0,7,0,0,1,0,0
47,39,0,1,3,0,0,0.0,0,0,49,0,1,9,0,0,0,2,1
40,31,0,0,2,0,1,0.0,0,9,-1,0,1,6,0,0,0,1,1
33,24,0,0,2,0,1,0.0,0,209,7298,0,0,6,1,0,0,2,0
28,12,0,0,1,0,0,0.0,0,43,612,0,1,6,0,0,1,0,1
27,19,0,1,2,0,0,0.0,0,24,7802,0,1,6,0,0,0,1,1
39,30,0,0,2,0,0,0.0,0,323,4205,123397,0,6,0,0,0,2,0
40,13,0,1,2,0,0,0.025,1,486,9226,771,1,8,0,0,2,0,0
29,16,0,1,2,0,0,0.0,0,1,238,0,1,7,0,0,1,1,1
27,18,0,0,3,0,0,0.0,0,117,8579,466636,0,7,0,0,0,0,0
25,16,0,0,2,0,0,0.0,0,149,1141,2816511,0,6,0,0,0,2,0
243,37,1,0,2,0,0,0.197530864,0,7,216,0,1,30,0,1,0,1,1
50,20,1,0,3,0,1,0.12,0,35,7297,0,1,9,1,0,0,2,1
30,14,0,0,2,0,1,0.0,0,86,6017,112,0,8,0,0,0,0,0
60,26,0,1,2,0,0,0.0,0,103,5822,136316,0,10,0,0,1,1,0
72,39,0,1,3,0,1,0.055555556,0,22,5626,0,1,12,0,1,0,2,1
77,23,1,1,1,0,0,0.272727273,0,30,5756,0,1,7,0,0,1,1,1
30,21,0,0,2,0,1,0.0,0,29,5313,33089,0,6,0,0,0,1,0
34,27,0,1,2,0,1,0.029411765,0,13,7295,0,1,5,1,0,1,1,1
27,11,0,1,1,0,0,0.0,0,33,3180,8669000,0,5,0,0,1,0,0
35,27,0,1,2,0,0,0.0,0,5,2756,0,0,6,0,0,0,2,0
40,32,0,1,2,0,1,0.0,0,28,7298,0,0,6,1,0,0,2,0
32,24,0,1,2,0,0,0.0,0,11,2634,5403,1,6,0,0,0,1,1
47,38,0,0,3,0,1,0.0,0,21,5614,0,1,10,0,0,0,2,1
98,26,1,1,2,1,0,0.255102041,2,22,2300,0,1,14,0,0,2,2,1
22,13,0,0,1,1,0,0.0,0,201,-1,0,0,6,0,0,0,2,0
66,30,0,1,1,0,0,0.0,0,97,5415,14668,0,13,0,0,1,2,0
32,14,0,0,1,0,0,0.0,0,13,4698,0,1,6,0,0,1,1,1
20,12,1,1,3,0,0,0.45,0,163,-1,0,1,7,0,1,3,2,1
21,13,0,1,2,0,0,0.19047619,0,45,614,8687032,1,6,0,0,0,2,1
48,19,0,0,3,1,1,0.0,0,213,4744,343984,0,10,0,0,1,0,0
51,34,0,1,3,0,1,0.098039216,0,83,5613,0,1,12,0,0,0,2,1
34,19,0,0,2,1,0,0.0,0,44,-1,12559,0,9,0,0,0,1,0
62,31,0,1,2,0,1,0.0,0,101,7616,2190,0,9,0,0,1,1,0
57,19,0,1,3,0,0,0.0,0,0,6898,0,0,11,0,0,0,3,0
83,15,0,1,3,1,0,0.0,0,395,8395,27235,1,13,0,0,3,0,0
33,25,0,0,3,0,0,0.0,0,293,5887,3012424,0,6,0,0,1,2,0
29,13,0,0,2,0,0,0.0,0,79,5936,1174408,1,7,0,0,0,1,0
24,15,0,0,2,0,0,0.0,0,37,2031,962441,0,6,0,0,0,1,0
23,15,0,1,2,0,0,0.0,0,187,7436,4265998,0,6,0,0,0,1,0
53,23,0,0,2,1,0,0.037735849,0,240,7836,600,1,10,0,0,0,0,0
23,15,0,1,2,0,0,0.0,0,28,5510,4426013,0,6,0,0,1,0,0
34,25,0,0,2,0,0,0.0,0,100,2095,729629,0,6,0,0,0,2,0
62,23,1,1,3,0,0,0.14516129,1,54,8976,67484,1,11,0,0,2,2,0
68,59,0,0,3,0,1,0.088235294,0,4,5613,7198650,1,15,0,0,0,1,1
55,16,0,0,2,0,0,0.0,0,822,7131,12,0,9,1,0,0,1,0
59,17,0,1,3,0,0,0.0,0,170,8149,12761,0,10,0,0,1,0,0
157,41,0,1,3,0,1,0.114649682,0,19,5616,0,1,15,0,0,0,2,1
53,41,0,1,3,0,0,0.0,1,18,2064,0,1,7,0,0,2,1,1
23,15,0,1,2,0,0,0.0,0,433,1029,2130,0,6,0,0,1,2,0
51,20,0,0,3,0,1,0.117647059,0,35,7297,0,1,9,1,0,0,2,1
41,13,0,0,1,0,0,0.0,0,45,7187,20789,0,6,0,0,0,2,0
50,21,0,1,2,0,0,0.06,0,23,2315,0,1,8,0,0,1,2,1
57,44,0,1,3,0,1,0.0,1,22,5627,0,1,11,0,0,0,2,1
137,22,0,1,3,1,0,0.0,0,0,2634,103920,0,19,0,0,1,3,0
26,17,0,0,2,0,0,0.0,0,662,1774,3310199,0,6,0,0,0,1,0
126,50,1,0,3,1,0,0.111111111,0,51,3993,5707171,1,19,0,1,0,2,1
76,44,0,0,3,0,0,0.013157895,1,34,-1,0,1,11,0,1,0,2,1
43,16,0,0,2,0,0,0.0,0,756,7129,12,0,8,1,0,0,0,0
25,17,0,1,2,0,0,0.0,0,132,6372,255167,0,6,0,0,0,2,0
23,15,0,1,2,0,0,0.0,0,33,4431,0,0,6,0,0,0,1,0
57,13,0,1,3,1,0,0.035087719,0,32,2108,0,1,11,1,0,0,2,1
59,31,0,1,3,0,1,0.0,0,22,5627,6517773,1,9,0,0,0,2,1
51,17,0,1,3,0,0,0.117647059,0,0,9335,42327,0,11,0,0,0,3,0
42,21,0,1,2,0,1,0.0,0,13,-1,0,1,8,0,0,0,2,1
127,50,1,0,3,1,0,0.125984252,0,51,3993,5707171,1,18,0,1,1,2,1
72,18,0,0,3,1,1,0.0,0,162,9614,24269,1,11,0,0,1,2,0
88,16,0,1,3,0,0,0.011363636,0,62,707,0,1,15,0,1,0,1,1
49,23,0,1,2,1,0,0.0,0,140,7506,1644193,0,9,0,0,0,1,0
19,12,0,1,2,0,0,0.0,0,109,7423,0,0,5,0,0,1,2,0
29,20,0,0,2,0,0,0.0,0,92,5219,5928917,0,6,0,0,0,2,0
46,14,0,1,3,1,0,0.0,0,10,62,0,1,11,0,0,0,1,1
132,28,0,1,3,0,0,0.045454545,0,86,2703,73113,0,20,0,0,1,2,0
28,17,0,1,2,0,0,0.0,0,0,2334,0,1,7,0,0,0,2,1
48,15,0,1,2,1,0,0.0,0,5,-1,0,0,9,0,1,0,1,0
81,18,0,1,3,0,0,0.0123456789999999,0,89,7811,2920,1,10,0,0,2,0,0
76,9,0,1,2,1,0,0.0,4,10,4503,0,1,14,0,0,1,1,1
42,17,0,1,2,0,0,0.0,0,285,9184,316,0,7,0,0,1,0,0
52,16,0,0,2,0,0,0.0,0,1175,7133,12,0,9,1,0,0,1,0
42,25,0,1,2,0,0,0.0,0,207,6256,689,0,6,0,0,1,2,0
56,30,0,1,2,0,0,0.125,0,31,1546,4669,1,7,0,0,0,2,1
28,20,0,1,2,0,0,0.0,0,251,8611,496378,0,6,0,0,1,2,0
23,14,0,0,2,0,0,0.0,0,82,1369,680422,0,6,0,0,0,0,0
37,16,0,0,2,0,0,0.162162162,0,9,6217,337,0,8,0,0,1,1,0
65,33,0,1,2,0,1,0.0,0,89,7618,2192,0,8,0,0,1,1,0
132,16,1,0,3,0,0,0.045454545,0,9,7764,32,0,13,0,0,0,1,1
31,22,0,0,2,0,0,0.0,0,263,4363,490195,0,8,0,0,0,0,0
42,15,0,1,2,0,1,0.0,0,28,-1,0,1,8,0,0,1,2,1
109,45,1,0,3,0,1,0.155963303,0,18,5616,0,1,18,1,1,0,1,1
117,42,1,1,3,0,0,0.1623931619999999,0,51,3993,5707171,1,18,0,1,0,2,1
18,11,0,1,2,0,0,0.0,0,0,-1,412065,0,5,0,0,0,2,0
38,30,0,1,2,0,0,0.0,0,94,1466,0,0,6,0,0,1,2,0
339,30,0,1,3,1,0,0.156342183,1,3,756,0,1,18,0,0,1,2,1
118,42,1,1,3,0,0,0.194915254,0,51,3992,5697976,1,17,0,1,1,2,1
24,16,0,1,2,0,0,0.0,0,58,4454,4794892,0,6,0,0,0,1,0
48,18,0,1,2,0,0,0.041666667,0,152,5222,136,0,8,0,0,1,2,0
26,17,0,0,2,0,0,0.0,0,267,3459,985767,0,6,0,0,0,2,0
82,18,1,1,3,0,0,0.097560976,0,126,8759,5450,1,15,0,0,2,1,0
51,18,0,0,3,0,0,0.0,0,25,8173,605314,1,9,0,0,1,2,0
52,16,0,1,2,0,1,0.115384615,0,0,2100,0,1,10,0,0,1,2,1
40,14,0,1,3,1,1,0.0,0,98,5621,49703,1,10,0,0,2,0,0
68,26,0,1,3,1,0,0.0,1,6,1072,0,1,11,0,0,1,2,1
48,12,0,0,1,0,1,0.0,0,119,5349,10753,0,8,0,0,0,1,0
31,17,0,1,2,0,0,0.0,0,34,7202,1082977,0,7,0,0,0,2,1
108,16,1,0,2,0,0,0.4074074070000001,0,0,7489,376,1,14,0,0,1,1,1
25,17,0,1,2,1,0,0.0,0,17,117,0,1,7,0,0,0,2,1
21,6,0,1,1,0,1,0.142857143,0,0,-1,3523,1,5,0,0,1,1,1
24,15,0,0,1,0,0,0.0,0,28,-1,182661,0,5,0,0,0,1,0
26,18,0,1,2,1,0,0.0,0,18,4451,2136171,0,7,0,0,1,0,0
38,20,0,1,3,1,0,0.0,0,12,1736,842411,1,8,0,0,1,1,1
68,42,1,1,3,0,0,0.220588235,0,51,3993,5707171,1,9,0,1,1,2,1
73,14,1,1,3,0,0,0.150684932,1,12,2231,0,1,13,0,0,0,2,1
34,6,0,1,2,0,0,0.088235294,0,0,-1,0,1,9,0,0,0,2,1
32,11,0,1,1,0,0,0.0,0,1,1887,0,1,7,0,0,1,2,1
40,18,0,1,3,0,0,0.0,1,0,5088,0,1,8,0,0,0,1,1
66,16,1,0,2,0,0,0.090909091,0,10,8348,1,0,8,1,0,1,0,1
123,46,1,0,3,0,0,0.154471545,0,4,4004,5828815,1,18,0,1,1,1,1
132,16,1,0,3,0,0,0.037878788,0,9,7765,32,0,13,0,0,0,1,1
26,17,0,0,2,0,0,0.0,0,520,4525,1136817,0,6,0,0,0,1,0
125,50,1,0,3,1,0,0.112,0,51,3993,5707171,1,18,0,1,1,2,1
75,18,0,0,3,0,0,0.0,0,1,72,0,1,12,0,1,0,1,1
66,21,0,1,3,0,0,0.0,0,3,111,0,1,13,0,0,1,1,1
30,18,0,1,1,1,0,0.0,1,0,7307,0,1,7,0,0,0,1,1
59,21,0,0,2,0,0,0.0,1,99,3952,3862928,0,7,0,0,0,2,0
24,11,0,0,1,0,0,0.125,0,130,2367,470719,1,6,0,0,0,1,0
28,19,0,0,2,0,0,0.0,0,4,2620,22448,0,6,0,0,0,1,0
20,11,0,0,1,0,0,0.0,0,84,8337,558870,0,5,0,0,0,2,0
46,18,0,0,1,1,0,0.0,0,237,2,0,1,9,0,0,0,2,1
66,21,0,1,3,1,0,0.0,2,12,3859,0,1,13,0,0,1,2,1
100,17,0,1,3,0,0,0.07,0,23,5601,18610,0,18,0,0,1,1,0
56,23,0,1,3,0,0,0.0,0,129,6384,37416,0,9,0,0,1,2,0
32,10,0,1,2,1,0,0.0,0,27,3250,421761,1,9,0,0,0,1,1
36,14,0,1,3,0,0,0.0,0,651,9336,403988,0,10,1,0,1,1,0
103,15,1,1,1,1,0,0.155339806,3,88,2046,0,1,13,0,0,0,1,1
116,42,1,1,3,0,0,0.163793103,0,51,3993,5707171,1,17,0,1,1,2,1
60,18,0,1,2,0,0,0.0,0,571,6070,14420,0,10,0,1,1,1,0
32,25,0,1,2,0,0,0.0625,0,30,5789,19754,1,5,0,0,0,2,1
32,8,0,1,1,0,0,0.0,0,10,2363,0,1,9,0,0,0,1,1
130,29,0,0,2,1,1,0.023076923,0,7,8018,0,1,18,0,0,1,1,1
108,17,0,1,3,1,0,0.0,4,6,4609,0,1,22,0,0,0,1,1
51,37,0,0,3,0,1,0.117647059,1,21,5627,0,1,10,0,0,0,2,1
459,23,1,0,3,0,0,0.479302832,0,1,7086,18263,1,19,0,0,0,2,1
21,6,0,0,1,0,1,0.047619048,0,24,3154,37405,1,5,0,0,1,1,1
30,21,0,0,2,1,1,0.0,0,14,7295,0,1,7,1,0,0,1,1
56,19,0,1,3,0,0,0.0,0,16,6082,0,1,9,0,0,0,2,1
186,14,1,0,3,0,0,0.107526882,0,1,8348,1,0,31,1,0,0,1,1
56,48,0,1,3,1,1,0.0,2,24,2532,514430,1,9,1,1,2,1,1
106,20,1,0,2,0,0,0.066037736,0,170,3824,216850,0,19,0,0,1,2,0
55,14,1,1,2,0,0,0.381818182,0,0,-1,47895,1,7,0,0,0,2,1
88,19,0,1,2,1,0,0.011363636,4,19,3322,9101242,1,15,0,0,0,1,1
45,23,0,1,2,0,0,0.0,0,0,1014,0,1,6,0,0,0,1,1
33,26,0,1,1,0,0,0.0,0,73,2200,2210290,0,4,0,0,0,2,0
56,18,0,1,2,0,0,0.0,0,3,2597,0,1,10,0,0,0,1,1
44,16,0,0,2,0,1,0.0,0,158,8957,573,0,9,0,0,0,1,0
138,12,0,0,3,0,0,0.02173913,1,9,-1,703,1,22,0,1,3,1,0
43,20,0,0,2,0,1,0.046511628,0,33,8981,56631,0,8,0,0,0,1,0
162,14,1,1,3,0,0,0.382716049,1,31,-1,0,1,21,0,1,0,2,1
38,25,0,1,2,0,0,0.210526316,0,8,1338,22211,1,6,0,1,1,0,1
36,19,0,1,2,0,0,0.0,0,232,7294,15045,0,7,0,0,1,1,0
75,56,0,1,3,0,0,0.0,1,0,467,0,1,29,1,1,0,2,1
30,21,0,0,2,0,0,0.0,0,186,5742,476936,0,6,0,0,0,1,0
23,16,0,1,2,0,0,0.0,0,70,8704,5332182,0,6,0,0,1,2,0
77,8,0,1,2,0,0,0.038961039,3,4,4726,0,1,14,0,0,1,1,1
47,31,0,1,2,1,0,0.0,0,121,2133,17569,0,8,0,0,1,2,0
33,14,0,0,2,0,0,0.090909091,1,38,1953,4365,1,6,0,0,2,1,1
53,18,0,1,2,0,0,0.150943396,0,13,-1,0,0,11,0,0,0,1,0
112,17,0,1,3,1,0,0.0,4,6,4609,0,1,18,0,0,0,1,1
20,6,0,1,1,0,0,0.1,0,145,2354,2358006,1,5,0,0,1,1,1
39,30,0,0,2,0,0,0.0,0,106,7448,0,0,6,1,0,0,2,0
26,17,0,0,2,0,0,0.0,0,44,-2,94470,0,6,0,0,0,2,0
74,20,0,0,2,1,0,0.027027027,0,131,4628,214090,0,12,0,0,0,2,0
73,19,0,1,1,1,0,0.0,4,0,2381,0,1,11,0,0,0,2,1
47,39,0,0,2,0,0,0.0,1,41,1192,1086,1,5,0,0,0,2,1
124,50,1,1,3,1,0,0.14516129,0,51,3992,5707171,1,18,0,1,1,2,1
46,15,0,1,3,0,0,0.02173913,1,0,2899,0,1,10,0,0,0,2,1
127,50,1,0,3,1,0,0.188976378,0,51,3992,5707171,1,18,0,1,1,2,1
41,32,0,0,2,1,0,0.0,0,1,7086,18105,1,7,0,0,0,2,1
69,23,0,1,3,0,0,0.086956522,0,0,4858,348917,1,15,0,0,0,3,0
25,14,0,1,1,0,0,0.0,0,0,1780,0,0,6,0,0,0,2,1
87,23,0,0,2,0,0,0.068965517,0,151,4059,99,0,15,1,0,0,2,0
565,29,1,1,3,0,0,0.247787611,2,0,3574,0,1,13,0,0,0,2,1
43,15,0,0,2,0,0,0.069767442,0,42,5639,2,0,9,1,0,0,3,0
31,24,0,1,2,0,1,0.0,0,16,7295,0,1,5,1,0,1,1,1
69,21,0,1,3,0,0,0.0,2,11,-1,0,0,13,0,0,0,1,1
67,29,0,1,3,1,0,0.0,0,22,3583,829814,0,10,0,0,0,1,0
39,14,0,1,3,0,0,0.025641026,0,0,-1,0,1,9,0,0,0,2,1
24,16,0,1,2,0,0,0.0,0,45,-1,258301,0,6,0,0,0,2,0
76,15,0,1,2,1,0,0.0,3,76,614,0,1,14,0,0,1,2,1
24,10,0,1,1,0,0,0.083333333,0,0,-1,9213096,1,6,0,0,0,2,1
60,22,0,1,3,1,1,0.0,3,4,3403,0,1,11,0,0,1,1,1
128,50,1,0,3,1,0,0.1875,0,4,4003,5816617,1,19,0,1,1,1,1
37,25,0,1,2,0,0,0.216216216,0,8,1338,22211,1,7,0,1,1,0,1
44,21,0,1,1,0,0,0.022727273,1,4,3318,0,1,7,0,0,1,1,1
33,26,0,1,2,0,1,0.0,0,14,7295,0,1,5,1,0,1,1,1
51,10,0,0,1,0,0,0.039215686,0,162,3306,1811,1,10,0,0,0,1,0
72,23,0,1,2,0,1,0.083333333,0,206,7903,565105,1,11,0,0,4,2,0
53,20,0,0,3,0,0,0.0,0,8,1337,22317,1,21,0,0,0,0,1
85,17,0,0,3,0,1,0.058823529,1,0,9553,4315,0,15,0,0,0,3,0
22,14,0,1,2,0,0,0.0,0,102,7371,96532,0,6,0,0,0,1,0
104,6,1,0,3,0,0,0.144230769,0,1,-1,24,0,23,0,1,1,2,1
36,19,0,1,2,0,0,0.0,0,0,4633,8237707,1,8,0,0,0,2,1
67,15,0,1,2,1,0,0.059701493,2,22,5014,0,1,12,0,0,0,2,1
40,31,0,0,2,1,1,0.0,0,7,7595,0,1,7,0,0,2,1,1
27,18,0,0,2,0,0,0.0,0,123,-1,2728729,0,6,0,0,1,2,0
39,30,0,0,2,0,0,0.0,0,236,-1,1093774,0,6,0,0,0,2,0
33,25,0,0,2,0,0,0.0,0,5,2837,0,1,6,0,0,0,3,1
17,9,0,1,2,0,0,0.0,0,62,-1,2368814,0,6,0,0,1,1,0
33,12,0,1,1,0,0,0.0,0,0,7039,0,1,7,0,0,0,2,1
65,15,0,0,1,0,1,0.123076923,0,37,5177,488586,0,12,0,1,0,2,0
27,15,0,1,2,0,0,0.0,0,0,-1,0,1,7,0,0,0,2,1
69,24,0,1,3,0,1,0.0,0,13,2429,0,1,10,0,0,0,1,1
44,26,0,1,2,0,0,0.0,0,81,2344,233673,1,8,0,0,1,0,0
20,12,0,1,2,0,0,0.0,0,20,8479,137923,0,6,0,0,1,0,0
62,15,0,1,3,1,0,0.0161290319999999,2,21,-1,0,1,13,0,0,0,2,1
396,14,1,1,3,0,0,0.047979798,3,21,-1,0,1,89,1,1,2,2,1
36,29,0,1,2,0,0,0.055555556,0,17,78,0,0,6,0,0,1,2,1
189,51,1,1,3,1,0,0.195767196,1,4,330,0,1,24,1,1,1,1,1
26,18,0,1,2,1,0,0.0,0,17,220,0,1,7,0,0,0,2,1
64,23,0,1,2,1,0,0.0,0,118,8435,3754,0,10,0,0,2,2,0
127,50,1,1,3,1,0,0.188976378,0,51,3993,5707171,1,19,0,1,0,2,1
96,21,0,0,2,0,0,0.0625,0,31,7545,76260,0,16,0,0,0,1,0
42,12,0,1,2,0,0,0.047619048,1,1,2963,0,1,8,0,0,1,1,1
49,28,0,1,3,0,0,0.081632653,1,7,3014,433561,1,7,0,0,1,0,1
43,35,0,1,2,0,0,0.0,1,47,1950,341948,1,6,0,0,1,1,1
87,14,0,1,2,0,0,0.068965517,0,162,7537,5344,1,14,0,0,3,2,0
56,21,0,0,3,0,0,0.0,0,260,6840,72924,0,9,0,0,0,0,0
23,14,0,0,2,0,0,0.0,0,54,-1,300677,0,6,0,0,0,1,0
26,17,0,0,2,0,0,0.0,0,195,2566,1068010,0,6,0,0,0,1,0
51,24,0,0,2,1,0,0.078431373,0,8,1953,4365,1,9,0,0,0,1,1
67,22,0,0,3,0,0,0.044776119,0,0,5658,886,1,9,0,0,0,3,1
75,23,0,0,3,1,0,0.013333333,0,5,-1,3476673,1,14,0,1,0,0,1
30,21,0,0,2,0,0,0.0,0,0,2695,774417,0,6,1,0,0,1,0
24,15,0,0,2,0,0,0.0,0,121,3320,1134435,0,6,0,0,0,2,0
22,7,0,0,1,0,0,0.090909091,0,1,-1,61657,1,5,0,0,0,1,1
51,18,0,0,2,0,0,0.098039216,0,0,348,0,1,11,0,0,0,2,1
17,10,0,1,2,0,0,0.0,0,12,7253,943419,1,5,0,0,0,1,1
48,15,0,1,2,0,0,0.0,0,127,9283,1126,0,10,0,0,1,2,0
54,35,0,1,2,0,0,0.018518519,0,182,6256,689,0,6,0,0,1,2,0
23,15,0,1,2,0,0,0.0,0,25,-1,0,0,6,0,0,2,1,0
52,23,0,1,3,0,0,0.0,0,77,6128,4156,0,9,0,0,1,1,0
56,15,0,1,2,0,0,0.0,0,241,5883,181,0,11,0,0,1,1,0
55,16,0,0,2,0,0,0.0,0,254,7133,12,0,11,1,0,0,1,0
35,19,0,1,2,0,0,0.0,0,32,6743,850615,0,7,0,0,0,2,0
31,12,0,0,2,0,0,0.0,0,0,998,0,1,6,0,0,0,2,1
45,16,0,0,2,0,0,0.0,0,686,7133,12,0,8,1,0,0,1,0
63,21,0,0,2,0,0,0.0,0,15,5522,2866973,0,13,0,0,0,2,0
60,21,0,0,3,1,0,0.0,2,17,-1,0,1,11,0,0,1,1,1
32,23,0,0,1,0,0,0.0,0,184,-1,0,1,5,0,0,0,2,1
66,13,0,1,3,0,0,0.257575758,1,0,-1,0,1,16,0,1,0,1,1
39,30,0,0,2,0,0,0.0,0,31,1633,149347,1,6,0,0,0,1,1
80,27,0,0,3,0,0,0.05,2,118,5454,74,1,12,0,0,0,2,0
48,23,1,1,3,0,0,0.208333333,0,0,5985,17623,1,11,0,0,0,2,1
41,32,0,0,2,0,0,0.0,0,73,7448,1496780,0,6,1,0,0,1,0
33,25,1,1,3,0,0,0.272727273,1,72,3700,178807,1,7,0,0,0,1,1
64,22,0,1,3,0,1,0.0,0,123,5046,379,0,10,0,0,0,1,0
105,17,0,1,3,1,0,0.047619048,3,0,3630,0,1,15,0,0,0,2,1
39,19,0,0,2,0,1,0.0,1,0,3386,0,1,8,0,0,0,2,1
37,17,0,1,3,0,0,0.027027027,0,81,6477,41369,0,8,0,0,1,1,0
79,21,1,1,3,1,0,0.088607595,0,191,9746,6500,1,12,0,0,2,1,0
32,23,0,0,2,0,0,0.0,0,126,6092,0,0,6,0,0,1,2,0
23,16,0,1,2,0,0,0.0,0,12,7253,943419,1,5,0,0,0,1,1
68,28,0,0,3,0,0,0.0,1,11,-1,0,1,12,0,0,0,1,1
76,60,0,1,3,0,0,0.026315789,1,4,-1,0,1,14,0,0,1,1,1
97,21,0,0,2,1,0,0.010309278,1,112,4305,6785,0,17,0,0,0,2,0
30,23,0,1,1,0,0,0.0,0,0,1,0,1,5,0,0,1,2,1
127,50,1,1,3,1,0,0.149606299,0,51,3992,5697976,1,19,0,1,0,2,1
49,28,0,0,2,0,0,0.0,0,11,2191,16063,1,9,0,0,0,1,1
50,25,0,1,3,0,0,0.02,1,18,3,0,1,9,0,0,0,1,1
81,27,1,1,2,0,0,0.209876543,0,30,5767,0,1,8,0,0,1,1,1
58,18,0,1,1,0,0,0.0,0,66,3271,0,1,9,0,0,0,1,1
24,15,0,0,2,0,0,0.0,0,49,3157,408523,0,6,0,0,0,1,0
75,14,0,1,2,0,0,0.026666667,0,0,-1,0,1,13,0,0,0,2,1
41,13,0,1,3,0,0,0.1707317069999999,0,0,3995,872336,0,9,0,0,0,3,0
65,21,0,1,3,0,0,0.015384615,1,0,12811,685,1,11,0,0,0,3,0
69,38,0,1,3,0,1,0.0,2,21,5616,0,1,14,0,0,0,2,1
107,18,0,0,3,0,0,0.018691589,0,32,6240,62,0,19,1,0,0,0,0
30,11,0,1,2,0,0,0.0,0,0,1111,0,1,6,0,0,0,2,1
77,18,0,1,2,1,0,0.0,5,0,4283,0,1,13,0,0,1,1,1
56,16,0,0,2,0,0,0.0,0,405,7130,12,0,10,1,0,0,0,0
37,14,0,0,2,0,0,0.0,0,9,5160,115,1,7,1,0,2,0,0
97,16,0,0,3,0,0,0.0,0,263,9037,143145,1,13,0,0,2,1,0
44,19,0,1,2,0,0,0.0,0,200,6670,6844,0,8,0,0,1,2,0
31,22,0,0,2,0,0,0.0,0,59,-1,865772,0,8,0,0,0,1,0
30,22,0,1,2,0,1,0.0,0,82,7299,2794767,0,6,1,0,0,2,0
72,45,0,0,3,0,1,0.111111111,0,0,5614,0,1,14,0,1,0,2,1
74,15,0,0,3,1,1,0.0,0,58,7336,54592,0,12,0,0,0,2,0
21,12,0,0,2,0,0,0.0,0,537,5456,954040,0,6,0,0,0,1,0
128,50,1,0,3,1,0,0.125,0,4,4003,5816617,1,19,0,1,1,1,1
54,18,0,1,3,1,0,0.0,0,101,8017,53310,0,10,0,1,1,1,0
65,20,0,1,3,1,0,0.030769231,0,96,6679,6628,0,11,0,0,1,2,0
31,22,0,0,2,0,0,0.0,0,111,4933,170901,0,6,0,0,0,2,0
39,18,0,0,2,0,0,0.0,0,30,889,3518615,0,7,0,0,0,2,1
37,29,0,1,2,1,0,0.0,0,25,-1,0,1,7,0,0,1,1,1
79,26,0,1,3,0,0,0.063291139,0,115,9127,4148,0,10,0,0,1,1,0
23,15,0,0,3,0,0,0.0,0,67,3172,5952916,0,6,0,0,0,2,0
48,18,0,1,2,0,0,0.0,0,85,9021,207068,0,8,0,1,0,2,0
59,21,0,1,2,0,0,0.06779661,1,4,3318,0,1,11,0,0,1,1,1
51,10,0,1,2,1,0,0.0,3,7,657,0,1,11,0,0,0,1,1
128,50,1,0,3,1,0,0.109375,0,4,4003,5816617,1,19,0,1,1,1,1
41,13,0,1,3,0,1,0.0,0,0,-1,2758579,0,8,0,0,0,0,0
49,12,0,1,1,0,1,0.12244898,0,0,2102,0,1,10,0,0,0,2,1
80,17,0,1,2,1,1,0.1,0,172,7804,256,1,16,0,0,2,1,0
38,19,0,0,1,1,0,0.0,0,0,214,0,1,6,0,0,1,2,1
26,17,0,0,2,1,0,0.0,0,299,1971,1716959,0,7,0,0,0,1,0
42,13,0,1,3,0,0,0.0,0,16,809,46135,0,22,0,0,1,1,1
92,23,1,0,3,1,0,0.119565217,3,23,-1,0,1,15,0,0,0,1,1
143,64,0,1,3,0,0,0.041958042,0,0,7211,0,1,17,0,0,0,2,1
45,38,0,1,2,0,1,0.022222222,0,14,7295,0,1,5,1,0,1,1,1
136,31,1,0,2,0,0,0.352941176,0,0,5158,0,1,8,1,1,0,1,1
69,36,0,1,3,0,0,0.0,0,36,3823,3973747,0,11,0,1,1,1,0
35,27,0,1,2,1,0,0.085714286,0,28,7142,8441470,1,7,0,0,0,2,1
81,17,0,1,3,1,0,0.0,0,63,5509,147176,0,13,0,0,0,1,0
45,16,0,0,2,0,0,0.0,0,683,7133,12,0,8,1,0,0,1,0
34,26,0,1,2,0,0,0.0,0,31,1015,1196152,0,10,0,0,0,1,1
30,13,0,0,2,0,0,0.0,0,1,2053,6980407,1,7,0,0,0,2,1
30,14,1,1,3,0,0,0.3666666670000001,0,1,-1,0,0,9,0,1,0,2,1
46,17,0,1,2,0,1,0.0,0,35,3057,71053,1,9,0,0,1,0,0
51,17,0,1,2,0,0,0.078431373,0,7,2563,0,1,8,0,0,0,1,1
64,19,0,1,3,0,0,0.0,0,116,8443,41958,0,10,0,0,0,2,0
27,19,0,1,1,0,0,0.0,0,37,6344,2108905,0,5,0,0,1,2,0
65,15,0,1,3,0,0,0.092307692,0,218,10316,3499,0,11,0,0,1,0,0
26,17,0,0,2,0,0,0.0,0,96,8423,2854858,0,6,0,0,0,1,0
41,34,0,1,2,0,1,0.0,0,14,7295,0,1,5,1,0,1,1,1
55,13,0,1,3,0,0,0.0,2,139,-1,0,1,11,0,0,3,2,1
25,17,0,1,2,0,0,0.0,0,337,-1,963630,0,6,0,0,0,3,0
26,17,0,0,2,0,0,0.0,0,1,5760,772418,0,6,0,0,0,2,0
18,10,0,1,2,0,0,0.166666667,0,78,5058,625423,0,6,0,0,0,1,0
27,14,0,1,1,0,0,0.148148148,0,75,-1,24730,0,6,0,0,1,1,0
29,20,0,0,2,0,0,0.034482759,0,8,1336,20989,0,6,0,0,0,0,1
28,20,0,1,2,0,0,0.0,0,34,4804,0,0,6,0,0,0,1,0
100,43,1,1,3,0,0,0.29,0,6,677,3961768,1,14,0,0,0,2,1
26,17,0,0,2,0,0,0.0,0,194,7508,475483,0,6,0,0,0,2,0
78,23,0,0,2,0,0,0.064102564,0,215,4061,99,0,12,1,0,0,2,0
27,19,0,1,2,0,0,0.0,0,157,4624,343636,0,6,0,0,1,2,0
47,20,0,0,3,0,0,0.0,0,149,8047,2603,0,9,0,0,0,2,0
25,17,0,1,2,0,0,0.0,0,37,3124,2239411,0,6,0,0,0,2,0
66,20,0,1,3,0,0,0.075757576,0,472,9261,4967,0,15,0,0,1,2,0
40,14,0,0,3,0,0,0.0,0,134,6485,23930,0,8,0,0,0,2,0
34,26,0,0,2,0,0,0.117647059,0,24,6381,0,1,5,1,0,1,1,1
64,19,0,1,2,0,0,0.0,0,146,6661,3700,0,11,0,0,0,2,0
81,12,0,1,3,0,0,0.086419753,1,0,-1,30064,0,15,0,0,1,3,0
64,21,0,1,2,1,0,0.0,3,0,497,0,1,10,0,0,1,2,1
33,16,0,1,1,0,0,0.0,0,23,-1,0,1,6,0,0,1,2,1
128,54,1,1,3,1,0,0.171875,0,51,3993,5707171,1,19,0,1,1,2,1
25,16,0,0,2,0,0,0.08,0,52,2169,0,0,6,0,0,1,0,0
113,87,1,1,3,0,0,0.283185841,0,4,1834,0,1,19,0,0,1,1,1
54,11,0,0,2,0,1,0.166666667,0,58,7828,384,1,7,0,0,0,0,1
85,18,1,1,3,0,0,0.364705882,0,0,-1,0,1,9,0,0,0,2,1
155,47,1,0,3,0,0,0.141935484,1,1,2975,302094,1,23,0,0,0,1,1
41,18,0,0,2,0,0,0.0,0,166,8710,3682,0,7,0,0,0,0,0
145,25,1,1,3,1,0,0.103448276,3,98,3032,6616194,1,18,0,0,1,2,1
33,25,1,1,3,0,0,0.272727273,1,74,3698,179705,1,7,0,0,0,1,1
49,25,0,1,2,0,0,0.0,0,204,6255,688,0,6,0,0,1,2,0
41,16,1,1,3,0,0,0.1707317069999999,0,87,5694,320,1,8,1,0,2,0,0
66,15,1,0,1,0,0,0.106060606,0,62,4342,3531476,0,10,0,0,0,1,1
213,18,1,1,3,1,0,0.431924883,2,31,1015,1196152,1,19,0,0,0,1,1
119,42,1,1,3,0,0,0.084033613,0,51,3993,5707171,1,18,0,1,0,2,1
183,15,1,1,3,0,0,0.256830601,1,12,2106,0,1,24,0,0,0,2,1
35,27,0,1,2,0,0,0.0,1,37,4503,0,0,6,0,0,1,2,1
70,29,1,1,2,0,0,0.3,0,0,3984,0,1,7,0,0,0,2,1
100,38,0,1,2,0,0,0.0,0,1,3157,0,1,14,0,0,4,2,1
27,16,0,1,2,0,0,0.0,0,30,4083,0,0,7,0,0,1,1,0
275,25,1,1,3,1,0,0.225454545,3,10,531,0,1,50,0,0,1,0,1
34,27,0,1,2,0,0,0.029411765,0,290,2882,0,0,5,0,0,0,1,0
19,11,0,1,2,0,0,0.0,0,0,3208,551776,0,6,0,0,0,2,1
66,26,1,1,2,1,0,0.318181818,0,0,5769,0,1,7,0,0,1,2,1
260,27,0,1,3,0,0,0.126923077,1,1,7083,17964,1,14,0,1,0,2,1
23,16,0,1,1,0,0,0.0,0,145,1997,2273893,0,4,0,0,1,2,0
55,12,0,1,3,0,0,0.018181818,0,118,-1,4706,1,11,0,0,1,1,0
38,29,0,0,3,1,0,0.0,0,58,8887,6602,0,8,0,0,0,2,1
141,16,0,1,3,0,0,0.0,0,407,7765,342953,0,22,0,0,1,0,0
26,17,0,0,2,0,0,0.0,0,19,-1,0,0,6,0,0,0,0,0
46,13,0,0,2,0,0,0.02173913,0,17,8635,17805,0,10,0,0,0,1,0
86,21,0,1,2,1,0,0.0,0,61,4352,10905,0,15,0,0,1,1,0
124,46,1,0,3,0,0,0.193548387,0,4,4003,5816617,1,19,0,1,1,1,1
72,18,1,1,2,0,0,0.291666667,0,0,248,0,1,9,0,0,0,2,1
54,16,0,1,3,0,0,0.037037037,0,45,-2,4389491,0,10,0,0,0,2,0
249,37,1,0,2,0,0,0.16064257,0,7,216,0,1,32,0,1,0,1,1
42,19,0,1,3,0,0,0.0,1,0,4633,8237707,1,9,0,0,0,2,1
38,9,0,1,1,0,0,0.052631579,0,1,-1,0,1,6,0,0,2,1,1
41,18,0,1,3,0,0,0.0,0,3,1302,0,1,8,0,0,1,1,1
32,20,0,1,2,0,0,0.03125,0,0,-1,0,1,7,0,0,0,2,1
50,22,0,1,2,1,0,0.0,0,36,3849,829106,0,8,0,0,1,2,0
29,21,0,1,2,0,0,0.0,0,97,1302,414380,0,6,0,0,1,2,0
1386,15,1,1,3,0,0,0.194083694,10,10,-1,9366151,0,102,1,0,0,1,1
58,11,0,1,3,0,0,0.0,0,0,12844,565,0,11,0,0,0,3,0
39,13,0,1,2,1,0,0.0,0,12,1771,0,1,9,0,0,1,1,1
92,14,0,0,3,0,0,0.043478261,0,117,7479,629,0,16,0,0,1,0,0
93,34,0,1,3,1,0,0.032258065,1,12,1532,4691,1,15,0,0,0,1,1
47,19,0,0,1,1,1,0.0,0,237,2,0,1,9,0,0,0,2,1
76,50,1,1,3,1,0,0.118421053,0,51,3992,5697976,1,10,0,1,1,2,1
44,14,1,1,3,0,0,0.159090909,0,136,7159,2336,1,9,0,0,2,1,0
20,11,0,0,2,0,0,0.0,0,150,7199,0,0,6,0,0,0,1,0
19,12,0,1,1,0,0,0.0,0,173,1301,82728,0,4,0,0,0,2,0
38,31,0,1,2,0,1,0.0,0,14,7295,0,1,5,1,0,1,1,1
199,13,0,0,3,0,1,0.195979899,0,14,4564,7504096,1,33,1,0,0,2,1
31,18,0,1,2,0,0,0.193548387,0,32,72,0,1,6,0,1,1,1,1
26,14,0,1,2,0,0,0.0,0,2,2693,0,0,7,1,0,0,1,0
45,25,0,1,2,0,0,0.0,0,216,6260,684,0,6,0,0,1,2,0
24,15,0,0,2,0,0,0.0,0,205,9076,650281,0,6,0,0,0,1,0
68,17,0,1,3,0,0,0.0,0,177,8144,12364,0,11,0,1,1,0,0
58,19,0,1,2,0,0,0.0,0,18,7529,42991,0,11,0,0,1,2,0
31,22,0,0,2,0,0,0.0,0,113,2984,350136,0,6,0,0,0,2,0
148,42,0,0,2,1,1,0.060810811,0,19,8018,0,1,18,0,1,0,1,1
181,28,1,1,3,1,1,0.127071823,4,26,1931,0,1,21,0,1,0,1,1
40,16,0,0,2,0,0,0.0,0,144,8517,8,0,7,1,0,0,0,0
59,25,0,1,3,0,0,0.0,0,0,195,0,1,11,0,0,0,2,1
79,18,1,0,3,1,1,0.101265823,0,31,10677,23,1,14,1,0,1,0,0
39,22,0,1,3,0,0,0.0,1,103,7050,1222496,1,7,0,0,1,2,1
30,22,0,1,2,0,0,0.2,2,15,540,2368593,0,6,0,0,0,0,1
29,15,1,1,3,0,0,0.448275862,0,0,-1,0,1,7,0,1,0,2,1
81,27,1,1,2,0,0,0.271604938,0,30,5767,0,1,8,0,0,1,1,1
68,28,0,1,3,0,0,0.0,0,1,58,0,1,12,0,0,0,2,0
29,20,0,0,2,0,1,0.0,0,85,1968,2090120,0,6,0,0,0,0,0
20,11,0,0,2,0,0,0.0,0,650,8466,3224587,0,6,0,0,0,2,0
38,29,0,0,2,0,0,0.0,0,31,3028,482666,0,6,0,0,0,1,0
61,20,1,1,2,0,0,0.278688525,0,0,7645,0,1,7,0,0,0,2,1
81,14,0,1,3,0,0,0.0123456789999999,0,11,-1,1772670,1,19,0,1,1,1,1
45,21,0,1,2,0,0,0.044444444,0,20,-1,0,1,7,0,0,1,1,1
49,23,0,1,2,0,0,0.0,0,4,5643,0,1,9,0,0,1,1,1
127,50,1,0,3,1,0,0.157480315,0,51,3992,5697976,1,18,0,1,1,2,1
32,14,0,1,1,0,0,0.1875,0,149,496,503691,1,6,0,0,0,2,1
24,15,0,0,2,0,0,0.0,0,106,8594,5556103,0,6,0,0,0,1,0
40,22,0,1,2,0,0,0.0,0,220,7586,988,0,6,0,0,1,2,0
58,13,0,1,3,0,0,0.0172413789999999,0,77,8759,125,0,12,1,0,0,0,0
210,13,1,0,2,0,0,0.3619047620000001,1,84,1496,0,1,17,0,0,1,0,1
47,14,0,1,2,0,0,0.042553191,1,0,3972,0,1,9,0,0,0,2,1
34,14,0,1,2,1,0,0.0,0,108,8973,11722,0,8,0,0,1,0,0
20,13,0,1,1,0,0,0.0,0,105,2144,0,0,4,0,0,0,1,0
52,16,0,1,2,0,0,0.192307692,0,0,559,0,1,9,0,0,0,2,1
59,18,0,1,2,0,0,0.0,0,96,4490,2900,0,11,0,0,1,2,0
29,10,0,1,2,0,0,0.0,1,145,5111,5692030,1,9,0,0,1,1,1
53,28,1,1,3,1,1,0.169811321,2,21,5615,0,1,11,0,0,0,2,1
48,20,0,0,3,0,0,0.125,0,86,8043,2572,0,8,0,0,0,2,0
24,17,0,1,2,0,0,0.0,0,12,7446,0,1,5,0,1,0,1,1
92,17,1,0,3,0,0,0.141304348,1,0,9338,21,0,12,0,0,0,1,1
40,16,0,0,2,0,0,0.0,0,961,7131,12,0,7,1,0,0,1,0
56,11,0,1,2,1,0,0.0,1,0,1561,0,1,12,0,0,0,2,1
276,31,1,1,3,0,0,0.333333333,4,2,1653,0,1,22,0,0,1,1,1
87,22,0,1,2,0,0,0.0,2,8,1157,6720001,1,16,0,1,0,1,1
28,20,0,1,2,0,0,0.0,0,22,3190,1495789,0,6,0,0,1,2,0
66,13,0,1,2,0,0,0.0,0,167,8375,31104,1,13,0,0,2,0,0
110,19,1,1,3,0,0,0.1363636359999999,0,33,-1,624875,0,17,0,0,1,1,0
72,14,0,1,2,1,0,0.027777778,0,99,12544,857,1,12,1,1,3,0,0
70,17,1,1,1,0,0,0.114285714,0,232,6057,41,0,10,1,0,1,2,0
34,25,0,0,2,1,0,0.0,0,28,7067,2346363,1,7,0,0,0,2,1
40,20,0,1,3,0,1,0.0,0,150,7310,10814,0,7,0,0,1,1,0
47,13,0,1,2,0,0,0.0,0,9,7534,0,1,9,0,0,2,2,1
39,22,0,0,2,0,0,0.128205128,0,0,-1,4935754,0,6,0,0,0,2,1
21,13,0,1,2,0,0,0.19047619,0,45,671,0,1,6,0,0,0,2,1
76,24,0,1,3,0,0,0.0,0,36,8248,27990,0,11,0,0,0,1,0
39,22,0,1,2,0,0,0.0,0,186,7583,969,0,7,0,0,1,2,0
110,15,1,1,3,0,0,0.127272727,0,259,3825,0,1,17,0,0,1,1,1
54,16,0,0,2,0,0,0.0,0,137,7131,12,0,9,1,0,0,1,0
31,23,0,1,2,0,1,0.0,0,365,7297,0,0,6,1,0,1,2,0
83,20,0,1,3,1,0,0.012048193,3,185,495,0,1,14,0,0,2,2,1
24,5,0,1,1,0,0,0.125,0,76,-1,134401,1,5,0,0,3,1,1
275,20,1,1,3,1,0,0.367272727,5,1,658,9558648,1,23,0,0,0,2,1
87,13,1,1,2,0,1,0.264367816,0,16,2115,0,1,12,0,0,0,2,1
61,16,0,1,2,1,0,0.0,3,13,2221,0,1,11,0,0,0,1,1
163,15,1,1,3,0,0,0.325153374,3,26,2668,0,1,20,0,0,0,1,1
49,16,0,0,2,1,1,0.0,0,227,3893,173,1,9,1,0,2,2,0
43,34,0,0,2,0,0,0.0,0,21,6156,0,0,6,0,0,0,2,0
37,20,0,0,2,0,0,0.0,0,106,5819,1969325,0,7,0,0,0,1,0
59,20,0,1,3,0,0,0.06779661,1,111,8352,1321,0,10,0,0,1,2,0
40,22,0,1,2,0,0,0.0,0,195,7583,965,0,6,0,0,1,2,0
43,14,0,1,3,0,0,0.139534884,0,63,7157,2272,1,9,0,0,2,2,0
138,7,0,1,2,0,0,0.028985507,1,12,293,0,1,22,0,0,0,0,1
53,12,1,1,3,0,0,0.188679245,0,0,-1,0,1,11,0,1,0,2,1
23,16,0,1,2,0,0,0.0,0,87,-1,1283724,0,5,0,0,1,2,0
29,21,0,1,2,0,1,0.068965517,0,36,7621,56198,1,6,0,0,0,1,1
70,16,0,0,2,0,0,0.128571429,0,10,8347,1,1,10,1,0,0,0,1
34,27,0,1,2,0,1,0.0,0,195,7298,0,0,7,1,0,1,1,0
34,26,0,1,2,0,0,0.0,1,47,1950,341948,1,6,0,0,1,1,1
90,17,1,1,1,0,0,0.088888889,0,355,6054,41,0,16,1,0,1,2,0
62,10,1,1,1,0,0,0.370967742,0,48,-1,0,1,7,0,0,1,2,1
30,23,0,1,2,0,1,0.033333333,0,14,7295,0,1,5,1,0,1,1,1
33,25,0,1,1,0,0,0.0,0,14,2941,812399,0,5,0,0,1,2,0
106,17,0,1,3,1,0,0.0,4,6,4609,0,1,20,0,0,0,1,1
16,7,0,0,1,0,0,0.0,0,0,334,0,0,5,0,0,0,2,1
42,19,0,1,2,0,0,0.0,0,18,4733,576147,0,7,0,0,0,1,0
57,18,0,1,3,0,0,0.105263158,2,35,4454,1467571,0,9,0,0,0,1,0
38,16,0,1,2,0,0,0.0,0,1,1377,0,0,7,0,0,0,2,1
75,27,1,1,3,0,0,0.253333333,0,21,6963,354872,1,8,0,0,0,2,1
45,12,0,1,1,1,0,0.0,0,7,91,0,1,10,0,0,0,0,1
110,23,0,1,3,1,0,0.036363636,2,4,1797,0,1,17,0,0,1,1,1
47,18,0,1,1,0,0,0.0,0,979,3584,250391,0,7,0,0,1,2,0
99,14,1,1,3,0,0,0.171717172,0,166,7984,348,1,19,1,0,3,0,0
36,16,0,0,2,0,0,0.0,0,191,7134,13,0,7,1,0,0,0,0
45,32,0,1,2,1,1,0.022222222,0,103,7189,481145,1,8,0,0,1,2,1
67,38,0,1,3,0,0,0.0,0,9,-1,0,1,9,0,0,0,2,1
32,16,0,1,3,0,0,0.0,0,0,1000,0,1,7,0,0,0,0,1
32,24,0,1,3,0,0,0.0,0,47,1,0,1,8,0,0,0,2,1
29,20,0,0,2,0,0,0.0,0,181,2479,2339837,0,6,0,0,0,2,0
91,17,1,0,2,1,0,0.087912088,1,41,9310,6136,0,12,0,0,0,1,0
34,25,0,0,2,0,0,0.0,0,67,3360,60722,0,6,0,0,0,2,0
34,14,0,0,3,0,0,0.0,0,0,6573,0,0,7,0,0,0,1,0
42,34,0,1,2,0,0,0.023809524,1,47,1950,341948,1,6,0,0,1,1,1
22,13,0,0,2,0,0,0.0,0,278,-1,70132,0,6,0,0,0,0,0
37,15,0,1,3,0,0,0.0,1,122,-1,198565,1,8,0,0,0,1,0
13,6,0,1,1,0,0,0.076923077,0,26,-1,1779698,0,4,0,0,1,2,0
79,19,0,1,3,1,0,0.075949367,0,0,4603,797163,1,15,0,1,0,2,1
55,25,0,1,3,0,0,0.0,0,29,4887,0,0,11,0,0,0,2,0
36,28,0,1,3,1,0,0.0,0,53,252,2602858,1,8,0,1,4,2,1
94,43,0,1,2,1,0,0.0,2,3,330,0,1,10,0,0,0,1,1
123,17,1,0,2,0,0,0.325203252,0,6,9339,21,0,19,0,0,0,1,1
26,17,0,0,3,0,0,0.0,0,161,8757,108411,0,7,0,0,0,0,0
48,16,0,0,2,0,0,0.0,0,193,7134,13,0,8,1,0,0,0,0
113,32,1,1,3,1,0,0.274336283,0,7,521,375731,1,12,0,1,0,1,1
24,15,0,0,2,0,0,0.0,0,260,-1,94585,0,6,0,0,0,1,0
22,13,0,0,2,0,0,0.090909091,0,17,7485,93739,0,6,0,0,0,0,0
72,16,1,1,2,1,0,0.097222222,0,95,3958,1171381,0,14,0,0,1,0,0
26,18,0,1,2,1,0,0.0,0,383,2971,8916361,0,7,0,0,0,2,0
52,25,0,1,2,0,0,0.0,0,4,-1,0,1,9,0,0,1,1,1
26,14,0,1,2,0,0,0.0,0,13,-1,0,1,6,0,0,0,1,1
70,49,1,0,3,0,1,0.242857143,0,0,5626,0,1,12,0,1,0,2,1
46,11,0,1,3,1,0,0.152173913,2,0,-1,0,1,10,0,0,0,2,1
49,16,0,0,2,0,0,0.0,0,1451,7133,12,0,9,1,0,0,1,0
87,17,0,0,3,0,0,0.091954023,0,38,256,0,1,11,0,0,0,1,1
63,27,0,1,2,0,0,0.095238095,0,69,7156,2250,1,11,0,1,1,2,0
44,18,0,0,2,0,0,0.0,0,47,5028,9583,0,7,0,0,2,2,0
75,11,0,0,2,1,0,0.106666667,2,5,1939,8011140,1,15,0,0,1,1,0
60,24,0,1,2,1,0,0.166666667,0,0,377,0,1,10,0,0,0,2,1
21,12,0,0,2,0,0,0.0,0,51,6135,0,0,6,0,0,0,1,0
72,28,0,1,3,0,0,0.0,1,23,976,0,1,9,0,0,3,1,1
22,15,0,1,2,0,0,0.0,0,99,3505,0,0,5,0,0,1,2,0
59,23,0,1,3,0,0,0.06779661,0,95,-1,98797,0,10,0,0,1,2,0
93,20,1,1,3,1,0,0.129032258,2,185,495,0,1,13,0,0,2,2,1
21,14,0,1,1,0,0,0.0,0,378,-1,81605,0,4,0,0,0,1,0
42,28,0,1,1,0,0,0.0,0,1,286,0,0,5,0,0,2,1,1
96,24,0,1,2,1,1,0.145833333,0,274,7121,33109,1,19,0,0,0,2,0
31,24,0,1,3,0,0,0.0,0,11,-1,4270990,0,6,0,0,1,2,0
18,11,0,1,2,0,0,0.0,0,12,7253,943419,1,5,0,0,0,1,1
31,12,0,1,2,0,0,0.129032258,0,0,9267,8505,0,7,0,0,1,2,0
24,16,0,1,2,0,0,0.0,0,604,4687,0,0,6,0,0,0,1,0
32,23,0,0,2,0,0,0.0,0,141,8547,4793022,0,6,0,0,0,2,0
38,29,0,0,2,0,0,0.0,0,102,7449,0,0,6,1,0,0,2,0
38,30,0,1,3,1,0,0.105263158,0,103,6844,904078,1,8,0,0,1,2,1
64,36,0,1,2,0,0,0.0,1,181,1684,4908352,1,8,0,0,1,2,1
61,18,0,0,2,1,0,0.0,0,22,5452,125976,1,9,0,0,2,1,0
28,19,0,0,2,0,0,0.0,0,18,1931,3635818,0,6,0,0,0,2,0
41,14,0,1,3,0,1,0.0,0,0,7219,737,0,8,0,0,1,2,0
43,21,0,1,2,0,0,0.0,0,22,1460,0,1,6,0,0,1,2,1
26,18,0,1,2,0,0,0.0,0,93,-1,765762,0,6,0,0,1,2,0
28,19,0,0,2,0,0,0.0,0,486,1903,328534,0,6,0,0,0,2,0
22,15,0,1,2,0,0,0.0,0,1,-1,0,1,5,0,0,1,1,1
77,21,0,1,3,1,0,0.012987013,3,14,1728,0,1,13,0,0,0,2,1
144,24,1,1,1,0,0,0.208333333,0,533,2,0,1,21,0,0,0,2,1
43,27,0,1,2,1,0,0.0,0,0,3934,0,1,9,0,0,0,1,1
106,18,1,1,3,0,0,0.150943396,0,7,-1,0,1,16,0,0,0,1,1
54,17,0,1,3,0,0,0.0,0,177,5447,58454,1,9,0,0,0,1,0
52,17,0,1,2,0,0,0.0,1,123,10182,2931,0,9,0,1,1,2,0
39,30,0,0,2,0,0,0.0,0,303,7447,0,0,6,1,0,0,2,0
23,16,0,1,2,0,0,0.0,0,196,7533,333891,0,6,0,0,1,2,0
29,21,0,0,2,0,0,0.0,0,44,-1,0,0,6,0,0,0,1,0
61,15,0,1,2,0,0,0.0,0,66,8831,2695,1,12,0,0,1,1,0
38,14,0,0,2,0,0,0.0,0,134,5161,114,1,7,1,0,0,0,0
41,16,0,1,3,0,0,0.0,0,26,2956,0,1,9,0,0,1,2,1
51,17,0,1,3,0,0,0.0,0,5,12350,7863,0,10,0,0,0,1,0
29,20,0,0,2,0,0,0.0,0,71,8463,303877,0,6,0,0,0,0,0
106,19,1,1,2,1,0,0.216981132,3,88,2046,0,1,13,0,0,1,1,1
57,16,0,0,2,0,0,0.0,0,352,7133,12,1,11,1,0,0,1,0
116,26,0,0,3,0,1,0.068965517,0,11,8019,0,1,13,0,0,1,2,1
32,23,0,0,2,0,1,0.09375,0,14,7295,0,1,6,1,0,0,1,1
23,15,0,1,2,1,0,0.0,0,38,4647,0,0,7,0,0,1,2,0
41,15,1,1,1,1,0,0.243902439,0,70,1709,2901383,0,9,0,0,1,2,0
71,35,0,1,2,1,0,0.0845070419999999,0,3,-2,0,1,11,0,0,1,1,1
79,11,0,1,3,0,0,0.075949367,1,16,-1,4436986,1,16,0,0,0,2,1
29,20,0,0,2,0,1,0.0,0,140,7296,408732,0,6,1,0,0,2,0
119,16,0,1,3,1,1,0.033613445,1,0,8453,72686,0,22,0,0,1,3,0
458,23,1,0,3,0,0,0.408296943,0,1,7086,18263,1,19,0,0,0,2,1
46,21,0,1,3,0,1,0.043478261,0,0,5331,0,1,9,0,0,0,2,1
104,16,0,0,2,1,0,0.048076923,2,132,1706,4830221,1,17,0,0,2,2,1
58,32,0,1,2,1,0,0.0,2,11,2232,9330247,1,9,0,0,0,1,1
83,19,0,1,3,0,0,0.0,0,66,330,0,1,11,0,0,2,1,1
77,23,1,1,1,0,0,0.272727273,0,30,5767,0,1,7,0,0,1,1,1
69,28,0,1,3,0,0,0.043478261,0,36,5396,42544,0,11,0,0,1,2,0
16,9,0,1,1,0,0,0.0,0,13,41,0,0,4,0,0,0,0,0
78,22,0,0,2,0,0,0.076923077,0,119,1261,5796653,0,12,0,0,0,2,0
52,14,0,0,3,1,0,0.057692308,0,4,-1,0,1,10,0,0,1,1,1
27,16,0,1,2,0,0,0.0,0,153,3016,184890,0,7,0,1,2,0,0
28,20,0,1,2,0,0,0.0,0,15,4515,0,0,6,0,0,0,2,0
50,15,0,0,2,0,1,0.12,0,483,9280,126,1,10,1,0,1,0,0
73,16,0,1,3,0,0,0.0821917809999999,0,174,2775,7193681,0,13,0,0,0,1,0
35,9,0,1,1,0,0,0.057142857,0,269,9269,8474,0,7,0,0,3,2,0
37,19,0,0,2,0,0,0.0,0,0,1199,0,1,7,0,0,0,2,1
97,25,0,0,2,0,0,0.06185567,0,131,5163,374021,0,17,0,0,0,2,0
25,14,0,1,2,0,0,0.0,0,0,2427,0,1,7,0,0,0,2,1
43,14,0,1,3,0,0,0.139534884,0,69,7159,2320,1,9,0,0,2,2,0
49,28,0,1,1,0,0,0.0,1,19,6391,0,1,5,0,0,1,2,1
27,18,0,0,3,0,0,0.0,0,101,3706,2945433,0,7,0,0,0,1,0
77,23,1,1,1,0,0,0.207792208,0,30,5767,0,1,7,0,0,1,1,1
75,39,0,1,3,1,0,0.08,0,3,11,0,1,12,0,0,1,1,1
32,17,0,0,1,0,0,0.0,0,53,6871,2774303,1,6,0,0,1,2,1
49,14,0,0,2,0,0,0.0,0,72,7812,210,0,9,0,0,0,1,0
45,12,0,1,1,0,0,0.0,0,32,3828,5619,0,8,0,0,1,1,0
148,16,1,0,2,1,0,0.216216216,1,4,883,0,1,24,0,0,0,1,1
64,17,0,1,3,1,0,0.0,3,192,2345,0,1,13,0,0,1,2,1
28,20,0,0,2,0,0,0.0,0,13,-1,0,0,5,0,0,0,0,0
68,42,1,1,3,0,0,0.132352941,0,51,3993,5707171,1,9,0,1,1,2,1
76,32,0,1,2,1,0,0.0,3,22,287,0,1,11,0,0,0,1,1
124,46,1,0,3,0,0,0.153225806,0,51,3993,5707171,1,19,0,1,0,2,1
33,25,0,0,2,0,1,0.03030303,0,14,7297,0,1,6,1,0,0,1,1
52,20,0,1,2,0,0,0.038461538,0,32,7445,145656,1,10,0,0,1,2,0
54,36,0,0,2,0,1,0.0,0,11,7296,0,1,10,1,0,0,2,1
59,19,0,1,2,0,0,0.0,0,151,5961,3729,0,8,0,0,1,1,0
89,81,1,1,3,1,0,0.247191011,0,1,-1,0,1,13,1,1,0,0,1
74,39,0,1,3,1,0,0.081081081,0,3,11,0,1,11,0,0,1,1,1
27,16,0,1,1,1,0,0.0,0,0,718,0,1,7,0,0,0,2,1
56,16,1,1,3,1,0,0.25,0,0,5803,0,1,10,0,0,0,2,1
36,28,0,1,2,0,0,0.0,0,3,-1,0,0,6,0,0,0,1,0
39,25,0,1,2,0,0,0.0,0,262,6259,682,0,6,0,0,1,2,0
40,33,0,1,2,0,0,0.2,0,27,5159,0,0,6,1,0,1,1,0
30,13,0,1,1,0,0,0.0,0,1,4019,0,1,7,0,0,1,1,1
32,13,0,0,1,0,0,0.0,0,84,1496,2979260,1,7,0,0,1,0,1
27,14,0,0,1,0,0,0.111111111,0,37,1204,379676,1,6,0,0,0,1,0
25,17,0,1,2,0,0,0.0,0,15,6378,0,0,6,0,0,1,1,0
127,50,1,0,3,1,0,0.204724409,0,51,3993,5707171,1,18,0,1,1,2,1
81,54,1,1,3,1,0,0.148148148,0,4,4003,5816617,1,12,0,1,1,1,1
73,33,0,1,3,0,0,0.02739726,0,211,323,0,1,12,0,0,0,1,1
57,21,1,0,3,1,1,0.105263158,0,23,10677,23,1,10,1,0,1,0,0
113,24,1,1,3,0,0,0.159292035,0,6,4225,11753,1,13,0,0,0,1,1
49,16,0,0,2,0,0,0.0,0,353,7129,12,0,8,1,0,0,0,0
27,15,0,1,2,0,0,0.074074074,0,4,358,0,1,7,0,0,0,1,1
68,22,0,1,3,0,0,0.058823529,0,91,7351,0,0,12,0,0,0,1,0
31,23,0,1,2,0,1,0.0,0,263,7298,2347807,0,6,1,0,1,2,0
57,40,0,1,3,0,1,0.052631579,1,22,5627,0,1,11,0,0,0,2,1
129,54,1,1,3,1,0,0.170542636,0,51,3992,5697976,1,20,0,1,0,2,1
201,22,1,1,2,0,0,0.417910448,2,6,1206,0,1,14,0,0,0,1,1
110,34,0,0,3,0,0,0.054545455,0,0,7448,385,1,17,1,1,0,3,0
61,12,1,1,3,0,0,0.114754098,0,55,7919,5635,0,11,0,0,1,1,0
35,27,0,1,2,0,0,0.0,0,88,152,5008870,1,6,0,0,4,1,1
126,50,1,1,3,1,0,0.150793651,0,51,3992,5697976,1,18,0,1,1,2,1
127,50,1,1,3,1,0,0.165354331,0,51,3993,5707171,1,19,0,1,0,2,1
56,20,0,1,3,0,0,0.107142857,0,32,5440,0,1,10,1,0,1,1,0
30,21,0,0,2,0,0,0.0,0,268,4384,0,0,6,0,0,0,2,0
88,14,1,0,2,0,0,0.090909091,0,293,9397,15,0,14,1,1,0,0,0
44,17,1,1,2,1,0,0.181818182,0,12,-1,0,1,9,0,0,0,0,0
37,28,0,0,2,0,0,0.0,0,51,5526,749882,0,6,0,0,1,2,0
52,25,1,1,2,0,0,0.288461538,0,13,56,0,0,11,0,1,0,0,1
67,36,0,0,3,1,0,0.0,0,80,-1,758839,0,9,0,0,1,2,0
19,11,0,1,2,0,0,0.1578947369999999,0,45,-2,0,1,6,0,0,0,2,1
47,10,1,1,2,1,0,0.404255319,0,239,199,0,1,9,0,0,0,2,1
61,19,0,1,3,1,0,0.06557377,3,1,2517,0,1,13,0,0,0,1,1
32,23,0,0,2,0,0,0.0,0,72,3015,1975489,0,6,0,0,0,1,0
22,13,0,0,2,0,0,0.0,0,52,-1,976514,0,6,0,0,0,1,0
126,50,1,0,3,1,0,0.126984127,0,51,3993,5707171,1,19,0,1,0,2,1
59,19,0,1,3,0,0,0.016949153,1,1,-1,0,1,12,0,0,0,1,1
22,13,0,0,2,0,0,0.0,0,85,-1,0,0,6,0,0,0,0,0
52,17,0,1,3,0,0,0.0,0,36,-1,3977938,0,9,0,0,0,1,0
98,17,0,0,3,0,1,0.0,0,211,1317,889963,1,14,0,0,1,2,1
73,50,1,1,3,1,0,0.246575342,0,31,1015,1196152,1,9,0,0,0,1,1
101,24,0,1,2,0,0,0.03960396,0,220,9097,1193,0,17,0,0,1,2,0
57,38,0,0,3,0,1,0.105263158,2,21,5615,0,1,11,0,0,0,2,1
21,13,0,0,2,0,0,0.0,0,41,-1,0,0,5,0,0,0,1,1
78,12,1,1,3,0,0,0.08974359,0,158,7918,5638,1,13,0,0,2,1,0
60,51,0,0,2,0,0,0.0,0,189,5231,0,0,6,0,0,0,2,0
48,18,0,1,2,0,0,0.083333333,0,0,5301,0,1,9,0,0,0,2,1
64,20,0,1,3,1,0,0.0,3,4,157,0,1,12,0,0,1,1,1
54,24,0,1,2,1,0,0.0,0,20,7984,36841,0,9,0,0,1,1,0
84,18,1,1,2,0,0,0.095238095,1,177,9206,6081,0,13,0,0,1,1,0
51,15,0,0,3,0,0,0.1372549019999999,0,75,11558,611,1,10,1,0,0,1,0
80,33,0,0,3,0,1,0.1,0,0,5612,0,1,18,0,1,0,2,1
91,15,1,1,3,1,0,0.131868132,3,1,-1,0,1,17,0,1,0,1,1
34,14,0,0,2,1,0,0.0,0,5,5788,163,0,8,0,0,1,2,0
82,26,0,1,2,1,0,0.0,3,74,2542,2034769,1,11,0,0,0,2,1
20,11,0,0,2,0,0,0.0,0,157,7861,42346,0,6,0,0,0,2,0
33,24,0,0,2,0,0,0.0,0,35,-1,0,0,8,0,0,0,1,0
62,41,0,1,2,0,0,0.0,0,587,4391,0,1,10,0,0,2,2,1
32,24,0,1,2,0,0,0.0,0,147,4330,1581987,0,6,0,0,1,1,0
19,10,0,0,1,0,0,0.0,0,81,7716,9611882,0,5,0,0,0,2,0
36,27,0,0,2,1,0,0.0,0,5,2837,0,1,7,0,0,0,3,1
18,10,0,1,1,0,0,0.0,0,32,-1,969359,0,5,0,0,0,0,0
129,54,1,1,3,1,0,0.093023256,0,51,3992,5697976,1,20,0,1,0,2,1
42,35,0,1,2,0,1,0.0,0,14,7295,0,1,5,1,0,1,1,1
132,16,0,0,3,0,0,0.098484848,0,9,7764,32,0,12,0,0,0,1,1
111,18,0,1,2,0,0,0.0,0,1,2214,0,1,13,0,0,0,2,1
41,14,0,1,1,0,0,0.024390244,0,9,279,0,0,7,0,0,0,0,0
29,8,0,1,2,0,0,0.034482759,0,11,2492,0,1,7,0,0,1,1,1
29,17,0,1,1,0,0,0.0,0,0,3731,1712890,1,6,0,0,0,2,1
39,18,0,1,1,0,0,0.0,0,0,2718,0,1,7,0,0,0,2,1
39,30,0,0,2,0,0,0.0,0,122,-1,1442242,0,6,0,0,0,1,0
134,14,1,1,3,0,0,0.343283582,1,31,-1,0,1,19,0,1,0,2,1
44,36,0,1,3,0,0,0.0,0,60,-1,0,1,9,0,0,2,2,1
32,18,0,0,2,0,0,0.0,0,253,7907,154,0,7,0,0,0,1,0
23,14,0,0,2,0,0,0.0,0,93,9003,495604,0,6,0,0,0,0,0
41,16,1,1,3,0,0,0.1707317069999999,0,132,6238,62,1,8,1,0,2,0,0
26,17,0,0,2,0,0,0.0,0,69,9254,241824,0,6,0,0,0,0,0
32,24,0,1,2,0,0,0.0,0,32,4898,1296086,0,6,0,0,1,1,0
48,24,0,1,3,0,0,0.041666667,1,4,8,0,1,8,0,0,1,1,1
47,17,0,0,3,0,0,0.0,0,30,-1,82,0,9,1,0,0,0,1
24,15,0,0,2,0,0,0.0,0,58,2460,105724,0,6,0,0,0,0,0
57,16,0,1,3,1,0,0.035087719,0,285,4426,2108258,0,10,0,0,0,2,0
76,50,1,1,3,1,0,0.131578947,0,51,3992,5697976,1,10,0,1,1,2,1
75,15,1,1,2,0,0,0.266666667,0,0,5850,0,1,10,0,0,1,2,1
52,25,1,0,3,0,1,0.057692308,0,21,5614,0,1,10,0,1,0,2,1
27,19,0,1,2,0,0,0.0,0,875,4259,7732775,0,6,0,0,0,1,0
61,30,0,0,3,1,1,0.032786885,2,21,5615,0,1,11,0,0,0,2,1
44,14,0,1,1,1,0,0.0,0,56,-1,0,1,7,0,0,1,1,1
40,21,0,0,1,0,0,0.05,0,27,771,0,1,8,0,0,0,1,1
35,26,0,0,3,0,1,0.057142857,0,21,5614,0,1,8,0,0,0,2,1
28,20,0,1,2,0,0,0.0,0,39,3639,2923557,0,6,0,0,0,1,0
59,17,0,0,2,0,0,0.0,0,20,2733,104044,0,11,0,0,0,1,0
30,21,0,0,2,0,0,0.0,0,82,-1,2173636,0,6,0,0,0,0,0
42,23,0,0,2,0,0,0.023809524,0,116,6606,899,1,8,0,0,1,0,1
100,18,1,1,3,1,0,0.23,3,124,254,0,1,13,0,0,0,2,1
74,20,1,0,2,0,0,0.3378378379999999,0,14,111,2278163,0,9,0,0,1,1,1
21,12,0,0,2,0,0,0.0,0,331,2632,380180,0,6,0,0,2,1,0
61,25,0,1,3,0,0,0.0,1,0,3631,0,1,11,0,0,0,2,1
56,12,0,1,2,0,0,0.089285714,0,33,2191,0,1,9,0,0,0,2,1
227,22,1,0,3,0,0,0.317180617,1,5,4873,0,1,19,0,0,0,1,1
51,14,0,0,3,0,0,0.098039216,1,140,6077,9952,0,10,0,0,1,1,0
60,27,0,1,3,0,0,0.066666667,0,8,7289,51679,0,9,0,0,1,1,0
36,17,0,1,2,0,0,0.0,0,0,6646,0,1,7,0,0,0,2,1
51,24,0,1,3,0,0,0.0,0,92,5204,26730,0,7,0,0,2,2,0
83,16,0,0,3,0,0,0.144578313,0,89,5987,129605,0,13,0,0,0,2,0
127,50,1,0,3,1,0,0.125984252,0,4,4003,5816617,1,18,0,1,1,1,1
29,20,0,0,2,0,0,0.0,0,47,-1,0,1,6,0,0,1,0,0
26,18,0,1,2,0,1,0.0,0,8,2383,0,0,6,0,0,2,0,0
44,26,0,0,2,0,0,0.0,0,155,9,0,1,6,0,0,0,1,1
61,22,0,1,1,1,0,0.098360656,2,22,2300,0,1,12,0,0,2,2,1
25,17,0,1,2,0,0,0.0,0,0,-1,0,0,6,0,0,0,0,0
43,17,0,1,3,1,0,0.0,0,0,5513,0,1,9,0,0,0,2,1
45,13,0,1,2,0,0,0.0,0,3,257,0,1,8,0,0,0,1,0
43,12,0,1,1,1,0,0.0,3,12,536,0,1,9,0,0,0,0,1
133,25,0,0,2,1,1,0.067669173,0,26,8019,0,0,22,0,1,1,1,1
43,15,0,1,2,0,0,0.0,0,223,5886,184,0,9,0,1,1,0,0
83,20,0,0,2,0,0,0.0,0,148,6559,18688,0,13,0,0,0,1,0
58,14,1,0,2,0,0,0.137931034,0,60,5051,283,0,10,0,0,0,2,0
27,18,0,0,2,1,0,0.0,0,0,561,0,1,7,0,0,0,2,1
53,21,0,1,2,1,0,0.018867925,2,0,4397,0,1,9,0,0,0,2,1
71,14,1,1,2,0,0,0.183098592,0,0,4376,0,1,8,0,0,1,2,1
50,21,0,1,2,0,0,0.08,0,23,2314,0,1,8,0,0,1,1,1
40,19,0,1,2,0,0,0.0,0,63,4217,819386,1,7,0,0,0,1,0
52,26,0,1,3,0,0,0.0,0,70,8986,3248,1,9,0,0,2,2,0
81,15,1,1,3,0,0,0.283950617,0,0,-1,0,0,10,0,0,0,1,1
87,17,0,0,3,0,0,0.091954023,0,38,255,0,1,11,0,0,0,1,1
60,17,0,1,3,0,0,0.0,0,188,8148,12761,0,10,0,1,1,1,0
43,24,0,1,3,0,0,0.093023256,0,8,1337,20989,1,7,0,0,1,0,1
31,22,0,0,2,0,1,0.0,0,23,7309,0,0,6,1,0,0,2,1
27,20,0,1,2,0,0,0.0,0,0,-1,3102591,0,5,0,0,0,2,0
49,25,0,1,2,0,0,0.0,0,6,1975,0,1,8,0,0,0,1,1
57,35,0,1,2,0,0,0.01754386,0,209,6259,683,0,6,0,0,1,2,0
82,22,0,1,3,0,1,0.085365854,0,25,5660,891,1,14,0,1,0,2,1
127,50,1,0,3,1,0,0.181102362,0,51,3993,5707171,1,18,0,1,1,2,1
23,14,0,0,2,0,0,0.0,0,160,8212,2216,0,6,0,0,0,1,0
50,20,0,0,3,0,0,0.0,0,65,8046,2603,0,9,0,1,0,2,0
31,22,0,0,2,0,0,0.0,0,471,4148,604851,0,6,0,0,0,1,0
71,37,0,0,3,0,1,0.0845070419999999,0,21,5626,0,1,12,0,1,0,2,1
26,15,0,1,1,0,1,0.0,0,0,4454,0,1,6,0,0,0,2,1
25,18,0,1,2,0,0,0.0,0,80,-1,0,1,5,0,0,0,2,1
70,17,0,1,2,0,0,0.0,0,58,4627,1838,0,10,0,0,1,1,0
61,16,0,0,2,0,0,0.0,0,13,6474,0,0,10,1,0,0,1,0
46,13,0,1,2,0,0,0.065217391,0,0,-1,0,1,7,0,0,0,1,1
89,20,0,1,3,0,0,0.0,0,0,2280,333733,1,13,0,0,0,2,1
30,21,0,0,2,0,0,0.0,0,188,2871,4772904,0,6,0,0,0,2,0
41,33,0,1,2,1,0,0.073170732,0,103,6832,7474926,1,7,0,0,1,2,1
32,24,0,1,2,0,0,0.0,0,97,-1,0,0,6,0,0,2,1,0
50,23,0,1,3,0,0,0.02,0,0,1868,2161928,1,8,0,0,0,2,1
52,16,0,1,2,0,0,0.192307692,0,0,5670,0,1,9,0,0,0,2,1
35,13,0,1,3,0,0,0.4,0,18,-1,0,1,9,0,1,2,1,1
77,23,1,1,1,0,0,0.285714286,0,30,5756,0,1,7,0,0,1,1,1
64,26,0,1,2,0,0,0.0,1,1,7452,0,1,9,0,0,0,2,1
24,15,0,0,2,0,0,0.0,0,278,-1,1544050,0,6,0,0,0,0,0
256,15,1,0,2,1,0,0.65234375,2,97,1109,0,1,16,0,0,0,1,1
234,25,1,1,3,0,0,0.363247863,4,25,918,0,1,20,0,1,0,1,1
67,22,0,1,3,0,1,0.0,0,176,5044,380,0,10,0,0,0,1,0
29,21,0,1,3,0,0,0.0,0,20,5706,496279,0,7,0,0,0,2,1
24,5,0,1,1,0,0,0.125,0,76,-1,134401,1,5,0,0,3,1,1
27,18,0,0,2,1,0,0.037037037,0,4,560,0,1,7,0,0,0,1,1
28,12,0,1,3,0,0,0.035714286,0,1,-1,800765,1,7,0,0,0,2,1
64,19,0,0,2,1,0,0.0,0,16,6995,102767,0,11,0,0,0,2,0
49,19,0,1,3,0,0,0.0,0,0,-1,0,1,9,0,0,0,2,1
77,23,1,1,1,0,0,0.25974026,0,30,5767,0,1,7,0,0,1,1,1
117,42,1,1,3,0,0,0.188034188,0,4,4003,5816617,1,18,0,1,1,1,1
65,18,0,0,2,0,0,0.0,0,197,5224,137,0,11,0,0,0,2,0
25,16,0,0,2,0,0,0.0,0,7,8261,340918,0,6,0,0,0,0,0
101,11,1,1,1,0,0,0.227722772,0,1,5963,0,1,8,0,0,2,2,1
45,11,0,1,2,0,0,0.0,0,87,5143,45546,0,9,0,0,0,2,0
20,12,0,0,2,0,0,0.0,0,379,-1,492590,0,5,0,0,0,2,0
35,19,0,1,2,1,0,0.0,0,51,5594,0,1,8,0,0,1,2,0
25,17,0,1,2,0,0,0.0,0,199,11083,3822,0,6,1,0,1,1,0
54,26,0,1,3,0,0,0.018518519,0,140,8051,1593,0,8,0,1,1,0,0
46,18,0,0,3,0,0,0.02173913,0,152,6244,25469,0,8,0,0,0,1,0
51,18,0,1,2,0,0,0.0,0,253,-1,18753,0,10,0,0,1,2,0
41,17,0,0,2,0,0,0.0,0,4,285,0,1,8,0,0,1,1,1
26,17,0,0,2,0,0,0.0,0,133,-1,405005,0,6,0,0,2,0,0
49,26,0,1,2,0,0,0.0,0,53,2344,233673,1,8,0,0,0,0,0
48,19,0,0,2,0,0,0.0,0,35,4184,635867,0,9,0,0,0,1,1
23,7,0,0,1,0,0,0.043478261,0,57,920,11781,1,5,0,0,1,1,1
29,22,0,1,2,0,0,0.0,0,103,7055,2779826,1,5,0,0,1,2,1
33,22,0,1,2,0,0,0.0,0,23,-1,0,1,7,0,0,0,2,1
49,40,0,0,3,0,1,0.06122449,1,22,5627,0,1,10,0,0,0,2,1
35,21,0,1,1,0,0,0.0,0,39,7507,1798,0,5,0,0,1,2,0
38,29,0,0,3,0,0,0.0,0,257,8315,645,1,7,1,0,4,0,0
35,18,0,1,3,0,0,0.028571429,1,206,-1,6084457,0,7,0,0,0,2,0
44,25,0,1,3,0,0,0.204545455,0,8,1337,20989,0,7,0,0,1,0,1
40,18,0,1,2,0,0,0.0,0,96,4488,2880,0,7,0,0,1,1,0
39,27,0,1,2,0,0,0.0,0,7,244,0,0,7,0,0,0,1,1
133,95,0,1,3,0,0,0.037593985,1,19,4045,0,1,18,0,0,0,2,1
96,19,0,0,3,0,0,0.0625,0,128,5240,19067,0,18,0,0,0,1,0
77,23,1,1,1,0,0,0.298701299,0,30,5767,0,1,7,0,0,1,1,1
43,21,0,1,2,0,0,0.046511628,2,0,7733,3779,1,7,0,0,1,1,1
77,14,0,0,2,0,0,0.0779220779999999,0,159,7217,205950,0,15,0,0,0,1,0
82,14,0,0,1,0,0,0.036585366,0,220,8235,6902,0,14,0,0,0,1,0
114,26,1,1,3,1,0,0.254385965,2,22,2299,0,1,15,0,0,2,2,1
84,13,1,1,3,0,0,0.333333333,0,0,3452,3893420,1,19,0,0,0,3,0
46,21,0,1,2,0,0,0.043478261,0,20,-1,0,1,8,0,0,0,1,1
18,11,0,1,2,0,0,0.0,0,146,-1,0,0,5,0,0,0,2,0
38,31,0,1,2,0,1,0.0,0,112,7297,0,0,5,1,0,0,1,0
92,15,0,0,3,0,1,0.043478261,0,32,7337,52443,0,16,0,0,0,1,0
360,22,1,1,3,0,0,0.125,1,1,6114,6765657,1,67,0,0,1,0,1
47,29,0,1,3,0,0,0.063829787,1,203,1546,4669,1,7,0,0,0,2,1
29,13,0,1,1,1,0,0.0,0,35,7949,0,1,8,0,0,1,1,0
81,15,0,1,2,1,0,0.160493827,0,33,-1,1272421,0,19,0,0,0,2,0
22,14,0,1,2,0,0,0.0,0,27,-1,85514,0,6,0,0,0,1,0
41,34,0,1,2,0,0,0.12195122,0,0,2581,3704884,1,7,0,0,0,2,1
39,31,0,1,3,1,0,0.0,1,65,30,0,1,8,0,0,0,2,1
29,20,0,0,2,0,0,0.0,0,631,1258,0,0,6,0,0,1,2,0
83,16,0,1,3,1,0,0.084337349,0,0,11272,53341,1,18,0,0,0,3,0
29,21,0,1,2,0,0,0.0,0,745,1445,3516394,0,6,0,0,0,2,0
35,26,0,0,2,0,0,0.0,0,84,3119,77072,0,6,0,0,0,2,0
42,25,0,1,2,0,0,0.19047619,0,8,1337,20989,1,7,0,1,1,0,1
34,27,0,1,2,0,1,0.0,0,204,7298,3086914,0,5,1,0,0,2,0
20,13,0,1,2,0,0,0.0,0,58,984,1232956,0,6,0,0,1,1,1
75,34,1,1,2,0,0,0.306666667,0,11,1690,5546683,1,9,0,0,0,1,1
42,34,0,1,2,1,0,0.095238095,0,103,6831,1605716,1,7,0,0,1,2,1
27,19,0,1,2,0,0,0.0,0,175,6018,566864,0,6,0,0,0,2,0
33,14,0,0,2,0,0,0.212121212,0,8,1953,4365,1,6,0,1,0,1,1
82,18,1,0,2,0,0,0.268292683,0,32,1117,887451,1,15,0,0,0,1,1
60,18,0,1,2,0,0,0.0,0,168,5809,228,0,9,0,0,1,1,0
55,37,0,1,3,0,1,0.109090909,0,18,5626,2278575,1,11,0,0,0,2,1
55,14,0,1,3,0,0,0.0,0,60,6566,63052,1,10,0,0,2,2,0
25,17,0,1,1,0,1,0.0,0,15,371,0,0,5,0,0,0,0,1
52,14,0,0,1,0,0,0.0,0,26,5215,0,0,9,0,0,0,2,0
29,22,0,1,2,0,1,0.034482759,0,14,7295,0,1,5,1,0,1,1,1
41,32,0,0,2,0,1,0.0,0,14,7295,0,1,6,1,0,0,2,1
46,38,0,1,3,0,1,0.130434783,0,21,5614,0,1,10,0,0,0,2,1
51,16,0,0,2,0,0,0.0,0,180,7133,12,0,9,1,0,0,0,0
44,17,0,1,3,0,1,0.0,0,3,-1,6693123,1,10,0,0,1,2,1
23,15,0,0,2,0,0,0.0,0,417,-1,5338415,0,5,0,0,0,2,1
28,8,0,1,1,0,0,0.0,0,21,-1,9707033,1,6,0,0,1,1,1
32,24,0,1,2,0,0,0.0,0,22,2835,0,1,6,0,0,1,1,1
26,17,0,0,2,0,0,0.0,0,35,-1,154374,0,6,0,0,0,0,0
236,15,1,1,2,1,0,0.372881356,5,10,3047,0,1,22,0,0,0,1,1
56,16,0,0,2,0,0,0.107142857,0,114,7909,939,0,11,0,0,0,1,0
17,9,0,1,1,0,0,0.0,0,12,3141,0,0,5,0,0,0,1,0
41,32,0,0,2,1,0,0.024390244,0,11,2836,0,0,7,0,0,0,1,1
35,26,0,0,1,0,0,0.028571429,0,0,0,0,1,8,0,0,0,2,1
21,14,0,1,1,0,0,0.0,0,119,-1,0,0,4,0,0,1,1,0
61,18,0,0,2,0,0,0.081967213,0,419,6318,8280,0,9,0,0,0,0,0
37,16,0,1,1,0,0,0.0,0,0,4921,9927134,1,7,0,0,0,2,1
121,46,1,0,3,0,0,0.223140496,0,51,3993,5707171,1,18,0,1,1,2,1
34,26,0,1,3,0,0,0.0,0,31,687,0,1,8,1,0,0,2,1
37,22,0,0,2,0,0,0.0,0,13,1154,2126106,0,7,0,0,0,2,1
17,10,0,1,1,0,0,0.0,0,67,-1,0,0,4,0,0,0,0,0
33,13,0,0,1,1,0,0.0,0,4,289,0,1,7,0,0,1,1,1
57,14,0,1,3,0,0,0.0,0,65,-1,141081,0,9,0,0,1,2,0
32,11,0,1,2,0,0,0.0,0,0,-1,2169284,1,8,0,0,0,2,1
238,14,0,1,3,1,1,0.012605042,2,10,62,0,1,42,0,0,0,1,1
50,21,0,1,3,1,0,0.0,1,37,-1,0,1,12,0,0,2,0,1
128,21,0,1,3,1,0,0.0,4,6,4609,0,1,19,0,0,0,1,1
71,27,0,0,3,1,0,0.0,0,324,-1,361309,0,11,0,0,0,1,0
38,30,0,1,3,0,0,0.026315789,0,29,88,9498326,1,8,0,1,1,2,1
23,16,0,1,1,0,0,0.0,0,173,5251,2417293,0,4,0,0,1,2,0
36,27,0,0,2,1,0,0.0,0,13,560,0,0,7,0,0,0,1,1
55,18,0,1,2,0,0,0.145454545,0,279,6259,6679,0,12,0,0,1,1,0
45,22,0,1,1,0,0,0.0,0,3,183,0,1,6,0,0,0,2,0
25,16,0,0,2,0,0,0.0,0,43,8914,74155,0,6,0,0,0,2,0
27,11,0,0,1,1,0,0.074074074,0,23,2333,0,1,7,0,0,1,2,1
49,14,0,0,3,0,0,0.0,0,76,8248,51164,1,9,0,0,0,0,0
36,28,0,1,2,0,0,0.0,0,44,2675,611434,0,8,0,0,0,1,0
126,18,0,1,3,1,0,0.047619048,5,0,1344,0,1,21,0,0,0,1,1
24,15,0,0,2,0,0,0.0,0,308,1109,5582632,0,6,0,0,0,1,0
87,17,0,1,2,1,0,0.022988506,3,0,415,0,1,13,0,0,0,2,1
145,9,0,0,2,1,0,0.096551724,2,8,-1,10687767,1,31,0,0,0,1,1
38,30,0,1,2,0,0,0.0,1,47,1950,341948,1,6,0,0,1,1,1
42,18,0,1,3,0,0,0.0,0,26,7406,2195,0,8,0,0,1,1,0
23,14,0,0,2,0,0,0.0,0,22,711,2046137,0,6,0,0,0,0,1
47,11,0,1,2,1,0,0.0,0,39,9290,5086,1,9,1,0,1,1,0
89,23,0,0,2,1,0,0.056179775,0,23,6200,1364953,1,15,0,0,1,2,0
64,36,0,1,3,0,0,0.0,0,70,4606,0,1,10,0,0,1,2,0
89,21,0,1,3,1,0,0.011235955,4,45,175,0,1,14,0,0,0,1,1
60,21,0,0,3,1,0,0.0,2,17,-1,0,1,11,0,0,1,1,1
42,14,0,1,3,0,0,0.119047619,0,560,7160,2358,0,9,0,0,2,2,0
52,15,0,0,2,1,1,0.115384615,0,187,9283,124,0,9,1,0,0,1,0
132,13,0,1,1,1,0,0.037878788,3,22,777,0,1,23,0,0,0,2,1
122,13,0,1,3,0,0,0.06557377,0,55,9282,2118,1,24,0,0,1,2,0
74,39,0,1,3,1,0,0.081081081,0,3,11,0,1,11,0,0,1,1,1
28,14,1,1,3,0,0,0.392857143,0,0,-1,0,1,8,0,1,0,1,1
81,22,0,0,3,0,0,0.0493827159999999,0,0,-1,0,1,13,0,0,0,2,1
29,21,0,1,2,1,0,0.0,1,47,-1,77586,0,7,0,0,1,1,1
110,22,0,0,3,1,0,0.118181818,2,154,2394,0,1,20,0,0,1,2,1
71,20,0,1,2,1,0,0.0,1,6,5228,0,1,12,0,0,0,1,1
34,25,0,0,2,0,0,0.0,0,51,5257,0,0,6,0,0,0,2,0
48,21,0,1,2,0,1,0.0,0,69,7616,2190,0,8,0,0,1,1,0
45,18,0,0,2,0,0,0.022222222,1,6,5573,18143,0,9,0,0,0,1,0
58,19,0,0,3,0,0,0.0,0,409,6984,3568,1,10,0,0,1,0,0
118,13,0,0,3,1,0,0.050847458,0,22,1620,2363,1,20,1,0,0,1,1
45,29,0,1,2,0,0,0.022222222,0,4,-1,0,1,8,0,0,1,1,1
20,6,0,0,1,0,0,0.1,0,24,662,1167594,1,5,0,0,0,0,1
36,19,0,0,2,0,0,0.0,0,14,21,0,1,6,0,0,0,1,1
28,20,0,1,3,0,0,0.142857143,0,228,-2,0,1,7,0,0,0,2,1
13,6,0,1,1,0,0,0.0,0,13,-1,676515,0,4,0,0,0,0,0
46,17,0,0,2,0,0,0.0,0,484,6434,325,0,8,0,0,0,1,0
64,11,0,1,1,0,0,0.0,0,187,8712,1811,0,12,0,0,1,0,0
126,50,1,0,3,1,0,0.19047619,0,51,3993,5707171,1,19,0,1,0,2,1
28,19,0,0,2,0,0,0.0,0,108,4632,38677,0,6,0,0,0,0,0
49,19,0,0,2,0,0,0.0,0,84,9513,129,0,8,1,0,0,2,0
31,23,0,1,2,0,0,0.0,0,2,-1,0,0,6,0,0,0,1,0
40,19,0,1,1,1,0,0.0,0,0,8369,0,1,8,0,0,0,2,1
24,15,0,0,1,0,0,0.0,0,145,-1,0,0,5,0,0,0,2,0
73,21,0,0,2,0,0,0.0,0,536,6338,289,0,11,0,0,0,1,0
26,18,0,1,2,0,0,0.0,0,261,5153,10655328,0,6,0,0,0,1,0
22,14,0,1,2,0,0,0.0,0,66,6350,0,0,6,0,0,1,1,0
65,19,0,0,3,0,0,0.046153846,1,33,82,0,1,12,0,0,0,2,1
35,22,0,0,2,1,1,0.028571429,0,14,7295,0,1,9,1,0,0,1,1
28,16,0,1,1,0,0,0.0,0,0,2670,0,1,6,0,0,0,2,1
27,19,0,1,2,0,0,0.0,0,17,1900,2457329,0,6,0,0,0,2,0
82,17,0,0,2,1,0,0.0,0,39,6765,185235,0,12,0,0,0,0,0
51,28,0,1,2,0,0,0.0,1,0,164,0,1,8,0,0,0,2,1
75,27,1,1,3,0,0,0.24,0,21,6962,347165,1,8,0,0,0,2,1
23,14,0,0,2,0,1,0.0,0,1641,8734,106468,0,6,0,0,0,1,0
56,16,0,0,3,0,0,0.0,0,89,4473,53341,0,11,0,0,0,1,0
96,7,0,0,3,0,0,0.114583333,1,0,4843,9602,0,17,0,0,0,1,1
33,13,0,0,2,0,0,0.0,0,18,-1,76986,0,9,1,0,0,0,0
25,16,0,0,2,0,0,0.0,0,178,4011,0,0,6,0,0,0,0,0
86,52,0,1,3,0,0,0.0,0,54,403,0,1,11,0,0,0,1,0
112,24,1,1,3,0,0,0.116071429,2,280,7351,1518,0,19,0,0,0,1,0
29,22,0,1,2,0,1,0.068965517,0,14,7295,0,1,5,1,0,1,1,1
33,25,0,1,2,1,1,0.0,0,16,3009,0,0,7,0,0,0,1,1
78,21,0,1,2,1,0,0.0,2,0,3251,0,1,10,0,1,2,2,1
54,25,0,0,3,0,0,0.0,1,111,3573,0,1,9,0,0,0,2,0
63,12,1,1,3,0,0,0.111111111,0,154,7919,5635,1,11,0,0,2,1,0
126,50,1,0,3,1,0,0.126984127,0,51,3993,5707171,1,19,0,1,0,2,1
80,21,0,1,3,0,1,0.025,1,0,5331,0,1,15,0,0,0,2,1
28,20,0,1,2,0,0,0.035714286,0,374,2868,336709,0,6,0,0,0,2,0
44,36,0,1,2,0,1,0.0,0,190,7299,3123496,0,6,1,1,0,1,0
116,19,0,0,2,0,0,0.0,0,36,9025,3101052,1,9,0,0,1,2,0
65,20,0,0,3,1,0,0.092307692,2,0,6288,0,1,12,0,0,0,3,0
31,22,0,0,2,0,0,0.0,0,39,1270,73365,0,6,0,0,0,3,0
126,50,1,1,3,1,0,0.174603175,0,4,4003,5816617,1,18,0,1,1,1,1
39,30,0,0,2,0,1,0.0,0,14,7295,0,1,6,1,0,0,1,1
66,20,0,1,3,1,0,0.0,2,17,2805,1244719,1,12,0,0,0,1,1
31,22,0,0,2,0,0,0.0,0,116,-1,1291451,0,6,0,0,0,2,0
38,29,0,0,2,0,0,0.0,0,55,3811,4223292,0,6,0,0,0,2,0
47,16,0,0,3,0,0,0.0,0,169,5242,7469069,1,8,0,0,3,2,0
41,24,0,0,2,0,0,0.097560976,0,169,-1,105102,0,8,0,0,0,2,0
77,25,0,1,3,0,0,0.0,0,6,7537,0,1,11,0,0,0,2,1
44,21,0,1,2,0,0,0.022727273,0,4,2793,0,1,8,0,0,1,1,1
36,27,0,0,2,0,0,0.0,0,22,3882,0,0,6,0,0,0,2,0
17,10,0,1,1,0,0,0.0,0,127,1218,2642183,0,4,0,0,0,1,0
88,21,1,1,2,0,0,0.227272727,0,64,3206,0,1,11,0,0,0,3,1
28,19,0,0,2,0,0,0.0,0,40,3220,1186755,0,6,0,0,0,0,0
62,23,0,0,3,0,0,0.0,0,59,8124,8743,0,9,0,0,0,2,0
72,23,0,1,3,0,1,0.069444444,0,128,2783,43535,0,11,0,0,1,2,0
113,15,0,0,2,0,0,0.097345133,1,25,8346,1,1,14,1,0,1,2,1
45,14,0,1,3,0,0,0.0,0,0,9806,66583,0,8,0,0,0,3,0
39,18,0,1,2,0,0,0.0,0,102,9202,684,0,7,0,0,1,0,0
23,14,0,0,2,0,0,0.0,0,514,6909,108150,0,6,0,0,0,1,0
40,25,0,0,2,0,0,0.025,1,10,-1,397194,1,9,0,0,2,2,1
53,23,0,0,2,1,0,0.0,0,268,7837,603,0,8,0,0,0,0,0
43,17,0,1,3,1,0,0.0,1,0,200,0,1,10,0,0,0,2,1
36,25,0,1,2,0,0,0.222222222,0,8,1338,22211,1,6,0,1,1,0,1
38,10,0,1,2,1,0,0.026315789,0,825,-1,4731,0,9,0,0,0,1,0
37,21,0,1,2,0,0,0.0,1,7,2519,0,1,7,0,0,0,1,1
128,50,1,0,3,1,0,0.171875,0,4,4003,5816617,1,19,0,1,1,1,1
95,15,0,1,2,0,0,0.0,0,66,8832,2707,1,19,0,1,1,1,0
89,17,0,0,3,1,0,0.04494382,0,28,253,0,1,14,0,0,0,1,1
83,16,0,0,2,0,0,0.108433735,0,361,7131,12,0,22,1,0,0,1,0
38,12,0,1,2,0,0,0.0,0,4,8081,3004473,0,7,0,0,0,1,0
36,27,0,0,2,0,0,0.0,0,17,1119,0,0,6,0,0,0,2,0
123,46,1,0,3,0,0,0.1300813009999999,0,51,3993,5707171,1,18,0,1,1,2,1
41,11,0,1,2,0,0,0.0,0,0,6315,0,1,8,0,0,0,2,1
31,16,0,0,1,0,1,0.032258065,0,82,4101,41054,1,5,0,0,1,0,1
37,20,0,1,2,0,0,0.027027027,0,116,6606,908,1,7,0,0,2,0,1
26,13,0,0,1,0,0,0.0,0,23,-1,0,1,5,0,0,2,2,1
21,12,0,0,2,0,0,0.0,0,82,9124,58821,0,6,0,0,0,0,0
19,12,0,1,1,0,0,0.0,0,99,-1,0,0,4,0,0,0,2,0
35,11,0,1,2,0,0,0.0,0,109,8440,3175,0,8,0,0,1,1,0
45,36,0,0,2,0,0,0.0,1,11,4490,0,0,10,0,0,0,2,1
41,32,0,0,2,0,0,0.024390244,0,1,2301,22884,1,6,0,1,0,1,1
29,21,0,1,2,0,0,0.0,0,116,4337,648389,0,6,0,0,1,2,0
51,16,0,0,2,0,0,0.0,0,1008,7130,12,0,10,1,0,0,1,0
32,24,0,1,2,0,0,0.09375,0,112,1535,4641,1,6,0,0,0,2,1
37,13,0,0,1,0,0,0.0,0,51,7186,20789,0,6,0,0,0,2,0
40,15,0,1,2,0,0,0.0,0,188,9422,1074,0,9,0,0,1,2,0
105,22,0,0,3,0,0,0.0,0,1,4258,166976,1,16,0,0,0,1,1
49,17,0,1,3,0,0,0.040816327,0,0,8405,138739,0,9,0,0,0,3,0
45,29,1,1,2,0,0,0.488888889,0,0,3378,3100263,1,7,0,1,0,2,1
46,25,0,0,3,0,0,0.173913043,1,8,1338,22211,1,7,0,1,0,0,1
33,25,0,1,2,0,1,0.0,0,50,7,0,1,6,0,0,2,2,1
59,20,0,0,3,0,0,0.0,0,226,3060,4458295,0,11,0,0,0,2,0
74,23,0,1,3,0,1,0.081081081,0,64,2783,43710,0,11,0,0,1,2,0
48,16,0,1,2,0,1,0.0,0,32,4410,0,1,8,0,0,0,2,1
56,11,0,1,1,0,0,0.017857143,0,414,3270,235408,0,10,0,0,1,1,0
62,39,0,1,2,0,0,0.0,0,31,1015,1196152,1,10,0,0,0,1,1
94,28,1,1,3,1,0,0.212765957,0,31,1016,1211946,1,11,0,0,0,1,1
237,15,1,1,2,0,0,0.3713080170000001,2,16,241,0,1,20,0,0,1,1,1
33,12,1,1,2,0,0,0.212121212,0,580,8965,70,0,7,1,0,2,0,0
37,28,0,0,2,0,0,0.0,0,241,4672,0,0,6,0,0,0,1,0
127,61,1,0,3,0,0,0.330708661,0,51,1669,1961063,1,15,0,1,0,1,1
39,25,0,1,2,0,0,0.205128205,0,8,1338,22211,1,7,0,1,1,0,1
29,20,0,0,2,0,0,0.103448276,0,8,1336,20989,0,6,0,0,0,0,1
89,23,1,0,3,1,0,0.157303371,4,30,-1,0,1,15,0,0,0,1,1
51,21,0,1,2,0,0,0.058823529,0,23,2315,0,1,9,0,0,0,2,1
37,16,0,1,2,0,0,0.0,0,48,5440,5483,0,7,0,0,1,1,0
87,14,1,1,1,1,0,0.218390805,3,57,244,0,1,10,0,0,1,2,1
35,13,0,1,2,1,0,0.085714286,0,0,44,0,1,9,0,0,0,2,1
39,31,0,1,2,0,0,0.076923077,0,241,1547,4639,1,6,0,0,0,2,1
77,22,0,0,3,0,0,0.0779220779999999,0,3822,3468,71893,0,13,0,0,0,2,0
89,13,0,1,3,1,0,0.0,0,0,7224,7674,0,15,0,1,1,3,0
26,18,0,1,2,0,0,0.0,0,7,8756,65241,1,6,0,0,0,1,1
24,16,0,1,3,0,0,0.0,0,96,-1,9140,0,7,0,0,1,1,0
55,21,0,1,2,0,1,0.0,0,69,7619,2205,0,8,0,0,1,1,0
37,30,0,1,3,0,0,0.0,0,0,720,0,1,6,0,0,0,2,1
54,14,1,1,1,0,0,0.388888889,0,0,5233,10313348,1,5,0,0,1,2,1
38,29,0,0,1,0,0,0.0,0,3,5,0,1,8,0,0,0,1,1
92,22,1,1,2,1,0,0.195652174,3,11,-1,0,1,12,0,0,0,2,1
79,17,0,1,3,0,0,0.063291139,0,206,3602,3149099,1,14,0,0,2,2,0
19,11,0,1,2,0,0,0.0,0,101,-1,581135,0,6,0,0,0,2,0
54,21,0,1,2,0,0,0.018518519,0,7,5848,110671,1,10,0,0,0,2,0
19,11,0,1,2,0,0,0.0,0,55,8822,1118419,0,6,0,0,1,1,0
34,12,0,0,2,0,0,0.0,0,56,774,105290,0,7,0,0,0,0,1
60,31,1,0,3,0,1,0.166666667,0,21,5615,0,1,9,0,0,0,2,1
43,14,1,1,3,0,0,0.302325581,0,0,-1,0,1,9,0,1,0,2,1
46,21,0,0,3,0,0,0.0,0,43,-1,0,1,8,0,0,0,2,1
25,16,0,0,2,0,0,0.0,0,145,1954,324993,0,6,0,0,0,0,0
33,11,0,0,1,0,0,0.0,0,25,7491,63,1,5,1,0,0,2,0
33,24,0,0,2,0,0,0.0,0,152,-1,285559,0,6,0,0,0,2,0
52,26,0,1,2,0,0,0.0,0,139,6680,12789,0,7,0,0,1,2,0
77,16,0,0,2,0,0,0.038961039,1,10,8348,1,1,11,1,0,0,0,1
24,16,0,1,2,0,0,0.0,0,592,2371,89351,0,6,0,0,1,2,0
77,23,1,1,1,0,0,0.233766234,0,30,5767,0,1,7,0,0,1,1,1
90,20,0,1,3,1,0,0.055555556,0,32,254,0,1,13,0,0,1,2,1
59,42,0,1,3,0,1,0.016949153,0,21,5627,0,1,11,0,0,0,2,1
23,14,0,0,2,0,0,0.0,0,70,6529,1271666,0,6,0,0,0,2,0
67,26,0,1,3,0,0,0.0,0,0,2488,0,1,10,0,0,0,0,0
52,20,0,1,3,0,0,0.0,1,38,-2,784630,0,9,0,0,0,0,0
33,16,0,1,3,0,0,0.03030303,0,25,-1,80841,1,8,0,0,0,1,1
31,22,0,0,2,0,0,0.0,0,995,6660,1791361,0,6,0,0,0,2,0
34,26,0,1,2,0,0,0.0,0,57,3539,0,0,6,0,0,0,1,0
37,17,0,0,3,0,0,0.054054054,0,8,8088,7047,0,9,0,0,0,1,1
31,13,0,0,3,0,0,0.0,0,100,-1,0,1,7,0,0,1,2,1
23,15,0,1,2,0,0,0.0,0,74,8430,567,0,6,0,0,1,1,0
26,19,0,1,2,0,0,0.0,0,131,8944,944274,0,5,0,0,0,0,0
47,25,0,1,2,0,0,0.0,0,207,6259,682,0,6,0,1,1,2,0
81,27,1,1,2,0,0,0.222222222,0,30,5767,0,1,8,0,0,1,1,1
33,14,0,0,2,0,0,0.151515152,0,8,1953,4365,0,6,0,0,0,1,1
36,27,0,0,2,0,0,0.027777778,0,233,7447,0,0,6,1,0,0,2,0
65,22,0,1,3,1,1,0.0,0,0,6201,171108,0,12,0,0,0,3,0
315,9,1,1,3,1,0,0.3619047620000001,0,39,7499,1079600,1,30,0,0,1,0,1
41,18,0,0,2,0,0,0.0,0,140,2683,80446,0,8,0,0,0,1,0
52,18,0,1,3,0,0,0.0,0,0,-1,0,1,9,0,0,1,2,1
25,17,0,1,2,0,0,0.0,0,102,2038,2663228,0,6,0,0,0,0,0
126,38,0,0,2,1,0,0.0,4,0,322,126941,1,11,0,0,0,2,1
33,24,0,0,2,0,0,0.0,0,148,7737,1601,0,6,0,0,0,1,0
44,32,1,1,3,0,0,0.1363636359999999,0,4,1534,0,1,9,0,0,0,1,1
22,14,0,1,2,0,0,0.0,0,90,7701,157749,0,6,0,0,1,0,0
36,27,0,0,2,0,0,0.0,0,260,3799,7256020,0,6,0,0,1,2,0
49,31,0,1,2,1,0,0.0,0,152,2128,17173,1,8,0,0,1,2,0
30,22,0,1,2,0,1,0.0,0,123,7298,5738074,0,6,1,0,0,2,0
64,43,1,0,3,0,1,0.25,0,0,5616,0,1,12,0,1,0,2,1
110,18,1,0,3,0,0,0.190909091,0,30,-1,67041,0,12,0,0,0,2,1
27,19,0,1,2,0,0,0.0,0,184,2964,2913616,0,6,0,0,1,2,0
82,26,0,1,3,0,0,0.06097561,0,1,7083,17964,1,14,0,1,0,2,1
217,22,1,1,3,0,0,0.152073733,0,11,874,8899502,1,22,0,0,0,1,1
27,16,0,1,2,1,0,0.0,0,35,6791,296232,0,8,0,0,0,1,0
26,17,0,0,2,0,0,0.0,0,67,4441,1175360,0,6,0,0,0,1,0
34,25,0,0,2,0,0,0.0,0,97,4558,2424363,0,6,0,0,0,2,0
107,17,0,1,3,1,0,0.0,4,6,4609,0,1,21,0,0,0,1,1
86,19,0,1,3,1,0,0.023255814,3,4,6249,0,1,15,0,1,1,1,1
24,15,0,0,2,1,0,0.0,0,253,2842,223021,0,7,0,0,0,2,0
31,23,0,1,2,0,0,0.0,0,103,7189,490968,1,6,0,0,1,2,1
40,22,0,0,2,0,0,0.125,1,116,6606,899,1,7,0,0,1,0,1
26,17,0,0,2,0,0,0.0,0,118,3020,262457,0,6,0,0,0,0,0
53,15,0,1,2,0,0,0.037735849,0,66,8833,2717,0,10,0,0,1,1,0
19,4,0,0,1,0,1,0.0,0,1,-1,35701,1,5,0,0,0,1,1
23,14,0,0,2,0,0,0.0,0,22,711,2046137,0,6,0,0,0,0,1
43,34,0,0,2,0,0,0.0,1,47,1950,341948,1,6,0,0,0,1,1
128,54,1,1,3,1,0,0.203125,0,4,4003,5816617,1,19,0,1,1,1,1
25,16,0,0,3,0,0,0.2,0,54,3165,799767,0,7,0,0,0,1,0
68,42,1,1,3,0,0,0.132352941,0,51,3993,5707171,1,9,0,1,1,2,1
47,12,0,1,3,0,0,0.0,0,51,8387,788213,0,9,0,0,0,1,0
125,50,1,0,3,1,0,0.128,0,51,3993,5707171,1,18,0,1,1,2,1
39,19,0,1,2,0,0,0.0,0,105,8051,57926,0,7,0,0,2,1,0
61,14,0,1,3,0,0,0.0,1,94,-1,2773762,1,12,0,0,0,2,1
43,12,0,0,3,0,0,0.046511628,0,0,-1,48450,0,9,0,0,0,3,0
43,21,0,0,1,0,0,0.0,1,59,31,0,1,6,0,0,1,1,1
47,29,0,1,2,0,0,0.0,0,0,-1,0,1,7,0,0,0,2,0
22,13,0,0,2,0,0,0.0,0,14,5576,131599,0,6,0,0,0,2,0
147,24,1,1,2,0,0,0.244897959,1,2,376,0,1,14,0,0,0,1,1
17,9,0,1,2,0,0,0.0,0,573,-1,297787,0,6,0,0,1,2,0
132,16,1,0,3,0,0,0.03030303,0,9,7765,32,0,10,0,0,0,1,1
55,38,0,1,3,0,1,0.0,0,21,5626,0,1,11,0,0,0,2,1
84,14,0,1,3,0,0,0.0,0,0,540,0,1,13,0,0,0,2,0
58,28,0,1,2,0,0,0.0,0,63,2784,71132,0,9,0,0,0,1,0
62,31,1,1,3,0,1,0.161290323,0,21,5616,0,1,12,0,0,0,2,1
32,24,1,1,3,1,0,0.21875,0,21,8093,3612,1,8,0,0,1,2,1
40,32,0,1,2,0,1,0.0,1,24,2004,0,0,6,0,0,1,2,0
35,10,0,1,3,0,0,0.028571429,0,0,-1,0,1,8,0,0,1,2,1
54,23,0,1,2,1,0,0.018518519,0,75,135,0,1,9,0,0,0,2,1
71,24,0,1,2,1,0,0.0,3,32,2694,0,1,11,0,0,1,2,1
30,21,0,0,2,0,0,0.0,0,99,2736,6310833,0,6,0,0,1,2,0
45,17,0,1,2,0,0,0.0,1,588,4089,0,1,9,0,0,2,2,1
96,20,1,1,3,1,0,0.114583333,2,270,971,0,1,14,0,0,2,2,1
34,26,0,1,2,1,1,0.0,0,102,7298,3725373,0,7,1,0,0,2,0
67,22,0,1,3,0,0,0.0,0,6,4212,0,1,10,0,0,0,1,1
69,38,0,1,3,0,0,0.0,0,211,323,0,1,9,0,0,0,2,1
54,16,0,1,3,0,0,0.0,0,64,4968,8541,0,10,0,0,1,2,0
73,18,0,0,2,0,0,0.02739726,0,195,5222,135,0,11,0,0,0,2,0
44,16,0,0,2,0,0,0.0,0,1323,7133,12,0,8,1,0,0,1,0
71,7,0,0,3,0,0,0.014084507,0,2,1079,710503,0,14,0,0,0,2,1
32,25,0,1,2,0,0,0.0,0,6,7412,1561104,1,5,0,0,0,0,1
122,29,0,0,2,1,1,0.073770492,1,26,8019,0,1,16,0,1,1,1,1
76,50,1,1,3,1,0,0.118421053,0,51,3993,5707171,1,10,0,1,1,2,1
138,27,0,1,2,1,1,0.036231884,0,7,8018,0,1,18,0,1,2,1,1
61,12,0,1,1,0,0,0.0,0,94,3022,32574,0,12,0,0,1,0,0
100,18,1,0,3,0,0,0.12,0,841,5797,4997,1,14,1,0,1,2,0
32,25,0,1,2,0,1,0.03125,0,14,7295,0,1,5,1,0,1,1,1
19,6,0,1,1,0,1,0.0,0,0,3166,37159,1,5,0,0,1,1,1
72,17,0,1,3,0,0,0.222222222,0,0,-1,37441,1,17,0,0,1,3,0
52,23,0,1,2,0,0,0.038461538,0,268,-1,48772,1,9,0,0,2,2,0
27,14,0,1,2,0,0,0.0,0,41,6535,1326081,0,6,0,0,1,0,0
37,28,0,0,2,0,1,0.0,0,14,7295,0,1,6,1,0,0,1,1
37,29,0,0,3,0,0,0.027027027,0,53,-1,0,0,7,0,0,0,2,1
54,19,0,1,1,1,0,0.018518519,3,6,836,0,1,9,0,0,1,1,1
33,17,0,1,2,0,0,0.0,0,1,5074,468378,0,7,0,0,0,2,0
49,24,0,1,2,1,1,0.0,0,709,7118,32707,1,9,0,0,0,2,0
50,23,0,0,3,0,1,0.12,0,34,7297,0,1,9,1,0,0,2,1
29,16,0,1,2,0,0,0.0,0,13,1515,0,1,6,0,0,0,2,1
30,22,0,1,2,0,0,0.0,0,261,6773,332267,0,6,0,0,1,2,0
139,54,1,0,3,1,0,0.115107914,0,4,4003,5816617,1,21,0,1,1,1,1
61,16,0,0,2,0,0,0.098360656,0,89,7913,943,0,10,0,0,0,1,0
82,16,0,0,2,0,0,0.048780488,1,10,8348,1,1,12,1,0,0,0,1
39,18,0,0,1,1,0,0.0,2,23,162,0,1,7,0,0,1,2,1
105,15,0,0,2,1,0,0.038095238,1,33,8346,1,1,14,1,0,0,2,1
82,20,0,1,3,0,0,0.036585366,0,397,-1,92080,0,14,0,0,2,2,0
41,34,0,1,2,0,1,0.0,0,34,7299,5682356,0,5,1,0,0,2,0
25,16,0,0,2,1,0,0.0,0,34,-1,8082898,0,7,0,0,0,0,0
56,21,0,0,3,0,0,0.0,0,232,6843,74297,0,9,0,0,0,0,0
47,31,1,1,3,0,1,0.212765957,0,21,5616,0,1,9,0,0,0,2,1
47,13,0,1,3,0,0,0.0,1,0,2869,10478953,1,10,0,0,0,1,1
42,13,0,1,2,0,0,0.0,0,6,1337,0,1,9,0,0,0,1,1
64,32,0,1,2,0,0,0.046875,0,84,1536,4558,1,9,0,1,0,2,1
45,14,0,1,3,1,0,0.0,0,0,6402,0,1,11,0,0,0,1,0
36,20,0,0,3,0,0,0.0,0,0,716,0,1,7,0,0,0,2,1
33,24,0,0,2,0,0,0.0,0,100,3433,375480,0,6,0,0,0,1,0
36,9,0,1,1,0,0,0.111111111,0,60,3231,423762,0,7,0,0,0,0,0
44,21,0,1,3,0,0,0.022727273,0,22,12872,1943,1,9,0,0,1,1,0
39,32,0,1,2,0,1,0.025641026,0,14,7295,0,1,5,1,0,1,1,1
27,15,0,0,2,0,1,0.0,0,67,3434,9424,0,7,0,0,1,1,0
22,13,0,0,1,0,0,0.0,0,64,3328,2401957,0,5,0,0,0,0,0
25,17,0,1,2,0,0,0.0,0,85,-1,215181,0,6,0,0,0,2,0
55,16,0,0,2,0,0,0.018181818,0,607,8159,50501,0,12,0,0,0,1,0
22,15,0,1,1,0,0,0.0,0,5,-1,0,0,4,0,0,0,1,0
50,13,1,1,3,0,0,0.2,1,44,-1,0,1,11,1,1,2,2,1
64,14,0,1,2,1,0,0.0,0,685,8765,76848,0,12,0,0,3,0,0
62,11,0,0,2,1,0,0.0,0,274,8469,42124,0,11,0,0,0,1,0
75,25,0,1,3,0,0,0.026666667,1,83,1854,7237293,1,13,0,0,1,2,1
26,13,0,1,2,0,0,0.076923077,0,7,3388,0,1,6,0,0,1,2,1
43,15,0,0,2,0,0,0.0,0,55,5637,2,0,7,1,0,0,1,0
169,14,0,0,3,0,0,0.023668639,1,0,8348,1,1,34,1,1,0,0,1
160,21,1,1,3,1,1,0.1,2,23,4284,0,1,19,0,1,2,2,1
67,11,0,0,1,0,0,0.164179104,0,67,4950,5977,0,16,0,0,0,0,0
79,15,0,1,2,0,0,0.101265823,1,80,3347,0,1,17,0,0,0,2,1
42,16,0,1,3,1,0,0.0,0,31,5913,86462,0,9,0,0,1,1,0
46,14,0,1,1,0,0,0.0,0,16,1794,0,1,7,0,0,1,2,1
56,16,0,0,2,0,0,0.0,0,719,7134,13,0,10,1,0,0,1,0
32,24,0,1,2,0,0,0.0,0,22,2835,0,1,6,0,0,1,1,1
124,46,1,0,3,0,0,0.225806452,0,4,4003,5828815,1,19,0,1,1,1,1
66,20,0,1,3,0,0,0.0,0,432,-1,442372,0,9,0,0,1,1,0
33,16,0,0,2,0,0,0.0,0,543,7130,12,0,7,1,0,0,2,0
30,15,0,1,3,1,0,0.0,1,1,-1,0,1,9,0,0,1,1,1
90,15,0,0,2,0,0,0.0,0,155,-1,4382,0,14,0,0,0,2,0
38,25,0,0,2,0,0,0.210526316,0,8,1338,22211,1,7,0,1,0,0,1
36,22,0,0,2,0,0,0.0,0,247,8323,1355200,1,7,0,0,0,2,0
51,15,0,0,2,0,1,0.058823529,0,299,9285,121,0,11,1,0,0,1,0
27,15,0,0,2,0,0,0.0,0,333,1801,38436,0,7,0,0,1,0,0
23,15,0,1,2,0,0,0.0,0,1,56,0,1,6,0,0,0,1,1
29,20,0,0,2,0,0,0.0,0,36,2613,4623984,0,6,0,0,0,1,0
25,17,0,1,2,0,0,0.0,0,96,1496,1337125,0,6,0,0,1,1,0
165,23,1,1,3,1,0,0.078787879,3,4,3064,0,1,20,0,0,1,1,1
54,26,0,0,2,0,0,0.0,0,41,5934,1314432,0,7,0,0,0,2,0
72,24,0,0,3,1,0,0.041666667,0,38,7590,635,1,15,0,0,1,0,0
34,26,0,1,2,0,0,0.088235294,0,119,1547,4639,1,6,0,0,0,2,1
58,19,0,0,3,0,0,0.0,0,369,6983,3568,1,9,0,0,1,0,0
60,27,0,1,3,0,0,0.0,0,20,829,0,1,9,0,0,0,2,1
61,20,0,1,3,0,0,0.016393443,0,417,7526,107288,0,13,0,0,1,0,0
27,18,0,0,2,0,0,0.037037037,0,47,3861,8439309,0,6,0,0,1,1,0
49,13,0,1,3,0,0,0.020408163,0,127,8705,111648,0,10,1,0,0,0,0
45,37,0,1,1,0,0,0.0,0,0,258,0,1,5,0,0,0,2,1
126,14,0,1,3,1,0,0.03968254,2,15,2204,5038359,1,19,0,0,0,2,1
66,23,0,1,3,0,0,0.0,0,9,2238,8666349,0,12,0,0,0,1,1
68,42,1,1,3,0,0,0.102941176,0,51,3992,5697976,1,9,0,1,1,2,1
34,26,0,1,2,0,0,0.0,1,0,437,81638,1,6,0,0,0,1,0
81,12,0,1,3,0,0,0.061728395,0,5,135,0,1,13,0,0,0,1,1
22,14,0,1,2,0,0,0.0,1,259,6311,0,0,6,0,0,1,2,0
42,11,0,1,2,0,0,0.0,0,18,7496,1144878,1,8,0,0,1,1,0
31,13,0,0,2,0,0,0.0,1,152,3781,6366,1,6,0,1,1,2,0
107,18,1,0,2,1,0,0.186915888,0,247,7764,32,0,18,0,0,1,2,0
28,19,0,0,2,0,0,0.0,0,77,2025,174867,0,6,0,0,0,2,0
29,20,0,0,2,0,0,0.0,0,131,5239,643440,0,6,0,0,0,1,0
17,8,0,0,1,0,0,0.0,0,29,-1,2619360,0,5,0,0,1,0,1
52,22,0,0,3,1,0,0.038461538,1,4,13,0,1,10,0,0,1,1,1
128,50,1,0,3,1,0,0.1875,0,51,3993,5707171,1,19,0,1,0,2,1
64,22,1,0,3,0,0,0.109375,0,4,224,0,1,10,0,1,1,1,1
54,16,0,1,2,1,0,0.092592593,0,761,2630,845,0,10,0,1,1,2,0
25,12,0,1,1,0,0,0.0,0,4,614,0,1,6,0,0,1,1,1
48,16,0,0,2,0,0,0.0,1,1,2241,0,1,9,0,0,0,2,1
56,26,0,1,2,1,0,0.0,0,65,6036,554648,1,8,0,0,0,1,0
84,10,0,0,2,0,0,0.05952381,0,96,-1,42884,0,15,0,0,0,0,0
80,13,0,1,3,1,0,0.0,4,10,4503,0,1,15,0,0,0,1,1
52,16,0,0,2,0,0,0.0,2,1,8346,1,0,9,1,0,1,0,1
18,6,0,1,1,0,0,0.055555556,0,5,-1,518954,0,6,0,0,0,1,1
71,21,0,0,2,0,0,0.0,0,64,6257,521,1,12,0,1,1,3,0
47,16,0,0,2,0,0,0.0,0,235,7133,12,0,8,1,0,0,1,0
105,23,1,1,3,0,0,0.123809524,0,0,5804,4953,1,16,0,0,0,2,1
39,22,0,1,3,1,0,0.051282051,1,103,7328,869662,1,8,0,0,1,2,1
36,14,0,1,1,0,1,0.0,1,22,1479,0,1,8,0,0,1,1,1
68,42,1,1,3,0,0,0.191176471,0,51,3993,5707171,1,9,0,1,1,2,1
29,17,0,1,2,0,1,0.0,0,0,-1,908288,0,7,0,0,0,2,0
118,21,0,0,3,1,0,0.0,0,154,8757,24862,0,16,0,0,0,0,0
34,25,0,0,2,0,0,0.0,0,127,2301,22884,0,6,0,0,0,1,1
99,22,0,0,2,0,0,0.060606061,0,174,4057,98,0,17,1,0,0,2,0
31,22,0,0,2,0,0,0.0,0,220,-1,0,0,6,0,0,0,0,0
48,26,0,1,2,0,0,0.0,0,33,2348,242805,1,8,0,0,0,0,0
49,31,1,1,2,1,0,0.142857143,0,116,6605,899,1,9,0,0,2,0,1
36,27,0,0,2,0,0,0.0,0,257,3872,785774,0,6,0,0,1,2,0
25,18,0,1,2,0,0,0.0,0,12,5159,0,0,5,1,0,1,1,0
47,16,0,1,2,0,0,0.0,2,33,2252,0,1,8,0,0,0,1,1
58,18,1,0,2,0,0,0.120689655,0,98,8350,1,0,10,1,0,0,1,0
37,10,0,0,2,0,0,0.0,0,88,3911,7910131,0,8,0,0,0,1,1
25,12,0,0,1,0,0,0.12,0,19,5437,6738927,1,6,0,0,0,2,0
31,16,0,1,2,0,0,0.0,0,19,4340,6917,1,7,0,0,2,2,0
40,22,0,1,2,0,0,0.0,0,193,7587,988,0,6,0,0,1,2,0
62,13,0,0,2,0,0,0.129032258,0,547,7985,13560,1,13,0,0,1,1,0
49,9,0,1,1,0,0,0.0,0,26,4721,0,1,8,0,0,2,2,0
25,16,0,0,2,0,0,0.0,0,15,-1,0,0,6,0,0,0,1,0
41,16,0,0,2,0,0,0.0,0,207,7133,12,0,8,1,0,0,1,0
28,19,0,0,2,0,0,0.0,0,80,5714,10088551,0,6,0,0,0,1,0
30,21,0,0,2,0,0,0.0,0,30,-1,3433037,0,6,0,0,0,2,0
52,16,1,1,2,0,0,0.192307692,0,30,9549,7073,0,8,0,0,0,0,0
60,25,0,1,3,1,0,0.0,2,0,4397,0,1,10,0,0,0,2,1
47,17,0,1,3,1,0,0.0,3,11,7378,746847,1,10,0,0,1,1,1
23,10,0,1,1,0,0,0.043478261,0,3,2932,0,1,6,0,0,1,1,1
36,29,0,1,2,0,1,0.0,0,224,7299,1229372,0,6,1,0,1,2,0
74,13,0,1,2,0,0,0.0,0,79,-1,790874,0,14,0,0,1,1,0
50,16,0,1,3,0,0,0.0,1,0,2861,0,0,9,0,0,1,3,0
59,26,0,0,3,1,0,0.0,2,20,4914,58891,1,13,0,0,0,1,1
43,12,0,0,3,0,0,0.0,0,34,4987,0,1,8,0,0,0,2,1
49,18,0,1,3,0,0,0.020408163,0,0,-1,43376,0,10,0,0,1,3,0
41,13,0,1,2,1,0,0.073170732,0,125,7105,4224244,1,10,0,0,0,2,0
46,13,0,1,3,1,0,0.0,0,2,-1,4992,0,12,0,0,0,1,0
42,21,0,1,1,0,0,0.0,0,0,4537,0,1,7,0,0,1,2,1
44,11,0,1,3,0,0,0.0,1,27,5824,0,0,8,0,0,0,1,0
33,14,0,1,2,0,0,0.0,0,100,-1,1888375,0,6,0,0,0,1,0
25,17,0,1,2,0,0,0.0,0,132,2342,263173,1,6,0,0,1,2,0
61,20,0,1,3,0,0,0.0,0,361,7890,1402896,0,11,0,1,1,1,0
57,10,0,1,2,0,0,0.052631579,1,1,-1,7782684,1,13,0,0,0,2,1
36,13,0,1,2,0,0,0.0,0,252,7992,6459,0,7,0,0,1,1,0
56,39,0,1,3,0,1,0.107142857,0,83,5626,9331979,1,11,0,0,0,2,1
35,26,0,0,2,0,0,0.0,0,60,4499,0,0,6,0,0,0,2,0
55,30,0,0,3,1,1,0.0,0,56,4190,0,1,10,0,0,0,2,1
78,18,0,1,2,0,0,0.012820513,0,206,2578,8949,1,11,0,0,3,2,0
47,17,0,1,3,0,0,0.085106383,0,157,7523,2902,0,8,0,0,1,1,0
41,22,0,1,2,0,0,0.0,0,3,2590,0,1,7,0,0,0,2,1
57,16,0,0,2,0,0,0.0,2,18,8348,1,1,8,1,0,0,1,1
55,21,0,1,3,0,0,0.072727273,0,7,2563,0,1,9,0,0,0,1,1
56,22,0,1,3,0,1,0.0,0,112,5044,380,0,10,0,0,0,1,0
39,22,0,1,2,0,0,0.0,0,218,7583,965,0,6,0,0,1,2,0
19,11,0,1,2,0,0,0.1578947369999999,0,45,-2,0,1,6,0,0,0,2,1
27,18,0,0,2,0,0,0.0,0,26,5022,2714532,0,6,0,0,0,2,0
37,28,0,0,2,0,0,0.0,0,76,-1,382395,0,6,0,0,0,2,0
42,16,0,0,2,0,0,0.0,0,320,7133,12,0,8,1,0,0,0,0
35,17,0,0,1,0,0,0.085714286,0,23,240,0,1,6,0,0,0,2,1
32,11,0,0,1,0,0,0.0,0,34,1777,2408885,1,6,0,0,1,2,1
47,17,0,1,2,0,0,0.0,1,15,2573,0,1,11,0,0,0,0,1
149,18,0,1,2,0,0,0.261744966,0,37,6348,2869931,1,49,0,0,0,0,0
121,31,0,0,2,1,1,0.066115702,0,26,8019,0,1,18,0,0,1,1,1
65,15,0,1,2,1,0,0.046153846,0,9,181,0,1,12,0,0,1,1,1
204,20,0,0,2,0,0,0.1372549019999999,0,7,3424,2089560,1,8,0,0,0,2,1
15,7,0,1,1,0,0,0.0,0,47,-1,15858,0,5,0,0,1,0,0
101,30,0,0,3,0,1,0.00990099,0,23,4190,0,1,16,0,1,0,2,1
89,43,0,1,2,1,0,0.0,2,3,330,0,1,10,0,0,0,1,1
91,18,1,1,2,1,0,0.230769231,3,57,243,0,1,11,0,0,1,2,1
39,25,0,0,2,0,0,0.205128205,0,8,1338,22211,1,6,0,1,0,0,1
108,44,1,0,2,0,0,0.064814815,1,208,3964,10203,1,13,0,0,0,0,0
58,14,0,0,2,0,0,0.155172414,0,18,-1,8785357,0,7,0,0,1,2,1
58,21,0,1,2,0,0,0.0,0,51,5080,119046,1,9,0,1,1,0,0
52,9,0,0,3,0,0,0.0,0,107,613,0,1,10,0,0,0,2,1
24,15,0,0,2,0,0,0.041666667,0,129,6769,0,0,6,0,0,0,1,0
28,19,0,0,3,0,0,0.0,0,645,-1,616337,0,7,0,0,0,2,0
73,13,0,1,2,0,0,0.150684932,0,17,5408,142110,0,16,0,0,0,1,0
26,10,0,0,1,0,0,0.115384615,0,4,2139,309382,1,5,0,0,1,1,1
68,22,1,0,2,0,0,0.264705882,0,18,5990,187079,1,7,0,0,0,1,1
41,16,0,0,2,0,0,0.0,0,432,7134,12,0,8,1,0,0,1,0
33,14,0,0,1,0,0,0.0,0,69,4440,2375,0,6,0,0,0,0,0
49,6,0,1,2,0,0,0.0,0,9,-1,4934,1,8,0,0,0,1,0
26,18,0,1,3,0,0,0.0,0,51,-1,728287,0,7,0,0,1,2,0
30,23,0,1,2,0,1,0.1,0,14,7295,0,1,5,1,0,1,1,1
45,13,0,1,2,0,0,0.066666667,0,147,11285,124057,1,8,0,0,3,1,0
84,20,1,1,2,0,0,0.25,0,44,-1,0,1,12,0,0,1,2,1
55,19,0,1,2,0,0,0.181818182,0,0,6734,0,1,9,0,0,0,2,1
128,50,1,0,3,1,0,0.1171875,0,4,4003,5828815,1,19,0,1,1,1,1
49,15,0,1,3,0,0,0.040816327,0,58,-1,0,1,10,0,0,0,2,1
69,61,0,1,3,0,0,0.057971014,0,0,8416,0,1,11,0,0,0,2,1
105,18,0,0,2,0,1,0.085714286,0,9,7038,1314,0,16,0,0,0,0,1
47,21,0,1,2,0,0,0.127659574,0,24,7530,23288,1,7,0,0,1,1,1
64,26,0,1,3,0,0,0.0,0,96,5865,451542,0,9,0,0,0,2,0
30,21,0,0,2,0,0,0.0,0,71,2347,86181,0,6,0,0,0,2,0
56,21,0,1,1,0,0,0.0,1,0,4755,0,1,9,0,0,1,2,1
38,23,0,1,2,0,1,0.105263158,0,21,923,0,1,7,0,0,1,1,1
27,18,0,0,2,0,0,0.0,0,40,6260,0,0,6,0,0,0,0,0
71,19,0,0,2,0,0,0.0,0,111,5097,3659,0,12,0,0,0,0,0
50,23,0,1,3,0,0,0.0,2,4,6080,0,1,11,0,0,1,1,1
120,17,0,1,2,1,0,0.058333333,1,144,7405,7231,1,17,0,1,2,1,0
68,9,0,0,1,1,0,0.117647059,0,170,3075,438190,1,14,0,0,1,2,0
100,20,0,1,1,1,0,0.05,4,46,2195,0,1,14,0,0,1,2,1
45,37,0,1,3,0,0,0.0,0,23,4202,0,0,8,0,0,1,2,1
26,18,0,1,2,0,0,0.0,0,39,7696,698224,0,6,0,0,1,0,0
33,21,0,0,2,1,0,0.0,0,64,3199,1922851,1,8,0,0,0,2,0
68,17,0,1,3,1,0,0.0,3,8,5805,0,1,11,0,1,1,2,1
204,15,1,0,3,0,0,0.387254902,2,6,1556,0,1,17,0,0,0,1,1
66,23,0,1,3,0,0,0.106060606,0,0,-1,477976,0,11,0,0,0,3,0
130,30,1,0,3,1,1,0.2,0,18,5670,5836,0,22,0,1,0,2,1
107,28,1,1,3,1,0,0.112149533,2,1,-1,0,1,15,0,0,0,2,1
52,16,0,1,2,0,0,0.0,0,2,6896,0,1,10,0,0,1,1,1
74,19,0,0,2,0,0,0.0,0,49,5511,469364,0,13,0,0,0,0,0
27,19,0,1,2,0,0,0.0,0,0,-1,0,1,6,0,0,1,2,1
56,37,0,1,3,0,0,0.0,0,18,6107,0,1,8,0,0,0,1,1
90,20,0,0,2,0,1,0.044444444,0,11,8019,0,1,14,0,0,1,2,1
54,18,0,1,2,0,0,0.240740741,0,0,4068,0,1,9,0,0,0,2,1
70,44,1,1,3,0,1,0.157142857,1,21,5616,0,1,10,0,0,0,2,1
78,14,0,0,3,1,0,0.012820513,0,9,7142,1347894,0,13,0,0,0,1,0
54,26,0,1,3,0,0,0.0,0,1,7083,17964,1,8,0,0,0,2,1
53,21,0,1,2,0,0,0.056603774,0,0,5972,0,1,9,0,0,1,1,1
31,16,0,1,2,0,0,0.0,0,41,9325,1394,0,7,1,0,1,0,0
41,19,0,1,3,0,0,0.0,0,49,5454,1885,0,8,0,0,1,2,0
44,17,0,1,3,0,0,0.1363636359999999,0,238,9558,18981,0,8,0,0,1,1,0
39,30,0,0,2,0,1,0.0,0,118,7298,0,0,6,1,0,0,2,0
26,18,0,1,2,0,0,0.0,0,82,6683,485347,1,6,0,0,1,1,0
66,10,1,1,2,0,0,0.439393939,0,31,2486,0,1,14,0,0,1,1,1
62,14,0,1,2,0,0,0.032258065,0,60,-1,177488,1,10,0,0,0,1,0
35,26,0,0,3,0,0,0.0,0,45,-1,798738,0,7,0,0,0,2,0
25,18,0,1,2,0,0,0.0,0,16,5160,0,0,5,1,0,1,2,0
23,14,0,0,2,0,0,0.0,0,191,3496,4661621,0,6,0,0,1,2,0
126,50,1,0,3,1,0,0.19047619,0,4,4003,5816617,1,19,0,1,1,1,1
73,17,1,1,1,0,0,0.095890411,0,368,6056,41,0,11,1,0,1,2,0
116,13,1,1,3,0,0,0.215517241,2,83,-1,0,1,14,0,0,0,1,1
40,31,0,0,3,1,0,0.0,0,4,768,0,1,8,0,0,0,1,1
35,27,0,1,2,0,0,0.0,0,366,5947,1433231,0,6,0,0,0,2,0
20,11,0,0,1,1,0,0.0,0,111,1465,5811225,0,6,0,0,0,2,0
30,22,0,1,2,0,0,0.2,2,15,539,2368593,1,6,0,0,0,0,1
68,18,1,1,2,0,0,0.279411765,0,6,1021,0,0,12,0,1,0,0,1
68,15,0,1,2,1,0,0.0,3,0,-1,0,1,11,0,0,1,2,1
88,14,0,0,3,0,0,0.045454545,0,5,5158,114,1,15,1,1,0,0,0
33,26,0,1,2,0,0,0.0,0,48,1180,1880775,0,5,0,0,0,2,0
25,17,0,1,2,0,0,0.08,0,43,2713,0,0,6,0,0,1,0,0
35,15,0,0,2,0,0,0.0,0,55,5635,2,0,7,1,0,0,1,0
97,26,0,0,2,0,0,0.0,0,94,8481,3227,0,13,0,0,0,2,0
46,27,0,1,3,0,0,0.043478261,0,1,-1,0,1,8,0,0,0,1,1
27,18,0,0,2,0,0,0.0,0,39,7302,925488,0,6,0,0,0,1,0
44,19,0,1,1,0,0,0.0,1,3,1407,0,1,8,0,0,1,1,1
58,22,0,1,2,0,0,0.0,0,31,-1,0,1,9,0,0,1,1,1
55,19,0,0,2,1,0,0.0,3,13,470,0,1,12,0,0,0,1,1
48,20,0,0,3,0,0,0.125,0,84,8044,2580,0,8,0,0,0,2,0
30,23,0,1,2,0,0,0.0,0,156,6466,4633956,0,5,0,0,1,2,0
24,8,0,1,2,0,0,0.0,0,0,-1,0,1,6,0,0,0,2,1
66,31,0,1,2,0,1,0.0,0,78,7619,2192,0,8,0,0,1,1,0
45,13,0,0,1,0,0,0.111111111,0,28,54,0,1,8,0,0,0,2,1
39,19,0,1,2,1,1,0.0,0,73,5397,474447,0,8,0,0,0,1,0
54,17,0,1,3,1,0,0.0,1,16,-1,0,1,13,0,1,0,2,1
58,22,0,1,2,0,0,0.103448276,0,221,7286,332,0,10,0,0,1,2,0
46,24,0,1,2,1,1,0.0,0,65,7123,34048,1,9,0,0,0,1,0
32,10,0,1,2,0,0,0.0,0,19,8664,7107162,1,7,0,0,1,1,1
100,18,1,1,3,1,0,0.23,3,59,254,0,1,13,0,0,0,2,1
61,16,0,1,2,0,0,0.0,0,55,2388,1625,0,10,0,0,0,1,0
61,13,1,0,3,1,0,0.31147541,0,15,5387,1909793,0,12,0,0,0,2,1
74,14,0,0,3,0,0,0.054054054,0,5,5160,115,1,15,1,1,0,0,0
50,19,0,1,3,0,0,0.0,0,32,-1,0,0,9,0,1,0,1,0
29,20,0,0,2,0,0,0.103448276,0,8,1336,20989,1,6,0,0,0,0,1
47,19,0,0,2,0,0,0.0,0,110,6328,523,0,9,0,0,0,0,0
24,16,0,1,2,0,0,0.0,0,696,-1,5126981,0,6,0,0,1,1,0
27,19,0,1,2,1,0,0.0,0,14,1903,3933504,0,7,0,0,1,2,0
165,18,1,1,3,0,0,0.236363636,0,3,4091,7776219,1,12,0,0,0,1,1
50,23,0,1,3,0,0,0.0,1,51,3400,0,1,9,0,0,0,2,1
87,17,0,0,2,0,0,0.091954023,0,50,8721,6085,0,16,0,0,0,1,0
91,12,0,0,2,0,0,0.098901099,0,0,-1,1112236,1,16,0,0,1,3,0
70,21,0,1,2,1,0,0.014285714,0,199,9073,14978,0,12,0,1,1,0,0
27,16,0,1,2,0,0,0.0,0,614,8697,2805305,0,7,0,1,0,0,0
55,20,0,1,3,1,0,0.0,0,5,7717,143598,0,9,0,0,1,1,0
36,29,0,1,2,0,1,0.027777778,0,14,7295,0,1,5,1,0,1,1,1
38,18,0,1,3,0,1,0.0,1,0,4792,0,1,8,0,0,0,2,1
128,50,1,0,3,1,0,0.1328125,0,51,3993,5707171,1,19,0,1,0,2,1
74,14,0,1,2,1,0,0.067567568,0,639,9035,613509,1,21,0,0,2,2,0
33,25,0,1,2,0,0,0.0,0,30,3198,1863493,0,6,0,0,1,1,0
63,27,0,0,1,1,0,0.0,3,1,341,0,1,8,0,0,1,2,1
36,28,0,1,1,0,0,0.0,0,0,281,0,1,5,0,0,0,2,1
58,15,0,1,1,0,0,0.0172413789999999,0,145,-1,465492,0,11,0,0,1,1,0
68,10,1,1,2,0,0,0.352941176,0,21,209,0,1,9,0,0,0,2,1
65,26,0,1,3,0,0,0.0,0,39,-1,6295284,0,9,0,0,1,1,0
22,11,0,1,2,0,0,0.045454545,0,48,9369,31707,0,6,0,0,0,1,0
15,4,0,1,1,0,0,0.066666667,0,56,-1,0,1,5,0,0,4,2,1
129,54,1,1,3,1,0,0.1472868219999999,0,51,3993,5707171,1,20,0,1,0,2,1
37,28,0,0,2,0,0,0.0,0,480,8151,620877,0,6,0,0,0,2,0
29,22,0,1,2,0,1,0.034482759,0,14,7295,0,1,5,1,0,1,1,1
171,18,1,1,3,0,0,0.304093567,0,14,103,0,1,22,0,1,0,2,1
39,19,0,1,3,0,0,0.0,0,59,6957,0,0,7,0,0,0,2,0
50,20,0,1,1,1,0,0.0,0,99,1663,5082431,1,7,0,0,1,2,1
82,14,0,0,3,0,0,0.048780488,0,5,5160,114,1,15,1,1,0,0,0
16,9,0,1,1,0,0,0.0,0,0,5874,0,0,4,0,0,0,2,0
79,24,0,0,3,0,1,0.012658228,0,1,8346,1,1,13,1,1,1,0,1
46,25,0,1,2,0,0,0.0,0,0,2269,0,1,8,0,0,0,2,1
25,17,0,1,2,0,0,0.0,0,67,7637,97763,0,6,0,0,0,2,0
57,28,0,1,3,0,0,0.0,1,5,2484,0,1,11,0,0,0,0,1
26,17,0,0,2,0,0,0.0,0,197,163,679154,0,6,0,0,0,1,0
67,9,0,1,1,0,0,0.0,0,37,5120,7237162,1,11,0,0,0,1,0
52,34,0,1,3,0,1,0.076923077,1,18,5616,0,1,9,0,0,0,1,1
30,16,0,0,2,0,0,0.0,0,14,6471,73,0,7,1,0,0,0,0
49,21,0,0,1,1,0,0.0,0,237,1,0,1,9,0,0,0,2,1
16,9,0,1,1,0,0,0.0,0,44,-1,0,0,4,0,0,0,2,0
57,39,0,0,3,0,0,0.01754386,0,11,138,0,1,11,0,0,0,1,1
30,23,0,1,2,0,1,0.1,0,14,7295,0,1,5,1,0,1,1,1
70,18,0,1,1,1,0,0.0,0,85,1933,0,0,12,0,0,1,2,1
240,15,1,1,3,1,0,0.1875,4,17,4646,0,1,31,0,0,0,1,1
57,21,0,1,2,0,0,0.175438596,0,0,6945,0,1,9,0,0,0,2,1
73,24,0,1,3,1,0,0.0,0,73,3146,95781,0,11,0,0,1,2,0
23,10,0,1,2,0,0,0.0,0,0,4656,135272,0,7,0,0,0,2,0
69,18,1,1,2,0,0,0.260869565,0,0,303,0,1,8,0,0,0,2,1
24,15,0,0,2,0,0,0.0,0,1001,4477,2528830,0,6,0,0,0,2,0
51,18,0,0,2,0,0,0.039215686,2,178,6460,467993,1,9,0,0,0,0,0
31,14,0,0,3,0,0,0.0,0,1,316,4853199,1,7,0,0,0,2,1
29,20,0,0,2,0,0,0.0,0,30,2054,3063554,0,6,0,0,0,0,0
24,15,0,0,2,0,0,0.0,0,135,2863,1253431,0,6,0,0,0,2,0
46,23,0,0,2,1,0,0.0,0,263,7837,603,0,8,0,0,0,0,0
43,21,0,1,2,1,0,0.0,0,631,6074,14284,0,8,0,1,1,1,0
35,15,0,0,1,0,0,0.0,1,5,1023,1322736,1,5,0,0,0,1,1
32,25,0,1,2,0,1,0.0,0,14,7295,0,1,5,1,0,1,1,1
135,19,0,1,2,1,0,0.014814815,0,30,9694,18697,0,25,0,0,2,1,0
263,20,1,1,3,0,0,0.319391635,3,74,4097,0,1,23,0,1,1,2,1
22,8,0,1,1,0,0,0.0,1,0,-1,0,1,6,0,0,1,2,1
100,18,1,1,3,1,0,0.21,3,124,243,0,1,13,0,0,0,2,1
32,24,0,1,3,1,1,0.0,0,3,92,0,1,8,0,1,0,2,1
388,33,1,0,3,0,0,0.167525773,1,6,6085,6816950,1,46,0,1,0,1,1
36,17,0,0,1,0,0,0.138888889,0,8,5077,194144,1,6,0,0,1,2,0
29,22,0,1,2,0,1,0.0,0,96,7471,3043528,0,5,0,0,2,2,0
47,21,0,0,3,0,0,0.0,0,43,-1,0,1,9,0,0,0,2,1
24,16,0,1,2,0,0,0.0,0,75,2582,141183,0,6,0,0,1,2,0
19,10,0,0,2,0,0,0.0,0,160,-1,169074,0,6,0,0,0,1,0
38,29,0,0,2,0,0,0.0,0,55,5257,0,1,8,0,0,0,2,0
51,43,0,1,3,0,0,0.098039216,0,29,2179,0,1,9,0,1,2,0,1
57,15,0,1,2,0,0,0.0,0,29,1867,4484170,1,10,0,0,1,1,0
116,21,0,1,3,1,0,0.0,4,6,4609,0,1,19,0,0,0,1,1
37,17,0,0,2,0,0,0.162162162,0,11,12209,50,1,7,1,0,2,0,0
140,31,0,1,3,0,0,0.007142857,0,1,7083,17964,1,20,0,0,0,2,1
34,16,0,1,3,0,0,0.0,1,7,-1,0,1,8,0,0,0,2,1
53,24,0,1,2,0,0,0.0,1,5,2484,0,1,10,0,0,0,0,1
31,23,0,1,2,0,0,0.0,0,36,-1,0,0,6,0,0,1,2,0
41,17,0,1,2,0,0,0.0,1,31,160,0,1,7,0,0,1,2,1
109,20,1,1,3,1,0,0.19266055,4,1,658,9558747,1,14,0,0,0,2,1
46,21,0,1,3,0,0,0.0,0,12,1736,842411,1,9,0,0,1,1,1
23,14,0,0,2,0,0,0.0,0,436,7099,372945,0,6,0,0,0,0,0
21,12,0,0,2,0,0,0.0,0,18,6239,62,0,6,1,0,1,0,0
36,20,0,1,2,0,1,0.0,0,26,4822,209887,1,6,0,0,1,0,0
47,16,0,0,2,0,0,0.0,0,1622,7132,12,0,9,1,0,0,1,0
43,16,0,1,3,0,1,0.069767442,0,130,7222,1592793,1,8,0,0,1,1,0
68,22,1,0,2,0,0,0.264705882,0,18,5990,187079,1,7,0,0,0,1,1
293,14,1,0,3,1,0,0.498293515,0,110,2815,7079578,1,18,0,0,0,1,1
58,23,0,1,2,0,0,0.0,0,55,7551,163827,0,10,0,0,0,2,0
91,24,1,0,3,1,0,0.252747253,1,28,532,0,1,14,0,0,0,1,1
26,17,0,0,2,0,1,0.0,0,497,2746,3139730,0,6,0,0,0,2,0
43,18,0,1,3,1,0,0.0,0,12,6544,0,1,11,0,0,1,2,1
24,15,0,0,2,0,0,0.0,0,7,1207,3021434,0,6,0,0,0,0,0
59,20,0,1,3,0,0,0.0,0,32,2685,188662,0,9,0,0,1,1,0
45,14,0,0,2,0,0,0.044444444,0,0,1953,4365,1,7,0,0,0,2,1
55,17,0,1,2,0,0,0.0,0,14,5296,1569169,0,10,0,0,1,1,0
47,18,0,0,2,0,0,0.0,0,13,5005,0,1,9,0,0,2,0,0
25,17,0,1,2,0,0,0.0,0,122,7697,128,0,6,0,0,1,0,0
28,21,0,1,2,0,0,0.0,0,6,7412,1561104,1,5,0,0,0,0,1
70,21,0,0,2,0,1,0.0,2,23,1202,0,1,11,0,1,1,1,1
52,21,0,1,2,0,0,0.0,0,139,5737,8550,0,9,0,0,1,2,0
50,42,0,1,3,0,1,0.04,0,14,5626,0,1,10,0,0,1,2,1
23,14,0,0,3,0,0,0.0,0,159,-1,90667,0,7,1,0,0,0,0
42,22,0,1,2,0,0,0.0,0,195,7587,988,0,7,0,1,1,2,0
45,27,0,0,2,0,0,0.0,0,41,4608,2430743,0,7,0,0,0,2,0
130,8,0,0,1,1,0,0.0,0,28,8810,379136,0,18,0,0,0,1,0
44,16,0,1,1,0,0,0.0,0,30,-1,0,1,7,0,0,0,1,1
23,15,0,1,2,0,0,0.0,0,83,5365,34798,0,6,0,0,1,0,0
56,14,0,1,2,1,0,0.035714286,3,24,3821,0,1,12,0,0,1,1,1
41,21,0,1,2,0,0,0.0,0,11,6856,988416,1,7,0,0,2,1,1
41,11,0,0,3,0,0,0.0,0,107,8430,5635,0,9,0,0,0,0,0
24,15,0,0,2,0,0,0.0,0,0,2808,3566615,0,6,0,0,0,2,0
70,18,0,0,3,0,0,0.0,0,1,59,0,1,12,0,0,0,1,1
23,14,0,0,2,0,0,0.0,0,33,-1,162824,0,6,0,0,0,1,0
34,13,0,1,2,0,0,0.0,0,130,6072,14411,1,8,0,0,1,2,0
202,16,1,1,1,0,0,0.178217822,0,15,6868,6728303,1,18,0,0,1,2,1
26,18,0,1,2,0,0,0.0,0,30,980,0,0,6,0,0,0,2,0
50,18,0,1,2,1,0,0.0,0,30,-1,9281332,0,11,0,0,1,2,0
126,50,1,0,3,1,0,0.134920635,0,51,3993,5707171,1,19,0,1,0,2,1
102,15,1,1,1,1,0,0.196078431,3,88,2047,0,1,12,0,0,1,1,1
66,20,0,0,2,0,0,0.0,0,263,4210,3878,0,9,0,0,0,2,0
32,14,0,1,2,0,0,0.15625,0,0,1953,4365,1,6,0,0,0,2,1
40,7,0,1,1,0,0,0.025,0,15,6438,0,1,8,0,0,1,2,0
20,11,0,0,2,0,0,0.0,0,168,7730,97060,0,6,0,0,1,0,0
36,17,0,1,2,0,0,0.0,0,54,8906,1546,0,7,0,0,1,3,0
29,20,0,0,2,1,0,0.0,0,1097,5442,2659785,0,7,0,0,0,2,0
32,24,0,1,2,0,1,0.0,0,59,7297,2408577,0,6,1,0,0,2,0
70,14,0,1,3,0,0,0.071428571,0,53,11049,549,0,11,0,1,1,1,0
27,19,0,1,3,0,0,0.0,0,0,3510,0,0,7,0,0,0,1,0
99,17,0,0,2,0,0,0.0,0,19,8347,1,0,11,1,0,0,2,0
44,25,0,1,2,0,0,0.0,0,212,6260,684,0,6,0,0,1,2,0
39,12,0,0,2,0,0,0.025641026,1,13,-1,10288277,1,8,0,0,1,1,1
28,19,0,0,2,1,0,0.0,0,148,4460,921884,0,7,0,0,0,1,0
27,19,0,1,2,0,0,0.0,0,27,3839,156797,0,6,0,0,1,1,0
108,27,0,0,3,0,0,0.12962963,0,0,12762,3466,0,16,0,0,0,3,0
135,29,0,1,3,1,1,0.044444444,1,62,5627,0,1,25,0,1,0,2,1
278,40,0,1,3,1,0,0.143884892,0,4,1381,0,1,14,0,1,1,1,1
106,21,0,1,3,0,1,0.066037736,1,31,6725,13267,1,16,1,1,2,1,1
55,19,0,1,2,0,0,0.0,0,14,4209,66570,0,11,0,1,1,0,0
39,19,0,1,3,0,0,0.0,0,18,5309,37739,0,7,0,0,1,1,0
48,28,0,1,2,1,0,0.0,2,4,470,0,1,8,0,0,1,1,1
44,17,0,1,3,0,0,0.0,0,166,8148,12601,0,9,0,0,1,0,0
72,41,0,1,3,0,1,0.069444444,2,22,5615,0,1,14,0,0,0,2,1
22,14,0,1,2,0,0,0.0,0,877,1887,7471833,0,6,0,0,0,2,0
64,20,0,1,3,0,0,0.0,0,84,7379,380311,1,9,0,0,0,1,0
77,12,0,1,2,1,0,0.0779220779999999,3,4,2905,0,1,13,0,0,0,2,1
29,17,0,0,2,0,0,0.0,0,13,-1,0,1,7,0,0,0,1,1
56,18,0,1,2,0,0,0.0,0,94,4486,2873,0,9,0,0,1,1,0
26,17,0,0,2,0,0,0.0,0,36,1366,1581954,0,6,0,0,0,0,0
57,15,0,1,3,0,0,0.0,0,105,7370,1303460,1,10,0,0,1,2,0
110,30,0,0,2,1,1,0.1,0,26,8019,0,1,14,0,0,1,1,1
41,13,0,1,2,0,0,0.0,0,34,7552,0,1,8,0,0,0,2,1
39,24,0,0,2,1,0,0.102564103,0,8,1953,4365,1,9,0,0,0,1,1
46,18,0,1,3,0,0,0.0,0,6,5088,0,1,8,0,0,0,1,1
19,10,0,0,2,0,0,0.0,0,97,-1,423862,0,6,0,0,0,2,0
39,14,0,0,2,0,0,0.0,0,142,7476,631,0,7,0,1,1,1,0
42,16,0,0,2,0,0,0.0,0,153,8516,8,0,7,1,0,0,0,0
56,19,0,1,1,1,0,0.0,1,8,4966,0,1,8,0,0,1,2,1
30,21,0,0,2,0,0,0.0,0,40,1643,544207,0,6,0,0,0,1,0
31,22,0,0,2,0,0,0.0,0,40,2486,2589063,0,6,0,0,1,2,0
167,16,1,1,3,0,0,0.155688623,1,1,-1,3532151,1,21,1,1,1,2,1
28,20,0,1,2,0,0,0.0,1,192,6922,17935,0,6,0,0,1,0,0
143,24,0,1,3,1,0,0.083916084,0,0,-1,4392684,1,29,0,0,0,2,0
37,19,0,1,2,0,0,0.0,0,119,4920,1447,0,8,0,0,1,0,0
20,9,0,1,1,0,0,0.05,0,7,3922,0,1,5,0,0,0,1,1
128,50,1,0,3,1,0,0.203125,0,51,3993,5707171,1,19,0,1,0,2,1
41,20,0,1,2,0,0,0.0,0,0,6535,4188162,1,8,0,0,0,2,1
25,16,0,0,2,0,0,0.0,0,37,4056,1523192,0,6,0,0,0,0,0
43,35,0,1,2,0,0,0.093023256,0,23,819,0,1,8,0,0,1,1,1
128,50,1,0,3,1,0,0.125,0,51,3993,5707171,1,19,0,1,0,2,1
53,12,0,0,2,1,0,0.0,2,58,-1,0,1,10,0,0,0,1,1
80,23,0,1,3,0,0,0.075,0,84,6302,17158,0,15,0,0,1,2,0
29,20,0,0,2,0,0,0.0,0,4,5159,0,1,6,1,0,0,3,1
45,27,0,0,3,0,1,0.0,0,83,5612,6538559,1,9,0,1,0,2,1
26,19,0,1,1,0,0,0.0,0,58,5238,0,0,4,0,0,1,1,0
30,22,0,1,2,0,0,0.0,0,135,4980,3030688,0,6,0,0,1,1,0
35,27,1,1,2,0,1,0.314285714,0,5,7296,0,1,6,1,0,1,2,1
36,27,0,0,2,0,1,0.0,0,123,7297,0,0,6,1,0,0,1,0
29,20,0,0,2,0,0,0.034482759,0,8,1337,20989,0,6,0,0,0,0,1
42,15,1,0,2,0,0,0.19047619,0,10,12848,591,0,8,0,0,0,2,0
34,16,0,0,2,0,0,0.0,0,1731,7131,12,0,7,1,0,0,1,0
33,25,0,1,2,0,0,0.0,0,0,1,0,1,6,0,0,0,1,1
63,14,0,1,3,0,0,0.095238095,0,205,9132,333087,1,13,0,0,2,0,0
112,13,0,1,3,0,0,0.017857143,0,0,1516,151292,1,19,0,0,1,3,0
35,10,0,1,2,0,0,0.085714286,1,15,1374,0,1,7,0,0,0,2,1
29,13,0,1,1,1,0,0.0,0,12,1771,0,1,8,0,0,1,1,1
39,24,0,0,1,0,0,0.0,0,32,-1,0,1,6,0,0,0,2,1
47,31,1,0,3,0,1,0.212765957,0,21,5616,0,1,9,0,0,0,2,1
25,16,0,0,2,0,0,0.0,0,155,-1,0,0,6,0,0,0,1,0
35,26,0,0,2,0,0,0.0,0,41,4478,3106402,0,8,0,0,0,1,0
121,19,0,1,1,0,0,0.0,0,87,389,5160220,1,18,0,0,4,2,1
19,10,0,0,2,0,0,0.0,0,13,-1,1450090,0,6,0,0,0,0,0
47,23,0,1,1,1,0,0.0,0,0,3934,0,1,9,0,0,1,1,1
39,15,0,0,2,0,0,0.0,0,1,8350,1,1,6,1,0,1,0,0
31,23,0,1,2,0,0,0.0,0,50,4183,198456,1,6,0,0,1,0,0
231,10,1,1,3,1,0,0.212121212,0,28,2204,5039553,1,27,0,0,0,2,1
29,20,0,0,2,0,0,0.068965517,0,8,1337,20989,1,6,0,0,0,0,1
44,12,0,1,1,1,0,0.0,2,0,-1,0,1,10,0,0,1,2,1
105,14,0,1,2,1,0,0.047619048,3,0,73,5631354,1,16,0,0,0,1,1
64,17,0,1,2,0,0,0.046875,0,0,3008,1142313,0,12,0,0,0,2,0
96,14,1,1,2,1,0,0.197916667,3,124,243,0,1,12,0,0,0,2,1
24,12,0,1,2,0,0,0.0,0,4,-1,0,1,6,0,0,1,2,1
69,42,1,0,3,0,0,0.115942029,0,4,4003,5816617,1,9,0,1,1,1,1
39,17,0,1,2,0,0,0.0,0,306,9189,316,0,7,0,0,1,0,0
65,17,0,1,2,0,0,0.0,1,72,7330,2775,0,10,0,0,1,2,0
39,20,0,1,3,0,0,0.025641026,0,8,1337,20989,1,7,0,0,1,0,1
33,26,0,1,2,0,1,0.0,0,36,7620,56198,0,6,0,0,0,1,1
117,19,0,0,2,1,0,0.0,0,65,2884,7664,0,17,0,0,0,1,0
55,19,0,0,3,0,1,0.0,0,202,-1,16455,1,10,0,0,1,1,0
128,50,1,0,3,1,0,0.21875,0,51,3992,5697976,1,19,0,1,0,2,1
43,15,0,0,2,0,0,0.0,0,52,5640,2,0,10,1,0,0,1,0
112,35,0,0,2,1,1,0.0625,0,26,8019,0,1,14,0,0,1,1,1
86,19,1,1,3,0,0,0.395348837,0,0,-1,0,1,9,0,0,0,2,1
39,13,0,1,2,0,0,0.0,0,3,258,0,1,8,0,0,0,1,0
67,21,0,1,1,0,0,0.059701493,1,22,3832,0,1,10,0,1,1,0,1
22,14,0,1,1,0,1,0.0,0,23,804,2352138,1,5,0,0,0,2,1
48,19,0,1,3,0,0,0.0,0,0,620,0,1,8,0,0,0,2,1
32,24,1,1,3,1,0,0.125,0,21,8094,3612,1,8,0,0,1,2,1
110,22,1,1,2,1,0,0.181818182,2,22,2300,0,1,14,0,0,2,2,1
40,18,0,1,2,0,0,0.0,0,129,9201,684,0,7,0,0,1,0,0
37,17,0,0,2,0,0,0.0,0,725,6431,623,0,7,0,0,0,1,0
34,13,0,1,3,0,0,0.0,0,1,-1,482936,1,7,0,0,0,1,1
54,17,1,1,2,0,0,0.092592593,1,52,3708,52251,1,9,0,0,1,2,1
36,27,0,0,2,0,0,0.0,0,172,-1,0,0,6,0,0,0,1,0
49,17,0,1,2,1,0,0.0,0,157,5079,97457,0,10,0,0,1,1,0
34,27,0,1,2,0,0,0.0,0,28,4455,780526,0,5,0,0,1,2,0
26,18,0,1,2,0,0,0.0,0,580,8891,0,0,6,0,0,2,2,0
43,17,0,0,2,0,0,0.0,0,4,284,0,1,8,0,0,1,1,1
81,24,0,1,2,0,0,0.074074074,0,156,9268,4501,0,14,0,0,1,2,0
29,20,0,0,2,0,0,0.0,0,27,1099,357413,0,6,0,0,0,2,1
81,22,1,1,1,1,0,0.271604938,0,22,2300,0,1,9,0,0,2,2,1
56,20,0,0,2,0,0,0.0,0,31,2236,296839,0,8,0,0,1,3,0
78,18,0,1,1,1,0,0.012820513,0,85,1933,0,0,13,0,0,0,2,1
64,11,1,0,2,1,0,0.125,2,18,2429,10149,0,12,0,0,0,2,1
46,18,0,0,1,1,0,0.0,0,20,885,0,1,10,0,0,0,2,1
96,22,0,1,1,1,0,0.0,3,5,835,0,1,14,0,0,0,1,1
48,15,0,0,3,0,0,0.0,0,28,3276,55094,0,8,0,0,0,0,0
39,15,0,1,2,0,0,0.0,0,3,798,0,1,7,0,0,0,1,1
32,23,0,0,2,0,0,0.03125,0,114,-1,0,0,9,0,0,0,2,0
41,14,0,1,3,0,0,0.0,0,3,-1,0,1,9,0,0,1,1,1
118,42,1,1,3,0,0,0.194915254,0,4,4003,5816617,1,17,0,1,1,1,1
30,21,0,0,2,1,1,0.0,0,14,7296,0,1,7,1,0,0,1,1
63,19,0,1,3,0,0,0.0,0,49,2584,10718227,0,10,0,0,0,0,0
26,17,0,0,2,0,0,0.0,0,220,3291,1165573,0,6,0,0,0,2,0
26,17,0,0,2,1,0,0.0,0,1425,2704,3942874,0,7,0,0,0,2,0
47,26,0,1,3,0,0,0.0,0,95,6608,5497272,1,7,0,0,0,2,0
82,16,0,0,2,0,0,0.085365854,1,10,8348,1,0,11,1,0,0,0,1
28,20,0,1,2,0,0,0.0,0,159,7046,1529478,0,6,0,0,1,2,0
20,11,0,0,2,0,0,0.0,0,43,8339,101823,0,6,0,0,0,1,0
102,23,0,1,3,1,0,0.009803922,0,0,3384,0,1,16,0,0,0,1,1
61,27,0,0,2,0,0,0.0,0,156,5363,85623,1,10,0,0,1,2,0
45,18,0,1,3,0,0,0.0,0,13,182,0,1,8,0,1,3,1,0
75,66,1,0,3,0,1,0.546666667,0,0,5613,0,0,10,0,1,0,2,1
135,17,1,0,2,0,0,0.214814815,0,0,9339,21,0,22,0,0,0,1,1
27,18,0,0,2,0,0,0.0,0,625,-1,8731722,0,6,0,0,0,1,0
20,13,0,1,2,0,0,0.0,0,1561,-1,0,0,5,0,0,0,0,0
128,50,1,0,3,1,0,0.1796875,0,51,3993,5707171,1,19,0,1,0,2,1
70,45,1,0,3,0,1,0.242857143,0,0,5616,0,1,12,0,1,0,2,1
42,15,0,0,1,0,0,0.0,0,0,2397,7613314,1,8,0,0,0,1,1
64,17,0,0,2,0,0,0.140625,0,59,7456,2997,0,15,0,0,0,0,0
45,18,0,0,2,0,0,0.0,0,227,8712,3722,0,7,0,0,0,0,0
42,35,0,1,3,0,0,0.0,0,23,4202,0,1,7,0,0,1,2,1
77,13,0,1,3,1,0,0.025974026,4,0,173,0,1,14,0,0,0,2,1
31,23,0,1,2,0,0,0.0,0,7,-1,0,1,6,0,1,0,1,1
43,25,0,1,2,0,0,0.0,0,311,6259,683,0,6,0,0,1,2,0
126,61,1,1,3,0,0,0.349206349,0,51,1656,2576752,1,15,0,0,0,1,1
113,15,0,0,2,1,0,0.053097345,1,29,8347,1,1,14,1,0,0,2,1
795,35,1,1,3,0,1,0.164779874,1,21,5616,0,1,86,0,1,0,2,1
63,7,0,0,3,0,1,0.031746032,1,21,2344,13667,1,12,1,0,2,1,1
210,14,1,1,3,0,0,0.3619047620000001,1,21,3,0,1,16,0,0,0,1,1
26,18,0,1,2,0,0,0.0,0,180,3210,7881300,1,6,0,0,0,2,1
56,16,0,0,2,0,0,0.0,0,1314,7131,12,1,9,1,0,0,1,0
46,23,0,1,3,0,0,0.0,1,42,1525,0,1,8,0,0,0,2,1
54,45,1,0,2,0,1,0.222222222,0,26,7296,0,1,6,1,0,0,1,1
128,50,1,0,3,1,0,0.0859375,0,51,3993,5707171,1,19,0,1,0,2,1
34,16,0,0,2,0,0,0.0,0,152,8517,8,0,6,1,0,0,0,0
26,17,0,0,2,1,0,0.0,0,0,561,0,1,7,0,0,0,1,1
63,12,1,1,3,0,0,0.111111111,0,161,7921,5598,1,12,0,0,2,1,0
38,21,0,1,2,0,0,0.026315789,0,0,3437,0,1,8,0,0,0,2,1
115,29,0,1,2,1,0,0.095652174,4,0,4090,0,1,16,0,0,0,2,1
43,22,0,1,2,0,0,0.0,0,200,7583,969,0,7,0,0,1,2,0
33,21,0,0,2,1,0,0.0,0,202,2232,5487783,1,8,0,0,2,2,0
61,17,0,1,3,0,0,0.06557377,0,12,-1,352415,1,12,0,1,2,2,1
21,6,0,0,1,0,0,0.142857143,0,145,2352,2353032,0,5,0,0,1,1,1
58,40,0,1,3,0,0,0.034482759,0,4,-1,0,1,10,0,0,1,1,1
29,11,0,0,3,0,0,0.034482759,0,9,755,0,1,7,0,1,3,1,1
203,18,0,1,3,0,0,0.0,0,130,-1,8902890,1,36,0,0,1,2,1
56,7,0,1,1,0,0,0.053571429,0,274,5494,2583,0,11,0,0,1,0,0
48,39,0,0,2,0,0,0.0,1,41,5230,0,1,6,0,0,0,1,1
28,21,0,1,2,0,1,0.035714286,0,14,7295,0,1,5,1,0,1,1,1
46,9,0,1,2,0,0,0.0,0,0,2304,10744976,1,9,0,0,0,2,1
47,22,0,0,2,1,0,0.0,2,0,-1,0,1,10,0,0,1,2,1
35,17,0,1,2,0,0,0.0,0,0,2948,8035356,1,6,0,0,0,2,1
22,14,0,1,2,0,0,0.0,0,40,4049,488821,0,6,0,0,0,0,0
81,20,0,1,2,1,0,0.0,3,6,7267,0,1,13,0,0,0,1,1
30,21,0,0,2,0,0,0.0,0,169,1699,3985261,0,8,0,0,0,2,0
25,16,0,0,2,0,0,0.0,0,0,-1,651173,0,6,0,0,0,0,0
103,16,0,0,2,1,0,0.048543689,2,132,1706,4830221,1,16,0,0,2,2,1
50,12,0,0,2,0,0,0.0,0,491,6066,416,0,10,0,0,0,0,0
94,29,1,1,3,0,0,0.095744681,0,8,800,7399431,1,13,0,0,0,1,1
167,12,0,1,2,0,0,0.119760479,0,6,4967,0,1,8,0,0,1,2,1
18,10,0,1,2,0,0,0.0,0,93,8067,657137,0,6,0,0,0,2,0
36,20,0,1,2,0,0,0.0,0,27,1734,0,1,7,0,0,3,2,1
51,18,0,1,2,0,0,0.0,0,77,4156,136143,0,9,0,0,1,2,0
42,34,0,1,2,0,0,0.047619048,0,103,7327,2247542,1,6,0,0,1,2,1
105,22,0,0,3,0,0,0.171428571,0,0,9956,18344,0,22,0,0,0,3,0
31,11,0,1,2,0,0,0.0,0,1,-1,0,1,7,0,0,1,1,1
253,12,1,1,3,0,0,0.241106719,2,0,3386,0,1,48,0,0,0,2,1
28,20,0,1,2,0,0,0.0,0,24,2678,1308664,0,6,0,0,1,2,0
23,15,0,1,2,0,0,0.0,0,69,2168,994840,0,6,0,0,0,2,0
42,30,0,1,2,0,0,0.023809524,0,52,-1,5471993,1,6,0,0,2,0,1
29,22,0,1,2,0,1,0.103448276,0,10,7295,0,1,5,1,1,1,1,1
119,17,0,1,3,1,0,0.0,4,6,4609,0,1,18,0,0,0,1,1
56,16,0,0,2,0,0,0.0,0,90,7133,12,0,10,1,0,0,0,0
29,12,0,1,1,0,0,0.103448276,0,23,264,0,1,6,0,0,0,2,1
36,16,0,1,2,0,0,0.0,0,4659,6072,14411,1,7,0,0,2,2,0
31,15,0,1,2,0,0,0.0,0,1,4623,0,0,7,0,1,0,0,1
42,34,0,1,3,0,1,0.0,0,0,129,0,1,9,0,1,0,2,1
82,16,0,0,2,0,0,0.06097561,1,10,8348,1,1,13,1,0,0,0,1
28,19,0,0,2,0,0,0.0,0,116,4412,771758,0,6,0,0,0,1,0
38,23,0,1,3,0,0,0.0,0,4,-1,0,1,7,0,0,1,1,1
47,19,0,1,2,0,0,0.0,0,86,3416,2457973,0,8,0,0,0,1,0
39,30,0,0,2,1,1,0.0,0,14,7295,0,1,7,1,0,0,2,1
54,16,0,1,3,0,0,0.0,0,89,5585,0,0,11,0,0,1,1,0
404,11,1,1,2,1,0,0.121287129,7,17,505,0,1,15,0,0,0,1,1
78,25,0,1,3,0,0,0.038461538,0,1,7083,17964,1,13,0,1,0,2,1
69,33,0,1,2,0,0,0.144927536,0,0,7240,0,1,9,0,0,0,2,1
31,14,0,1,2,1,0,0.0,0,129,6495,7361,0,8,0,0,3,0,0
57,23,0,1,2,1,0,0.0,0,22,1,0,1,9,0,0,0,1,1
26,19,0,1,2,0,0,0.0,0,21,5159,4880613,0,5,1,0,1,2,0
31,23,0,0,2,0,1,0.0,0,52,1540,794756,0,5,0,0,0,1,0
67,15,0,1,2,1,0,0.0,3,0,-1,0,1,10,0,0,3,2,1
94,27,0,1,3,0,0,0.0,1,5,630,0,1,12,0,1,0,1,1
77,16,0,1,1,1,0,0.0,3,278,760,0,1,13,0,0,0,1,1
16,7,0,0,1,0,0,0.0,0,76,921,0,0,5,0,0,0,2,0
68,18,1,1,3,0,0,0.176470588,1,0,5232,7552177,0,14,0,0,0,3,0
29,11,0,0,1,0,0,0.0,0,25,7489,63,0,5,1,0,0,2,0
49,26,0,1,2,0,0,0.0,0,80,2345,237648,0,8,0,0,0,0,0
50,10,0,1,3,0,0,0.08,0,0,-1,1203,0,10,0,0,1,3,0
28,13,0,0,2,0,0,0.0,0,81,6993,8740,0,8,0,0,0,1,0
18,11,0,1,2,0,0,0.0,0,58,803,2778969,0,5,0,0,1,0,1
46,12,0,1,1,0,0,0.0,0,48,7386,1213116,0,7,0,0,1,0,0
29,21,0,1,2,0,0,0.0,0,19,6673,3022834,0,6,0,0,0,2,0
23,14,0,0,2,0,0,0.0,0,154,-1,4032224,0,6,0,0,0,1,0
58,16,0,1,3,0,0,0.0,3,4,2604,0,1,10,0,1,1,1,1
27,18,0,0,2,0,1,0.0,0,110,-1,901117,0,6,0,0,0,2,0
63,21,0,1,2,0,0,0.063492063,1,21,3583,0,1,9,0,0,0,2,1
101,11,0,0,1,0,0,0.04950495,0,110,3159,257467,0,15,0,0,0,0,0
125,50,1,1,3,1,0,0.184,0,51,3992,5697976,1,19,0,1,0,2,1
42,19,0,1,2,1,0,0.0,0,7,924,0,1,8,0,0,1,0,1
19,10,0,0,2,0,0,0.0,0,307,-1,101873,0,6,0,0,0,1,0
19,12,0,1,2,0,0,0.0,0,233,3566,305533,0,5,0,0,1,2,0
32,23,0,0,2,0,0,0.0,0,26,5203,1282686,0,6,0,0,0,1,0
51,21,0,1,2,0,0,0.058823529,0,23,2316,0,1,9,0,0,0,2,1
66,16,0,0,2,0,0,0.0,0,247,7130,12,0,11,1,0,0,0,0
243,37,1,0,2,0,0,0.222222222,0,7,216,0,1,29,0,1,0,1,1
73,14,0,1,1,1,0,0.0,2,21,1582,0,1,13,0,1,1,2,1
44,18,0,1,2,0,0,0.0,0,107,5065,328378,0,8,0,0,1,0,0
70,22,0,1,2,0,0,0.0,0,0,4386,0,1,9,0,0,0,2,0
27,19,0,1,2,0,0,0.0,0,116,6591,185080,0,6,0,0,1,1,0
26,17,0,0,2,0,0,0.0,0,52,10648,428010,0,6,0,0,0,1,0
23,13,0,1,2,0,0,0.0,0,116,7263,2317654,0,6,0,0,2,0,0
27,19,0,1,2,0,1,0.0,0,14,7298,0,0,6,1,0,0,1,0
21,12,0,0,2,0,0,0.0,0,50,3582,597462,0,6,0,0,0,1,0
49,24,0,1,3,0,0,0.0,0,66,-1,608816,0,7,0,0,1,1,0
38,31,0,1,2,0,1,0.0,0,14,7295,0,1,5,1,0,1,1,1
218,13,1,1,1,1,0,0.220183486,3,22,778,0,1,26,0,0,0,2,1
29,15,0,1,3,0,0,0.0,0,1,7202,1082977,1,7,0,0,0,2,1
32,23,0,0,2,1,0,0.0,0,21,2816,0,0,7,0,0,0,1,0
34,26,0,1,3,0,0,0.058823529,0,103,6254,475107,1,8,0,0,1,2,1
93,14,1,1,2,0,0,0.258064516,0,12,2996,4189860,1,10,0,0,1,1,1
133,13,0,0,1,1,0,0.037593985,3,22,778,0,1,23,0,0,0,2,1
39,15,0,1,2,0,0,0.0,0,244,5888,184,0,8,0,0,1,0,0
128,50,1,0,3,1,0,0.140625,0,51,3993,5707171,1,19,0,1,0,2,1
48,14,0,1,3,0,0,0.083333333,0,53,11047,545,0,9,0,0,1,1,0
28,19,0,0,2,0,0,0.0,0,151,5534,0,0,6,0,0,0,1,0
37,28,0,0,2,1,0,0.0,0,142,-1,0,0,7,0,0,0,2,0
24,15,0,0,2,0,0,0.0,0,34,-1,4423479,0,6,0,0,0,0,0
27,15,0,0,2,0,0,0.0,0,392,-1,0,0,7,0,0,0,1,0
372,17,1,1,3,0,0,0.376344086,1,3,-1,9679626,1,26,0,0,0,1,1
22,13,0,0,2,0,1,0.0,0,168,7912,3532336,0,6,0,0,0,2,0
39,24,0,1,2,0,0,0.0,1,0,2926,0,1,7,0,0,0,2,1
40,13,0,1,3,0,0,0.0,0,16,5575,126204,0,8,0,0,0,2,0
35,13,0,1,3,0,0,0.0,0,158,3674,3192143,1,8,0,0,1,0,0
42,27,0,1,2,0,0,0.0,0,86,4593,3488368,1,7,0,0,1,2,0
69,15,0,0,2,1,0,0.0,3,0,-1,0,1,11,0,0,0,2,1
47,39,0,1,2,0,1,0.0,0,61,7297,0,0,6,1,0,0,2,0
50,18,0,1,1,0,0,0.0,0,12,-1,0,0,9,0,0,1,2,0
22,14,0,1,2,0,0,0.0,0,11,6536,885,0,6,0,0,1,1,0
32,19,0,0,2,0,0,0.0,0,13,5159,0,0,9,1,0,0,1,0
105,32,1,1,3,1,0,0.285714286,0,8,522,377875,1,11,0,1,0,1,1
38,31,0,1,2,0,0,0.0,1,7,-1,77586,1,6,0,0,0,1,1
319,16,1,0,3,0,0,0.354231975,0,0,7489,376,1,44,0,1,0,0,1
142,29,0,0,3,0,0,0.063380282,0,1,7087,18105,1,9,0,0,0,2,1
24,15,0,0,2,0,0,0.0,0,143,4979,0,0,6,0,0,1,2,0
91,11,1,1,2,1,0,0.296703297,1,17,495,0,1,11,0,0,0,1,1
18,9,0,0,1,0,0,0.0,0,284,2242,1584299,0,5,0,0,0,0,0
28,20,0,1,2,0,0,0.0,1,47,1950,341948,0,6,0,0,1,1,1
73,41,0,0,3,0,1,0.068493151,0,22,5616,0,1,14,0,0,0,2,1
53,16,0,0,2,0,0,0.0,0,830,7133,12,0,9,1,0,0,1,0
43,16,0,0,2,1,0,0.0,0,24,-1,248833,0,9,0,0,0,2,0
37,10,0,1,2,1,0,0.0,0,34,3251,421761,1,9,0,0,0,1,1
72,17,1,0,2,0,0,0.194444444,0,425,6697,3816,0,10,0,0,0,2,0
66,26,0,0,2,1,0,0.106060606,0,197,3468,0,0,9,0,0,0,2,0
30,23,0,1,2,0,1,0.066666667,0,14,7295,0,1,5,1,0,1,1,1
20,11,0,0,2,0,0,0.0,0,76,6772,826847,0,6,0,0,0,2,0
59,17,0,1,2,0,0,0.13559322,2,76,6074,453,0,11,0,0,1,1,0
153,15,1,1,2,1,0,0.156862745,2,20,2370,0,1,26,0,0,1,2,1
32,23,0,0,2,1,0,0.0,0,166,3026,718627,0,7,0,0,0,0,0
41,12,0,1,3,0,0,0.0,1,0,-1,0,1,8,0,0,0,2,1
50,20,0,0,3,0,0,0.0,0,71,8044,2580,0,9,0,0,0,2,0
37,11,0,1,2,0,0,0.0,0,165,9564,1937051,0,8,0,0,1,1,0
19,10,0,0,1,0,0,0.0,0,421,2219,2232292,0,5,0,0,0,0,0
92,36,0,1,2,1,0,0.086956522,0,13,3815,0,1,12,0,0,0,2,1
117,38,1,1,2,1,0,0.196581197,0,75,1279,0,1,10,0,1,1,1,1
47,32,0,1,3,0,0,0.0,0,91,6424,379,0,9,0,0,1,2,0
52,23,1,1,3,0,0,0.192307692,0,0,5984,17696,1,10,0,0,0,2,1
109,28,0,1,3,0,0,0.036697248,1,1,3018,2156460,1,17,0,0,1,1,1
33,16,0,0,2,0,0,0.03030303,0,53,8520,8,0,7,1,0,0,2,0
43,15,0,0,2,0,0,0.0,0,55,5635,2,0,7,1,0,0,1,0
85,18,1,1,3,0,0,0.388235294,0,0,-1,0,1,9,0,0,0,2,1
44,12,0,0,3,0,0,0.0,0,37,4987,0,1,9,0,0,0,2,1
75,23,0,0,3,0,0,0.0,0,1,7086,18263,1,14,0,0,0,2,1
50,16,0,0,2,0,0,0.0,0,384,7134,12,0,9,1,0,0,0,0
62,13,0,1,2,0,0,0.129032258,1,55,-1,5025731,0,12,0,0,0,1,0
30,22,0,1,2,0,0,0.0,0,573,1459,3713285,0,6,0,0,1,1,0
128,50,1,0,3,1,0,0.125,0,4,4003,5816617,1,19,0,1,1,1,1
45,14,0,1,3,1,1,0.0,0,112,5622,49888,1,10,0,0,2,0,0
29,22,0,1,2,0,1,0.068965517,0,14,7295,0,1,5,1,0,1,1,1
261,212,0,1,3,0,1,0.183908046,2,5,2660,0,1,21,0,0,0,2,1
22,9,0,1,2,0,0,0.0,0,28,4065,34916,0,6,0,0,1,0,0
24,16,0,1,2,0,0,0.0,0,141,6821,0,0,6,0,0,0,2,0
77,27,1,1,3,0,0,0.12987013,0,99,1200,0,0,9,0,0,0,1,1
188,13,1,1,3,0,0,0.478723404,2,3,-1,0,0,15,0,1,0,2,1
21,13,0,1,1,0,0,0.0,0,13,3000,1264301,0,5,0,0,0,1,1
162,15,1,1,3,0,0,0.265432099,1,12,-2,696261,1,21,0,0,0,2,1
115,22,0,1,3,0,0,0.12173913,0,0,4221,0,1,23,0,0,0,3,0
25,17,0,1,2,1,0,0.0,0,13,4231,0,0,7,0,0,0,1,0
74,20,0,1,2,1,0,0.0,0,0,1911,7911150,1,12,0,0,0,3,0
31,14,0,1,3,0,0,0.0,1,33,1566,8134006,1,7,0,0,0,1,1
52,18,0,0,2,0,0,0.0,0,210,5226,137,0,8,0,0,0,2,0
40,22,0,1,2,0,0,0.0,0,209,7585,974,0,6,0,0,1,2,0
59,29,0,1,3,0,0,0.0,0,0,4335,0,1,11,0,0,0,2,1
57,28,0,0,3,0,0,0.0,2,1,-1,0,1,11,0,0,0,1,1
37,28,0,0,2,0,0,0.0,0,111,7448,0,0,6,1,0,0,1,0
25,13,0,0,1,0,0,0.0,0,125,7302,113019,0,6,0,1,0,2,0
77,8,0,1,2,0,0,0.038961039,3,4,4726,0,1,14,0,0,1,1,1
47,11,0,1,2,0,0,0.0,0,1,1877,0,1,10,0,0,0,2,1
25,16,0,0,2,1,0,0.0,0,51,7142,368723,0,7,0,0,0,0,0
34,25,0,0,2,0,0,0.0,0,41,7296,0,0,6,0,0,0,2,0
44,27,0,1,2,0,0,0.0,0,0,82,0,1,8,0,0,0,2,1
25,10,0,0,1,0,0,0.16,0,4,2139,309382,1,5,0,0,1,1,1
127,50,1,0,3,1,0,0.188976378,0,51,3992,5707171,1,18,0,1,1,2,1
38,16,0,0,2,0,0,0.0,1,14,6472,72,1,8,1,0,1,0,0
79,51,0,1,3,0,0,0.126582278,1,19,1777,122025,1,12,0,1,3,1,1
19,10,0,0,2,0,0,0.0,0,67,5274,3139767,0,6,0,0,1,1,0
82,16,0,0,2,0,0,0.06097561,1,1,8347,1,1,12,1,0,1,1,1
40,17,0,0,1,0,1,0.0,2,47,-1,4026793,0,7,0,0,1,2,1
40,10,0,0,1,0,0,0.0,0,4,2140,308772,1,7,0,0,1,1,1
30,21,0,0,2,0,0,0.0,0,99,3314,5159982,0,6,0,0,1,2,0
25,16,0,0,2,0,0,0.0,0,25,1320,0,0,6,0,0,2,2,0
36,14,0,1,1,1,0,0.0,0,103,7023,1012136,0,7,0,0,1,2,0
26,14,0,1,1,0,0,0.038461538,0,7,-1,0,1,5,0,0,0,1,1
38,30,0,1,3,1,1,0.0,0,103,7189,481145,1,8,0,0,1,2,1
210,11,1,1,2,1,0,0.419047619,3,22,327,0,1,18,0,0,0,1,1
32,24,0,1,2,0,0,0.0,0,1,-1,20689,1,6,0,0,0,2,1
126,50,1,0,3,1,0,0.142857143,0,51,3992,5707171,1,19,0,1,0,2,1
96,14,1,1,3,0,0,0.28125,0,0,1499,0,1,14,0,0,0,1,1
30,22,0,1,2,0,1,0.0,0,21,7298,0,0,6,1,0,0,1,0
25,18,0,1,2,0,0,0.0,0,135,5232,6204131,0,5,0,0,0,1,0
27,18,0,0,2,0,0,0.0,0,539,2539,45196,0,6,0,0,0,0,0
82,12,0,1,1,0,0,0.097560976,0,85,5887,10549,0,16,0,0,1,0,0
50,19,0,0,1,0,0,0.0,0,22,3178,0,1,7,0,0,0,2,1
92,17,1,0,1,0,0,0.076086957,0,380,6057,41,0,16,1,0,0,2,0
77,23,1,1,1,0,0,0.298701299,0,30,5767,0,1,7,0,0,1,1,1
42,14,0,1,3,0,0,0.119047619,0,217,7156,2250,1,9,0,0,2,2,0
38,12,0,1,1,0,1,0.105263158,0,0,2102,0,1,8,0,0,0,2,1
26,19,0,1,2,0,1,0.0,0,14,7295,0,1,5,1,0,1,1,1
180,12,1,1,3,1,0,0.238888889,4,11,-1,0,1,24,0,0,0,1,1
97,11,1,1,1,0,0,0.298969072,0,26,1492,0,0,18,0,0,1,2,1
17,10,0,1,1,0,0,0.0,0,253,5532,0,0,4,0,0,1,0,0
35,26,0,0,2,0,0,0.0,1,32,4503,0,0,6,0,0,0,2,1
72,16,0,0,2,0,0,0.069444444,0,81,3814,236842,0,14,0,1,0,0,0
27,18,0,0,3,0,0,0.0,0,17,8505,564998,0,7,0,0,0,1,0
16,5,0,0,1,0,0,0.0625,0,0,-1,0,1,5,0,0,1,1,1
63,10,0,0,2,1,0,0.0,3,4,405,0,1,11,0,0,1,1,1
83,11,1,1,1,0,0,0.156626506,0,157,6597,0,0,16,0,0,1,1,0
41,16,0,1,1,0,0,0.097560976,0,0,-1,0,1,8,0,0,0,2,1
31,22,0,0,1,0,0,0.0,0,48,-1,32580,0,5,0,0,0,2,0
42,16,0,0,3,0,0,0.119047619,0,79,5932,326162,0,9,0,0,0,2,0
52,15,0,1,3,0,0,0.0,0,77,7371,1303460,0,9,0,0,1,2,0
52,15,0,1,3,0,0,0.019230769,0,69,8970,10654,1,9,0,1,2,0,0
76,23,0,1,3,0,0,0.065789474,0,65,11046,545,0,10,0,0,1,1,0
29,21,0,1,2,0,0,0.0,0,37,-1,5328535,0,6,0,0,1,2,0
53,40,0,1,3,0,1,0.0,1,22,5626,0,1,10,0,0,0,2,1
83,14,0,0,3,0,0,0.048192771,0,5,5159,115,1,18,1,1,0,0,0
26,17,0,0,2,0,0,0.0,0,269,6820,697320,0,6,0,0,0,1,0
208,24,1,0,3,1,0,0.408653846,0,20,4656,10531930,1,25,0,0,0,2,1
74,12,0,1,3,1,0,0.0,4,31,1120,0,1,15,0,0,0,2,1
35,13,0,1,1,0,0,0.0,0,93,5239,42667,0,6,0,0,1,1,0
54,15,0,1,2,0,0,0.0,3,26,2668,0,1,10,0,0,1,1,1
27,19,0,1,3,0,0,0.0,0,65,-1,110853,0,7,0,0,0,1,0
56,39,0,1,3,0,1,0.017857143,1,22,5614,0,1,11,0,0,0,2,1
38,18,0,0,2,1,0,0.0,1,11,895,456965,0,8,0,0,1,2,1
57,16,0,0,2,0,0,0.0,2,1,8346,1,1,8,1,0,2,0,1
50,18,0,1,2,0,0,0.02,0,8,4224,0,1,8,0,0,0,2,1
51,15,0,0,1,1,0,0.078431373,0,73,1726,167115,1,8,0,0,0,0,1
22,13,0,0,2,0,0,0.045454545,0,16,806,45133,1,6,0,0,0,1,1
45,25,0,0,2,0,1,0.0,0,339,8190,20690,0,8,0,0,0,0,0
24,16,0,1,2,0,0,0.0,0,33,5034,1372473,0,6,0,0,1,2,0
53,19,0,1,3,0,0,0.0,0,4,5152,267520,1,10,0,0,1,1,1
98,27,0,0,3,1,0,0.030612245,0,25,41,0,1,13,0,0,0,1,1
69,15,0,1,2,1,0,0.072463768,0,172,9345,2487,0,14,0,0,1,2,0
629,20,0,1,2,0,0,0.171701113,0,0,2018,0,1,23,0,0,2,2,1
87,16,0,1,2,0,0,0.0,0,199,7840,3993,0,14,0,0,1,0,0
41,15,0,0,2,0,0,0.0,0,55,5636,2,0,7,1,0,0,1,0
104,17,0,1,3,1,0,0.0,4,6,4609,0,1,18,0,0,0,1,1
23,14,0,0,2,0,0,0.0,0,49,-1,3694130,0,6,0,0,0,0,0
25,6,0,0,1,0,0,0.0,0,52,-1,0,1,6,0,0,3,2,1
127,50,1,0,3,1,0,0.133858268,0,51,3992,5697976,1,18,0,1,1,2,1
128,50,1,0,3,1,0,0.140625,0,51,3993,5707171,1,19,0,1,0,2,1
54,19,0,1,3,0,0,0.0,0,162,4284,1720677,0,10,0,0,0,2,0
35,28,0,1,2,0,0,0.0,0,255,7153,3574955,0,5,0,0,0,1,0
72,14,0,1,3,1,0,0.0,0,0,8658,3292354,0,12,0,1,1,3,0
24,16,0,1,1,0,0,0.0,0,21,-1,0,0,5,0,0,1,2,1
21,13,0,1,1,0,0,0.0,1,143,1899,507771,0,5,0,0,0,2,1
43,14,0,1,3,0,0,0.139534884,0,69,7156,2250,0,9,0,0,2,2,0
53,25,0,1,3,0,0,0.0,0,259,5444,0,1,9,1,0,1,2,0
27,19,0,1,2,1,0,0.0,0,130,-1,445572,0,7,0,0,0,2,0
61,18,0,0,2,0,1,0.0,0,55,8203,153673,1,11,0,0,1,1,0
59,16,0,0,2,0,0,0.0,0,996,7130,12,1,10,1,0,0,0,0
113,15,1,0,2,0,0,0.088495575,1,25,8348,1,1,14,1,0,1,2,1
29,21,0,1,2,0,0,0.0,0,14,-1,0,1,6,0,0,2,2,1
69,17,0,1,1,0,0,0.0,0,12,-2,0,1,9,0,0,2,2,1
15,6,0,0,1,0,0,0.0,0,53,3110,2208902,0,5,0,0,0,1,0
20,12,0,1,2,0,0,0.0,0,477,9754,57776,0,6,0,0,3,1,0
31,22,0,0,3,0,0,0.0,0,67,-1,2687983,0,7,0,0,0,2,0
58,14,0,1,3,0,0,0.0862068969999999,0,137,10173,1265063,0,10,0,0,1,2,0
69,21,0,1,3,0,0,0.0,0,249,7354,22857,0,11,0,0,1,1,0
28,19,0,0,3,0,0,0.0,0,73,7568,51162,0,7,0,0,0,2,0
43,15,0,0,2,0,0,0.0,0,52,5638,2,0,8,1,0,0,1,0
24,17,0,1,2,0,1,0.0,0,137,2918,2905816,0,6,0,0,0,2,0
89,17,0,1,3,0,0,0.011235955,0,0,9039,100011,1,12,0,0,1,3,0
32,17,0,1,2,0,1,0.0,0,32,9113,29935,0,7,0,0,1,0,0
152,28,1,0,3,0,1,0.131578947,0,22,5627,0,1,20,0,1,0,2,1
27,18,0,0,2,0,1,0.0,0,33,2977,157916,0,6,0,0,0,0,0
28,21,0,1,2,0,1,0.1785714289999999,0,36,7621,56198,1,5,0,1,0,1,1
76,50,1,1,3,1,0,0.131578947,0,4,4003,5816617,1,10,0,1,1,1,1
89,15,0,1,2,0,1,0.112359551,0,15,5019,2166138,0,17,0,0,0,1,0
18,11,0,1,1,0,0,0.0,0,14,-1,0,0,5,0,0,0,0,0
56,20,0,1,3,0,0,0.0,0,4,4358,222053,0,12,0,0,0,2,0
25,11,0,0,1,0,0,0.04,0,25,7490,63,0,5,1,0,0,2,0
38,17,0,1,2,0,0,0.0,0,398,9184,316,0,7,0,0,1,0,0
34,18,0,1,2,0,0,0.029411765,0,56,-1,0,1,8,0,0,0,1,1
30,23,0,1,2,0,1,0.033333333,0,14,7295,0,1,5,1,0,1,1,1
21,13,0,1,2,0,0,0.142857143,0,404,1331,0,0,6,0,0,0,2,0
43,14,0,1,3,0,0,0.139534884,0,75,7158,2320,1,9,0,0,2,1,0
76,14,1,1,2,0,0,0.1710526319999999,0,0,4376,0,1,9,0,0,0,2,1
118,42,1,0,3,0,0,0.169491525,0,51,3993,5707171,1,18,0,1,0,2,1
32,20,0,1,2,0,0,0.0,0,0,4932,0,1,7,0,0,0,2,1
60,26,0,0,3,0,0,0.0,0,57,3403,189734,1,9,0,0,2,1,0
27,19,0,1,2,0,0,0.0,0,17,7391,8675232,0,6,0,0,0,1,0
94,20,0,0,3,0,0,0.074468085,0,42,134,0,1,12,0,0,0,1,1
30,19,1,1,1,0,0,0.333333333,0,11,13,0,1,6,0,0,0,1,1
73,13,0,0,1,0,0,0.0,0,55,2183,4676,0,16,0,0,0,2,0
59,18,0,1,2,1,1,0.0,0,6,8087,2807568,0,10,0,0,0,2,0
52,24,0,1,3,1,0,0.115384615,0,171,4530,198488,0,10,0,0,1,0,0
40,12,0,1,1,0,0,0.025,0,40,-1,32167,1,8,0,0,1,2,0
18,11,0,1,1,0,0,0.0,0,63,-1,0,0,4,0,0,1,0,0
34,12,0,1,3,0,0,0.029411765,1,15,1959,0,1,9,0,0,1,2,1
47,39,0,1,3,0,1,0.127659574,0,0,5612,0,1,10,0,0,0,2,1
50,28,0,1,2,0,0,0.0,0,201,5086,53314,0,7,0,0,1,2,0
52,17,0,0,3,0,0,0.019230769,0,360,7428,193,0,10,0,0,0,1,0
57,22,0,1,3,1,0,0.0,3,0,733,0,1,10,0,0,0,2,1
52,27,0,1,3,1,0,0.0,1,0,7,0,1,12,0,0,1,2,1
41,17,0,0,2,0,1,0.12195122,0,74,9557,4204,0,7,0,0,0,2,0
90,17,0,1,2,0,0,0.133333333,0,151,7754,2263,1,16,0,0,4,1,0
41,34,0,1,2,0,1,0.024390244,0,14,7295,0,1,5,1,0,1,1,1
219,12,1,0,3,1,0,0.406392694,4,6,-1,0,1,20,0,0,0,1,1
66,25,1,1,1,0,0,0.166666667,1,0,1632,8240141,1,8,0,1,1,2,1
33,11,0,0,2,0,0,0.0,2,0,86,0,1,7,0,0,0,2,1
60,19,0,1,3,0,0,0.0,0,0,5465,616449,1,11,0,0,0,2,0
26,18,0,1,2,0,0,0.0,0,38,2294,99193,0,6,0,0,1,1,0
43,15,0,0,2,0,0,0.046511628,0,52,5636,2,0,9,1,0,0,1,0
25,16,0,0,2,0,0,0.0,0,83,-1,0,0,6,0,0,0,0,0
46,15,0,0,2,0,0,0.0,0,55,5635,2,0,7,1,0,0,1,0
23,16,0,1,2,0,0,0.0,0,118,-1,420116,0,5,0,0,1,1,0
46,27,0,1,3,0,0,0.0,0,160,3923,0,1,7,0,0,2,0,0
56,25,0,1,3,0,0,0.0,0,21,-1,0,0,9,0,0,1,1,0
43,12,0,0,2,0,0,0.0,0,413,6014,116,0,8,0,0,0,1,0
67,23,0,1,3,1,0,0.0,2,1,5123,0,1,11,0,0,0,2,1
31,22,0,0,2,0,0,0.0,0,146,2427,497097,0,6,0,0,0,2,0
66,20,0,1,3,0,0,0.0,0,106,7672,299,0,13,0,0,1,1,0
61,17,0,1,1,0,0,0.0,0,63,7795,337165,0,9,0,0,1,2,0
83,21,0,1,3,0,0,0.144578313,1,0,12426,1823,0,18,0,0,0,3,0
39,23,0,1,1,1,0,0.0,0,0,3934,0,1,8,0,0,1,1,1
42,17,0,0,3,0,0,0.071428571,0,94,8371,460491,0,8,0,0,0,0,0
29,20,0,0,2,0,0,0.0,0,18,3722,5817997,0,6,0,0,0,2,0
113,15,0,0,2,0,0,0.079646018,1,27,8346,1,1,13,1,0,0,2,1
61,18,0,1,3,0,0,0.049180328,0,808,7410,9624,0,11,0,0,1,0,0
78,50,1,0,3,1,0,0.115384615,0,51,3993,5707171,1,11,0,1,0,2,1
28,19,0,0,2,1,0,0.0,0,0,560,0,1,7,0,0,0,1,1
43,34,0,0,2,0,0,0.046511628,0,115,7448,0,0,6,1,0,0,1,0
26,17,0,0,2,0,0,0.0,0,75,1778,0,0,6,0,0,0,1,0
53,18,0,1,2,0,0,0.075471698,0,94,4486,2873,0,10,0,0,1,1,0
55,30,0,0,2,1,0,0.0,3,85,-1,641733,1,9,0,1,0,1,1
69,13,1,1,3,0,0,0.333333333,0,4,-1,0,1,10,0,1,0,1,1
113,22,1,0,2,0,0,0.115044248,0,163,6760,3677,1,14,0,1,0,2,0
32,24,0,1,2,0,1,0.0,0,22,7297,5358359,0,6,1,0,0,1,0
72,12,0,1,2,0,0,0.111111111,0,18,8474,1433876,0,15,0,0,1,1,0
77,17,1,0,2,0,0,0.1558441559999999,0,40,9309,6098,0,10,0,0,0,1,0
37,22,0,1,3,0,0,0.0,0,0,4129,0,1,7,0,0,0,2,1
99,23,0,0,3,0,1,0.0808080809999999,0,33,229,4236883,0,11,0,0,0,2,1
46,14,0,1,1,0,0,0.0,0,55,3442,366193,0,7,0,0,0,1,0
31,23,0,1,2,1,0,0.0,1,47,-1,77586,1,7,0,0,1,1,1
27,19,0,1,2,0,0,0.0,0,53,863,0,0,6,0,0,1,0,0
101,17,0,0,3,0,0,0.059405941,0,50,255,0,1,13,0,0,0,2,1
100,18,1,1,3,1,0,0.22,3,124,254,0,1,13,0,0,0,2,1
76,23,0,0,2,1,0,0.0,0,169,7597,177763,1,12,0,0,1,2,0
196,13,1,1,3,0,0,0.397959184,2,3,-1,0,0,17,0,1,0,2,1
20,11,0,0,2,1,0,0.05,0,6,-1,0,0,7,0,0,0,2,0
26,19,0,1,1,0,0,0.0,0,0,295,0,1,4,0,0,0,2,1
34,27,0,1,2,0,1,0.0,0,37,7621,56198,1,5,0,0,0,1,1
42,33,0,0,2,0,1,0.0,0,9,7296,0,1,6,1,0,0,2,1
74,28,0,0,3,0,0,0.121621622,0,0,7446,383,0,13,1,0,0,3,0
43,15,0,0,2,0,0,0.046511628,0,52,5638,2,0,8,1,0,0,1,0
68,42,1,1,3,0,0,0.191176471,0,51,3992,5697976,1,9,0,1,1,2,1
45,37,1,1,3,0,0,0.244444444,0,1,2201,533532,1,9,0,0,0,1,1
50,15,0,1,2,0,0,0.0,0,164,5887,184,0,12,0,0,2,1,0
28,10,1,1,3,0,0,0.25,1,113,-1,0,1,8,0,1,0,2,1
50,16,0,0,2,0,0,0.0,0,1903,7134,12,0,9,1,0,0,1,0
126,50,1,1,3,1,0,0.174603175,0,51,3992,5697976,1,18,0,1,1,2,1
59,27,0,0,3,1,0,0.0,2,34,1355,686549,1,10,0,0,0,2,1
34,26,0,0,2,0,0,0.029411765,0,10,-1,63164,1,6,0,0,0,2,1
41,17,0,0,2,0,0,0.0,0,230,6431,623,0,7,0,0,0,1,0
118,42,1,1,3,0,0,0.220338983,0,51,3993,5707171,1,17,0,1,1,2,1
32,11,0,1,1,0,0,0.0,0,0,5868,0,1,7,0,0,0,2,1
26,17,0,0,3,0,0,0.0,0,91,5322,189061,0,7,0,0,0,0,0
25,18,0,1,2,0,0,0.0,0,0,4665,0,0,7,0,0,0,2,0
76,22,0,1,2,0,0,0.039473684,0,56,2887,485854,0,14,0,0,1,1,0
103,6,1,1,3,0,0,0.145631068,0,1,-1,24,0,23,0,1,2,2,1
24,17,0,1,2,0,1,0.0,0,64,-1,525334,0,5,0,0,0,2,0
26,17,0,0,2,0,0,0.0,0,60,-2,207273,0,6,0,0,0,0,0
93,13,0,1,3,0,0,0.010752688,0,81,1301,0,1,13,0,1,0,2,1
86,17,0,0,3,1,0,0.0,2,0,7857,46701,1,19,0,0,0,2,1
97,17,0,1,2,1,0,0.0,4,6,4609,0,1,15,0,0,0,1,1
57,22,0,1,3,0,0,0.0,0,84,5839,3090165,0,9,0,0,0,2,0
45,9,0,0,2,0,0,0.0,0,28,-1,0,1,8,0,0,1,1,1
45,24,0,1,2,0,0,0.0,0,164,5669,0,1,7,0,0,2,2,1
24,16,0,1,2,0,0,0.0,0,36,4678,0,0,6,0,0,0,1,0
34,18,0,0,2,0,0,0.0,0,125,12430,1858,1,8,0,0,2,1,0
53,20,0,1,3,0,0,0.0,0,33,2687,186822,0,8,0,0,1,1,0
34,26,0,1,2,0,0,0.0,0,88,5644,0,0,6,0,0,1,2,0
75,20,0,0,2,0,0,0.0,0,24,3312,228043,0,13,0,0,0,1,0
50,12,0,1,2,0,0,0.0,0,43,9283,154918,0,12,0,0,1,0,0
42,25,0,0,2,0,0,0.19047619,0,8,1338,22211,1,6,0,1,0,0,1
56,9,0,1,3,0,0,0.0,5,1,7528,0,1,10,0,1,0,2,1
70,14,0,1,3,0,0,0.071428571,0,50,11046,545,0,12,0,0,1,1,0
64,16,1,0,2,0,0,0.140625,0,39,12209,50,1,12,1,0,1,0,0
84,17,0,0,2,0,0,0.071428571,0,56,5067,595,0,16,0,0,0,2,0
33,24,0,0,2,1,0,0.0,0,140,3382,4463841,0,7,0,0,1,2,0
547,25,1,0,3,0,1,0.3601462520000001,1,12,6590,30,1,68,1,1,0,2,0
54,46,0,1,3,0,1,0.203703704,0,22,5627,0,1,8,0,0,0,2,1
74,19,0,1,2,0,0,0.067567568,0,24,2617,5219,1,14,0,0,1,2,0
28,20,0,1,2,1,0,0.0,0,254,-1,0,0,7,0,0,1,1,0
59,27,0,0,3,1,0,0.0,0,11,1134,3201555,0,9,0,0,0,2,1
40,21,0,1,3,0,0,0.0,0,20,1849,348199,0,7,0,0,1,1,0
31,22,0,0,3,0,0,0.0,0,143,8317,644,1,7,1,0,4,0,0
250,47,1,1,3,0,0,0.044,1,43,834,2151511,1,15,1,0,0,2,1
158,15,1,0,3,0,0,0.379746835,1,31,-1,1768405,1,18,0,0,0,2,1
42,17,0,1,2,1,0,0.023809524,1,4,-1,0,1,9,0,0,1,1,1
126,50,1,1,3,1,0,0.119047619,0,51,3992,5697976,1,18,0,1,1,2,1
56,18,0,1,2,0,0,0.0,0,267,12471,5469,0,8,0,0,1,2,0
70,16,0,0,2,0,0,0.071428571,1,10,8348,1,1,9,1,0,0,0,1
43,16,0,0,2,0,0,0.0,0,473,7129,12,0,8,1,0,0,0,0
39,21,0,1,2,0,0,0.076923077,0,6,3050,2259972,0,7,0,0,1,1,0
30,21,0,0,2,1,1,0.0,0,14,7296,0,1,7,1,0,0,1,1
61,16,0,0,2,0,0,0.0,0,112,-1,8607,0,10,0,0,0,0,0
58,16,0,1,3,0,0,0.0,0,83,6137,28049,0,12,0,1,1,1,0
131,54,1,1,3,1,0,0.160305344,0,51,3992,5697976,1,20,0,1,0,2,1
53,20,0,0,3,0,0,0.0,1,31,140,0,1,8,0,0,0,2,1
102,13,1,0,3,0,0,0.235294118,0,22,7681,166058,1,15,0,0,0,2,1
101,18,1,0,2,1,0,0.257425743,2,0,2460,0,0,14,0,0,0,2,1
132,17,1,0,2,0,0,0.212121212,0,0,9338,21,0,20,0,0,0,1,1
52,22,0,1,2,0,0,0.0,1,69,8569,22658,1,8,0,0,1,2,0
121,30,1,0,3,0,0,0.272727273,0,5,63,0,1,20,1,0,0,1,1
45,25,0,1,3,0,0,0.0,0,12,-1,0,1,9,0,0,0,0,1
31,24,0,1,2,0,1,0.0,0,14,7295,0,1,5,1,0,1,1,1
52,14,0,0,2,0,0,0.076923077,0,8,1953,4365,1,8,0,0,0,1,1
16,8,0,0,1,0,0,0.0,0,1,427,0,0,4,0,0,1,1,1
25,16,0,0,2,0,0,0.0,0,37,8184,5235015,0,6,0,0,0,1,0
115,42,1,1,3,0,0,0.139130435,0,51,3993,5707171,1,16,0,1,1,2,1
35,23,0,0,2,1,0,0.0,0,241,-1,582076,0,8,0,0,0,1,0
111,17,0,1,3,1,1,0.0,5,6,4609,0,1,17,0,0,0,1,1
33,14,0,0,1,0,0,0.0,0,13,4698,0,1,7,0,0,0,1,1
105,21,1,1,3,0,0,0.2,0,4,-1,0,1,13,0,0,1,1,1
26,18,0,1,2,0,0,0.0,0,99,3393,0,0,6,0,0,2,2,0
51,42,0,0,3,0,0,0.0,0,47,-1,66005,0,10,0,0,0,1,1
62,34,0,1,3,0,0,0.0,0,10,4851,0,0,8,0,0,1,1,0
54,19,0,1,3,0,0,0.0,0,99,7188,22333,0,7,0,0,1,1,0
55,16,0,1,3,0,0,0.0,0,78,7199,2243,0,9,0,0,1,0,0
53,15,0,1,3,0,0,0.0,0,0,287,0,1,11,0,0,1,2,0
79,14,1,1,1,0,0,0.088607595,0,158,5797,1518,1,16,0,0,2,1,0
23,14,0,0,3,0,1,0.0,0,13,-1,3865872,0,7,0,0,0,0,0
118,42,1,1,3,0,0,0.152542373,0,51,3992,5697976,1,17,0,1,1,2,1
46,16,0,0,2,0,0,0.0,0,1477,7133,12,0,9,1,0,0,1,0
64,18,0,1,2,0,0,0.0,0,136,4456,0,1,12,0,0,3,0,1
32,24,0,1,2,0,0,0.0,0,135,5976,0,0,6,0,0,0,1,0
40,11,0,1,1,0,0,0.0,1,19,6381,0,1,8,0,0,1,1,1
22,15,0,1,2,0,0,0.045454545,0,0,158,0,1,5,0,0,0,2,1
82,12,0,0,1,1,0,0.0,0,1,98,0,1,15,0,0,0,2,1
36,27,0,0,2,0,0,0.0,0,196,5968,88539,0,6,0,0,0,2,0
47,39,0,1,3,0,1,0.0,1,13,5615,0,0,10,0,0,0,2,1
26,17,0,0,2,0,0,0.0,0,149,5064,53952,0,6,0,0,0,0,0
66,35,0,0,3,1,1,0.03030303,2,21,5616,0,1,11,0,0,0,2,1
107,17,0,0,3,0,0,0.074766355,1,53,134,0,1,13,0,0,0,2,1
64,10,0,1,1,1,0,0.03125,3,0,3610,0,1,12,0,0,1,2,1
80,18,0,1,3,1,0,0.0,4,31,155,0,1,14,0,0,0,2,1
38,15,0,0,3,0,0,0.0,0,22,-1,882317,1,8,0,0,0,1,1
22,15,0,1,1,0,0,0.0,0,18,1604,1823977,0,4,0,0,1,2,0
60,20,0,1,3,1,0,0.133333333,1,0,-1,0,1,12,0,0,1,2,1
34,25,0,0,2,0,0,0.0,0,138,7447,0,0,6,1,0,0,2,0
33,19,0,1,2,0,0,0.0,0,141,7986,7423,0,7,0,0,0,1,0
35,27,0,1,2,0,0,0.057142857,0,103,6844,1863827,1,6,0,0,1,2,1
69,14,0,1,2,0,0,0.0,0,86,1976,3699651,0,14,0,0,0,0,0
29,21,0,1,2,0,0,0.0,1,119,5634,101301,0,6,0,0,0,0,0
126,50,1,1,3,1,0,0.119047619,0,51,3993,5707171,1,18,0,1,1,2,1
26,18,0,1,3,0,0,0.0,0,221,1526,2521041,0,7,0,0,0,1,0
114,29,0,1,2,1,0,0.096491228,4,0,4089,0,1,15,0,0,0,2,1
40,16,0,0,2,0,0,0.1,0,182,7131,12,0,8,1,0,0,2,0
45,9,0,0,2,0,0,0.022222222,0,28,-1,0,1,8,0,0,2,1,1
100,28,0,1,2,0,1,0.0,0,95,7618,2192,1,15,0,1,2,1,0
141,29,0,0,2,1,1,0.028368794,0,7,8019,0,1,18,0,1,1,1,1
73,14,1,1,1,0,0,0.315068493,0,0,5233,10313348,1,10,0,0,0,2,1
121,57,1,0,2,0,0,0.132231405,2,45,101,0,1,16,0,0,0,1,1
28,19,0,0,2,0,0,0.0,0,20,-1,4055114,0,6,0,0,0,2,0
62,14,0,1,3,0,0,0.0806451609999999,0,65,11049,546,0,10,0,0,1,1,0
59,20,0,1,3,1,0,0.0,0,301,5595,61492,0,12,0,0,1,2,0
48,17,0,1,3,0,0,0.0,0,50,7521,306900,0,9,0,0,1,0,0
58,25,0,0,2,1,0,0.0,0,17,6581,16774,0,10,0,0,0,1,0
22,13,0,0,2,0,0,0.045454545,0,16,806,45133,1,6,0,0,0,1,1
54,16,0,0,3,0,0,0.0,0,10,-1,0,1,9,0,0,0,2,1
40,12,0,1,1,0,0,0.0,0,72,2874,8543,0,8,0,0,1,0,0
54,12,0,0,2,0,0,0.0,0,361,6070,413,0,11,0,0,0,0,0
126,50,1,1,3,1,0,0.150793651,0,51,3993,5707171,1,18,0,1,1,2,1
130,54,1,1,3,1,0,0.138461538,0,51,3993,5707171,1,19,0,1,1,2,1
30,21,0,0,2,0,0,0.0,0,48,933,249971,0,6,0,0,0,2,1
53,15,0,1,2,1,0,0.0,2,28,3716,0,1,12,0,0,0,2,1
56,21,0,1,2,0,0,0.0,0,0,2703,0,1,7,0,0,0,2,1
61,21,0,1,3,0,0,0.098360656,0,30,6923,466083,0,11,0,0,1,2,0
126,61,1,1,3,0,0,0.373015873,0,40,1658,2580873,1,15,0,0,0,2,1
69,21,0,1,1,1,0,0.057971014,3,0,304,0,1,11,0,0,1,2,1
50,13,0,1,3,0,0,0.0,0,78,12031,101986,0,9,0,0,0,1,0
45,24,0,1,3,0,0,0.0,1,22,-1,0,1,9,0,0,2,2,1
289,33,1,0,3,1,1,0.23183391,0,19,8018,0,1,35,0,1,1,1,1
45,16,0,1,2,1,0,0.0,0,3,2110,0,1,10,0,0,0,2,1
23,15,0,1,2,0,0,0.043478261,0,8,1016,0,0,6,0,0,0,1,0
50,42,1,1,3,0,0,0.2,0,5,467,0,0,9,0,1,0,2,1
464,14,1,1,3,0,0,0.308189655,1,17,-1,0,1,39,0,1,0,2,1
31,22,0,0,2,0,0,0.0,0,40,6124,23415,1,6,0,0,1,2,0
106,29,1,0,2,0,0,0.41509434,0,7,84,0,1,17,0,0,0,1,1
84,11,0,0,1,0,1,0.25,0,0,6752,2307,1,6,0,0,1,3,1
68,42,1,1,3,0,0,0.147058824,0,51,3993,5707171,1,9,0,1,1,2,1
33,24,0,0,2,0,0,0.0,0,22,2840,0,1,6,0,0,0,1,1
39,19,0,1,2,1,0,0.0,0,139,5648,83810,0,8,0,0,0,2,0
19,12,0,1,1,0,0,0.0,0,1637,584,0,0,4,0,0,1,2,0
54,18,0,1,3,0,0,0.0,0,4,-1,0,1,11,0,0,1,1,1
35,20,0,1,2,0,1,0.0,0,33,4821,209223,1,6,0,0,1,1,0
46,21,0,1,2,0,1,0.0,0,77,7616,2190,0,8,0,0,1,1,0
67,18,0,1,2,0,0,0.23880597,0,71,5720,3196,1,12,0,0,2,2,0
57,28,0,1,2,0,0,0.0,0,24,3562,0,1,8,0,0,1,0,1
45,23,0,1,2,0,0,0.0,0,469,6073,14284,0,9,0,0,1,2,0
29,19,1,1,1,0,0,0.344827586,0,11,13,0,1,5,0,0,1,1,1
29,20,0,0,3,0,0,0.0,0,155,-1,256371,0,7,0,0,0,1,0
59,21,0,1,3,0,1,0.0,0,14,4478,625153,0,12,0,0,0,1,0
30,22,0,0,2,0,1,0.066666667,0,13,5208,24006,1,5,0,0,3,0,1
21,14,0,1,2,0,0,0.0,0,0,4732,175291,0,6,0,0,0,2,0
40,32,0,1,2,0,0,0.0,0,1,7083,17964,1,6,0,0,0,2,1
41,20,0,1,1,0,0,0.0,0,0,4270,0,1,7,0,0,0,2,1
107,21,0,1,3,1,0,0.0,4,6,4609,0,1,18,0,0,0,1,1
62,44,0,0,3,0,0,0.0,1,15,5801,0,1,11,1,1,0,1,1
34,16,0,0,2,0,0,0.0,0,155,7133,12,0,7,1,0,0,0,0
28,19,0,0,2,0,0,0.0,0,14,1392,381995,0,6,0,0,0,1,0
32,23,0,0,2,0,0,0.0,0,243,-1,0,0,6,0,0,0,1,0
27,18,0,0,3,0,0,0.0,0,358,8205,441148,0,7,0,0,0,1,0
41,24,0,1,3,0,1,0.048780488,0,21,5616,0,1,8,0,0,0,2,1
40,17,0,1,2,1,0,0.0,0,94,7534,757720,0,8,0,0,0,2,0
55,36,0,1,3,0,0,0.0,1,0,-1,0,1,9,0,0,1,2,1
35,22,0,1,2,1,0,0.028571429,0,0,3608,0,1,7,0,0,0,2,1
28,20,0,1,2,0,0,0.0,0,24,8161,0,0,6,0,0,0,1,0
79,29,1,1,3,0,0,0.088607595,0,0,7296,8596669,1,11,0,0,1,3,0
58,22,0,1,3,0,1,0.0,0,119,5047,379,0,9,0,0,0,1,0
152,18,1,1,3,0,0,0.256578947,0,3,4091,7776219,1,10,0,0,0,1,1
26,17,0,0,2,0,0,0.0,0,32,2297,0,0,6,0,0,1,2,0
57,20,0,0,3,0,0,0.01754386,1,64,3256,4591292,1,10,0,0,1,1,1
45,28,0,1,3,0,0,0.0,1,19,-1,0,1,8,0,0,0,1,1
63,12,0,1,2,0,0,0.0,0,362,5594,7023,0,9,0,0,1,1,0
65,31,0,1,3,1,0,0.046153846,0,0,1546,4669,1,11,0,0,0,2,1
30,21,0,0,3,0,0,0.0,0,66,1845,10607254,0,7,0,0,0,2,1
33,22,0,1,2,0,0,0.0,0,221,7585,982,0,6,0,0,1,2,0
35,11,0,0,1,0,0,0.0,0,25,7491,63,0,5,1,0,0,2,0
32,23,0,0,2,0,1,0.0,0,82,-1,624111,0,6,0,0,0,2,0
79,13,0,1,2,1,0,0.0,0,36,6301,0,1,13,0,1,0,2,1
46,17,0,1,3,0,0,0.0,0,443,8488,3147,0,9,0,0,1,0,0
34,17,0,1,2,0,1,0.205882353,0,4,1375,0,1,9,0,0,1,1,1
55,17,0,1,2,1,0,0.0,0,99,8614,98840,0,11,0,0,1,2,0
35,28,0,1,2,0,1,0.0,0,16,7295,0,1,5,1,0,1,1,1
35,27,0,1,3,0,0,0.0,0,244,-1,0,0,7,0,0,2,1,0
70,35,0,1,2,1,0,0.085714286,0,3,11,0,1,10,0,0,1,1,1
67,40,1,1,3,0,0,0.28358209,0,0,2561,0,1,10,0,0,0,2,1
84,24,0,1,2,0,0,0.142857143,2,6,977,0,1,17,0,0,0,0,1
91,19,0,1,2,0,0,0.0,0,65,10572,2097,0,14,0,0,1,2,0
52,29,0,1,2,0,0,0.0,1,3,7553,0,1,7,0,0,0,1,1
85,18,1,1,3,0,0,0.364705882,0,0,-1,0,1,9,0,0,0,2,1
59,21,0,0,2,0,0,0.06779661,1,129,3952,3862928,0,9,0,0,0,2,0
57,7,0,0,1,0,0,0.070175439,0,0,2521,632001,1,9,0,0,1,1,1
128,54,1,1,3,1,0,0.1953125,0,51,3993,5707171,1,19,0,1,1,2,1
43,7,0,1,1,0,0,0.0,0,1,4278,0,1,7,0,0,0,1,1
29,20,0,0,2,0,0,0.0,0,203,-1,0,0,6,0,0,1,2,0
156,15,1,1,3,0,0,0.1474358969999999,1,1,5963,0,1,19,0,0,0,2,1
61,16,0,1,3,0,0,0.081967213,0,0,-1,1021,1,11,0,0,1,3,0
36,29,0,1,2,0,1,0.027777778,0,14,7295,0,1,5,1,0,1,1,1
128,50,1,0,3,1,0,0.15625,0,51,3992,5697976,1,19,0,1,0,2,1
64,19,0,1,3,1,0,0.0,0,0,8485,38086,1,13,0,0,0,3,0
38,19,0,0,1,1,0,0.0,0,328,-1,53863,0,7,0,0,0,2,0
61,12,1,1,1,0,0,0.393442623,0,122,1710,0,1,8,0,0,2,2,1
49,20,0,1,2,1,0,0.0,0,520,7777,13509,0,10,0,0,1,2,0
67,18,0,1,1,0,0,0.104477612,0,82,5813,0,1,12,0,0,1,2,1
40,31,0,0,2,0,0,0.0,0,26,1458,3012268,0,6,0,0,1,2,0
125,50,1,0,3,1,0,0.136,0,51,3993,5707171,1,18,0,1,1,2,1
22,13,0,0,2,0,0,0.0,0,557,1825,2867682,0,6,0,0,0,1,0
117,19,0,0,3,0,0,0.051282051,0,640,7791,560,0,20,1,0,0,0,0
133,23,0,1,2,1,0,0.037593985,4,46,4325,10052070,1,18,0,0,0,2,1
133,27,0,1,2,1,0,0.0,4,0,3674,9555991,0,17,0,0,1,0,1
39,14,1,1,3,0,0,0.282051282,0,26,-1,0,1,8,0,1,0,2,1
50,15,0,1,2,1,0,0.0,0,80,-1,891330,1,10,0,0,1,1,0
114,37,0,0,3,0,1,0.00877193,1,12,837,0,1,17,0,1,0,2,1
29,22,0,1,2,0,1,0.068965517,0,14,7295,0,1,5,1,0,1,1,1
63,19,0,1,3,0,0,0.063492063,1,0,-1,0,0,12,0,0,1,3,0
76,14,0,1,2,0,0,0.026315789,0,0,-1,0,1,14,0,0,0,2,1
31,22,0,0,2,0,0,0.032258065,0,215,1813,5357492,0,6,0,0,0,2,0
30,22,0,0,2,0,1,0.0,0,14,7295,0,1,5,1,0,0,2,1
36,13,0,0,1,0,0,0.0,0,65,7185,20599,0,6,0,0,0,2,0
91,21,0,0,3,0,0,0.0,0,58,-1,2656129,1,15,0,0,2,2,1
67,18,0,1,3,0,0,0.059701493,2,30,484,0,1,14,0,0,0,2,1
40,32,0,1,2,0,1,0.0,0,109,7296,0,0,6,1,0,0,2,0
43,18,0,1,2,1,0,0.0,0,6,3800,0,0,9,0,0,0,2,0
81,19,1,1,2,0,0,0.209876543,0,0,535,7375648,1,10,0,0,0,2,1
121,24,1,1,2,0,0,0.231404959,0,22,5058,77435,0,14,0,0,0,2,1
17,9,0,1,1,0,0,0.058823529,0,46,6435,59635,0,5,0,0,2,2,0
22,14,0,1,1,0,0,0.0,0,26,-1,0,0,5,0,0,0,2,1
66,12,0,1,3,1,0,0.0,4,16,2507,0,1,13,1,0,0,1,1
39,15,0,0,3,0,0,0.0,1,12,7986,109426,1,8,0,0,2,2,1
24,15,0,0,2,0,0,0.0,0,23,8153,0,0,6,0,0,0,2,0
56,15,0,1,3,0,0,0.0,3,110,-1,0,1,9,0,0,4,0,1
35,14,0,1,1,0,0,0.0,0,0,5460,0,1,7,0,0,0,2,1
86,37,0,1,2,0,1,0.0,0,89,7617,2187,1,10,0,1,1,1,0
26,11,0,1,1,0,0,0.0,0,11,1015,0,1,5,0,0,2,1,1
57,21,0,1,3,0,0,0.0,1,164,2676,0,1,10,0,0,0,2,1
25,13,0,0,2,0,0,0.0,0,148,7827,403914,0,7,0,0,0,0,0
21,14,0,1,2,0,0,0.0,0,19,-1,0,0,5,0,0,1,0,0
34,25,0,0,2,1,0,0.0,0,55,-1,956271,0,7,0,0,0,1,0
155,14,1,1,3,0,0,0.4,1,31,-1,0,1,20,0,1,0,2,1
46,18,0,1,1,1,0,0.0,0,79,8130,1229068,0,7,0,0,1,2,0
23,15,0,1,2,1,0,0.0,0,37,-1,0,0,7,0,0,0,0,0
52,17,0,1,2,0,0,0.0,0,84,8756,19882,0,9,0,0,3,0,0
76,16,0,1,2,1,0,0.0,5,84,-1,0,1,13,0,0,2,2,1
79,60,1,0,3,0,1,0.291139241,0,0,5613,0,1,14,0,0,0,2,1
49,14,0,0,3,0,0,0.0,0,161,7311,17148,1,10,0,1,2,1,0
58,10,0,0,2,0,0,0.0,1,163,-1,533432,0,12,0,1,0,2,1
54,9,0,1,3,0,0,0.111111111,1,44,-1,0,1,14,0,0,0,2,1
127,61,1,0,3,0,0,0.299212598,0,51,1669,1961063,1,15,0,1,0,1,1
58,18,0,1,2,0,1,0.0,0,0,2931,0,1,10,0,0,1,2,1
52,44,0,1,2,0,0,0.057692308,1,161,1532,4691,1,8,0,0,0,2,1
24,15,0,0,2,0,0,0.0,0,51,6129,2872123,0,6,0,0,0,0,0
81,20,0,0,2,0,0,0.0,0,144,6777,1494607,1,12,0,0,1,2,0
177,21,1,1,3,0,0,0.242937853,1,11,6856,988416,1,23,0,0,0,1,1
21,6,0,1,1,0,1,0.095238095,0,82,-1,3523,0,5,0,0,2,0,1
49,36,0,0,2,0,1,0.020408163,0,17,7296,0,1,11,1,0,0,2,1
52,17,0,1,3,0,0,0.0,0,167,8146,12421,0,10,0,0,1,0,0
23,12,0,1,1,0,0,0.0,0,0,2769,0,1,6,0,0,0,2,1
35,27,0,1,2,0,1,0.0,0,71,7298,2078971,0,6,1,0,0,2,0
82,34,0,1,2,0,1,0.0,0,136,7615,2188,1,9,0,0,2,1,0
63,33,0,1,3,1,1,0.047619048,2,21,5615,0,1,12,0,0,0,2,1
91,14,1,1,3,0,0,0.296703297,1,1,-1,0,1,14,0,1,2,2,1
49,20,0,1,2,0,0,0.0,0,168,6179,619864,0,8,0,0,1,1,0
23,14,0,0,2,0,0,0.0,0,263,-1,0,0,6,0,0,0,1,0
41,16,0,0,1,0,0,0.0,0,87,325,0,1,7,0,0,3,2,1
19,8,0,1,1,0,0,0.0,0,0,7287,0,1,6,0,0,1,2,1
49,12,0,0,2,1,1,0.081632653,1,270,9637,147,1,10,1,0,1,1,0
25,9,1,0,1,0,0,0.16,0,28,-1,27683,1,5,0,0,0,1,1
113,15,0,0,2,0,0,0.07079646,1,25,8347,1,1,13,1,0,1,2,1
92,22,0,0,2,0,0,0.086956522,0,123,7535,14506,0,15,0,0,0,0,0
35,22,0,0,2,0,0,0.0,0,6,5161,0,1,9,1,0,1,0,0
45,16,0,0,2,0,0,0.0,0,228,7130,12,0,8,1,0,0,1,0
69,23,0,0,3,0,0,0.0144927539999999,0,70,-1,64871,0,15,0,1,0,1,0
41,21,0,1,1,0,0,0.073170732,0,18,3829,3520303,0,6,0,0,0,1,0
126,50,1,1,3,1,0,0.134920635,0,4,4003,5816617,1,18,0,1,1,1,1
52,19,0,1,3,0,0,0.0,1,0,553,0,1,10,0,0,0,2,1
41,32,0,0,2,0,0,0.0,0,35,5063,2258035,0,6,0,0,0,2,0
37,16,0,1,2,0,0,0.0,0,0,7391,5392060,1,8,0,0,0,0,1
47,12,0,0,2,0,0,0.0,0,411,6011,115,0,8,0,0,0,1,0
26,10,0,1,2,0,0,0.0,0,53,-1,14056,0,6,0,0,1,2,0
45,36,0,0,3,0,1,0.0,1,24,2532,514430,1,7,0,0,1,1,1
58,15,0,1,2,0,0,0.0,0,170,9286,1137,1,12,0,0,2,2,0
18,9,0,0,2,0,0,0.0,0,126,-1,473854,0,6,0,0,0,2,0
97,15,0,1,2,0,0,0.0,0,50,8618,1418,0,18,0,0,1,0,0
43,16,0,0,2,0,0,0.0,0,189,7134,13,0,8,1,0,0,1,0
109,17,0,1,3,1,0,0.0,4,6,4609,0,1,23,0,0,0,1,1
25,9,0,1,1,0,0,0.0,0,86,3466,0,1,7,0,0,1,0,1
51,17,0,0,3,0,1,0.0,0,128,4198,0,0,8,0,0,0,0,0
21,13,0,1,2,0,0,0.0,0,12,7253,943419,1,6,0,0,0,1,1
66,20,0,1,2,0,0,0.045454545,1,409,4860,1275056,0,12,0,0,1,1,0
64,27,0,0,3,0,0,0.0,0,35,1290,0,0,11,0,0,0,2,0
26,17,0,0,2,0,0,0.0,0,27,3038,3479049,0,6,0,0,0,1,0
31,22,0,0,2,0,0,0.0,0,12,3830,5662,0,6,0,0,0,0,0
68,18,0,0,2,0,0,0.073529412,0,417,6317,8160,0,11,0,0,0,0,0
108,45,0,1,2,0,0,0.092592593,0,22,5634,0,1,19,0,0,1,0,0
263,15,1,0,3,0,0,0.178707224,0,41,5636,2,0,34,1,1,0,1,1
40,16,0,0,2,0,0,0.025,0,77,8933,91852,1,6,0,0,1,2,0
100,21,0,1,3,1,0,0.0,4,6,4608,0,1,16,0,0,0,1,1
25,16,0,0,2,0,1,0.0,0,325,7753,140382,0,6,0,0,0,0,0
34,21,0,1,3,0,0,0.0,0,13,1514,0,1,7,0,0,0,2,1
19,11,0,1,2,0,0,0.0,0,156,1905,277373,0,6,0,0,0,0,0
49,16,0,0,2,0,0,0.0,0,240,7134,13,0,8,1,0,0,1,0
48,24,0,1,3,1,0,0.0,0,67,6855,227342,0,8,0,0,0,1,0
113,15,0,0,2,0,0,0.079646018,1,31,8346,1,1,13,1,0,0,2,1
29,20,0,0,2,0,0,0.0,0,253,-1,1868666,0,6,0,0,0,2,0
96,16,0,1,2,0,0,0.0,1,0,6950,0,1,16,0,0,0,2,1
44,24,0,0,3,0,0,0.090909091,0,8,1338,22211,1,7,0,0,0,0,1
26,19,0,1,2,0,1,0.0,0,16,7921,3601536,0,5,0,0,1,0,0
35,24,0,0,2,1,0,0.057142857,0,0,2254,1144030,1,8,0,0,0,2,1
33,10,0,1,2,0,0,0.0,0,0,8354,6425032,1,7,0,0,0,2,1
65,16,0,1,2,1,0,0.0,2,189,-1,0,1,12,0,0,0,2,1
57,14,1,1,3,0,0,0.192982456,2,92,-1,0,1,11,0,1,3,1,1
23,16,0,1,1,0,0,0.0,0,15,1759,0,0,4,0,0,1,2,0
35,26,0,0,2,0,0,0.0,0,86,2206,759109,0,6,0,0,0,1,0
20,13,0,1,2,0,0,0.0,0,12,4138,4535468,1,5,0,0,3,2,1
56,21,0,0,3,0,0,0.0,0,207,6841,72924,0,9,0,0,0,0,0
101,21,0,1,3,1,1,0.04950495,1,99,8543,28261,0,20,0,0,2,2,0
156,15,1,1,3,0,0,0.16025641,1,1,5963,0,1,19,0,0,0,2,1
49,16,0,1,3,0,0,0.0,0,85,6134,28418,0,11,0,0,1,1,0
35,16,0,1,2,0,0,0.0,0,16,7253,943419,1,6,0,0,0,1,1
56,15,0,1,3,0,0,0.0,0,28,5639,607506,0,9,0,0,0,1,0
46,22,0,0,1,1,0,0.02173913,2,3,1824,0,1,8,0,0,0,1,1
44,10,0,0,1,0,0,0.0,0,222,4671,89,0,6,1,0,0,0,0
103,13,1,0,2,0,1,0.233009709,1,93,4923,26616,1,13,0,0,2,2,1
24,15,0,0,2,0,0,0.0,0,120,-1,4577170,0,6,0,0,0,0,0
31,22,0,0,3,0,0,0.0,0,117,-1,2113067,0,7,0,0,0,2,0
39,32,0,1,3,0,0,0.0,0,23,4202,0,1,7,0,0,1,2,1
32,16,0,0,2,0,0,0.0,0,571,8414,176808,0,6,0,0,1,0,0
22,14,0,1,2,0,0,0.0,0,94,-1,0,1,6,0,0,0,2,1
35,13,0,1,3,0,0,0.0,0,0,5515,755916,0,8,0,0,0,2,0
169,10,0,1,3,0,0,0.023668639,1,8,125,0,1,30,0,0,5,0,1
46,19,0,1,2,0,0,0.02173913,0,0,1868,2161928,1,7,0,0,0,2,1
74,16,0,1,3,0,0,0.0,0,1,2403,819233,0,15,0,1,0,1,1
159,13,0,0,3,0,0,0.125786164,0,0,-1,13447,1,40,0,0,0,3,0
73,40,0,1,3,0,1,0.04109589,1,22,5627,0,1,12,0,1,0,2,1
68,38,0,1,2,0,1,0.0,0,88,7615,2188,0,8,0,0,1,1,0
73,29,0,1,3,0,0,0.0,0,6,2941,0,1,10,0,0,0,2,1
42,34,0,1,3,1,0,0.0,0,15,2641,2372393,1,9,0,1,0,1,1
44,36,0,0,2,0,0,0.0,0,118,4801,428038,0,5,0,0,0,1,0
123,17,0,1,3,1,0,0.138211382,0,0,6750,6580550,1,26,0,0,0,3,0
41,18,0,0,2,0,0,0.0,0,40,8346,1,1,9,1,0,1,0,0
47,20,0,1,1,0,0,0.0,0,5,4322,0,1,6,0,0,1,2,1
77,23,1,1,1,0,0,0.25974026,0,30,5756,0,1,7,0,0,1,1,1
37,19,0,1,3,0,1,0.0,1,13,4382,378751,1,7,0,0,0,1,1
76,17,0,1,1,0,0,0.105263158,0,52,8020,8126,0,17,0,0,1,0,0
50,20,0,0,3,0,0,0.0,0,56,8043,2572,0,9,0,0,0,2,0
43,12,0,1,3,0,0,0.0,1,12,3689,0,1,9,0,0,0,2,1
31,8,0,1,1,0,0,0.129032258,0,0,3076,0,1,8,0,0,0,2,1
31,23,0,1,2,0,0,0.0,0,83,4911,0,0,6,0,0,1,1,0
51,19,0,1,2,0,0,0.0,1,244,7869,2033,0,8,0,1,1,2,0
62,29,1,1,3,0,1,0.112903226,0,22,5626,2856134,1,10,0,1,0,2,1
20,11,0,0,2,0,0,0.0,0,240,-1,183772,0,6,0,0,0,1,0
128,50,1,0,3,1,0,0.203125,0,51,3993,5707171,1,19,0,1,0,2,1
62,10,1,1,1,0,0,0.290322581,0,48,-1,0,1,7,0,0,1,2,1
35,26,0,0,2,0,0,0.0,0,27,2304,2271605,0,6,0,0,0,2,0
37,16,0,1,2,1,0,0.0,0,73,5707,1652125,1,7,0,0,0,1,1
47,15,0,1,3,1,0,0.063829787,2,0,-1,0,1,10,0,0,0,2,1
53,16,0,1,3,0,1,0.0,0,57,8546,21974,0,10,0,0,0,1,0
72,14,0,1,3,0,0,0.138888889,0,0,11317,54663,0,15,0,0,0,3,0
126,31,1,1,3,0,0,0.253968254,0,64,-1,0,1,15,0,0,2,2,1
73,15,0,0,3,0,1,0.0,0,43,7339,48563,0,11,0,0,0,1,0
50,16,0,1,2,0,1,0.08,0,0,2100,0,1,9,0,0,0,2,1
22,15,0,1,1,0,0,0.0,0,47,-1,8587175,0,4,0,0,1,1,0
63,16,1,0,2,0,0,0.365079365,0,172,7925,570,0,13,0,0,0,2,0
71,15,0,0,3,0,0,0.0,0,126,8346,1,0,13,1,0,0,0,0
87,21,1,1,3,1,0,0.137931034,0,104,11566,374,1,15,1,1,3,0,0
52,18,0,1,2,0,0,0.038461538,1,1,973,8238037,1,10,0,0,1,1,1
42,23,0,0,2,1,0,0.214285714,0,8,1953,4365,0,7,0,0,0,1,1
21,13,0,1,3,0,0,0.0,0,336,8675,484673,0,7,0,0,1,0,0
38,18,0,1,1,0,0,0.0,0,8,1825,0,1,7,0,0,0,2,1
125,50,1,1,3,1,0,0.176,0,51,3992,5707171,1,19,0,1,0,2,1
126,50,1,1,3,1,0,0.174603175,0,51,3992,5697976,1,18,0,1,1,2,1
48,29,0,1,3,0,0,0.041666667,0,286,7588,2928750,0,7,0,0,0,1,0
52,35,0,1,3,1,0,0.057692308,1,33,1547,4639,1,8,0,0,0,2,1
62,27,0,1,3,1,1,0.0,0,0,1856,0,1,10,0,0,0,1,1
79,23,0,0,2,1,0,0.050632911,0,28,3104,545173,0,16,0,0,0,1,0
61,15,0,1,2,0,0,0.0,0,294,5887,184,0,11,0,0,1,1,0
118,42,1,1,3,0,0,0.152542373,0,51,3993,5707171,1,17,0,1,1,2,1
58,14,0,1,3,1,0,0.0,0,115,6495,7453,1,10,0,0,2,0,0
38,24,0,1,2,0,0,0.0,0,0,2035,4378438,1,7,0,0,0,2,1
52,16,0,1,3,0,0,0.0,0,0,-1,4693,0,10,0,0,1,3,0
38,30,0,1,3,0,0,0.0,0,103,7011,705069,1,9,1,0,1,2,1
52,16,0,1,3,1,0,0.0,0,38,5913,86462,0,10,0,0,1,1,0
49,11,0,1,2,0,0,0.0,0,0,837,0,1,9,0,0,0,1,0
47,15,0,1,2,0,0,0.0,0,67,8831,2672,1,10,0,0,1,1,0
43,12,0,0,3,1,0,0.0,0,0,10,0,1,10,0,0,1,2,1
75,16,0,0,1,0,0,0.08,2,42,-1,172131,1,13,0,0,2,2,0
611,21,0,0,3,1,0,0.116202946,1,1,978,0,1,11,0,0,2,2,1
25,16,0,0,2,0,0,0.0,0,96,7866,0,0,6,0,0,0,0,0
28,19,0,0,2,0,0,0.0,0,246,3291,95364,0,6,0,0,0,1,0
72,16,0,1,3,1,0,0.013888889,2,22,1194,0,1,12,0,0,0,1,1
50,17,0,1,3,1,0,0.0,2,7,-1,8688799,1,9,0,0,0,1,1
67,17,0,0,3,0,0,0.089552239,0,469,6438,322,0,12,0,0,0,2,0
29,21,0,1,2,0,0,0.0,0,22,4014,10539664,0,6,0,0,0,2,0
75,16,0,0,2,0,0,0.0,0,128,6339,119459,0,15,0,0,0,0,0
42,14,0,0,2,0,0,0.023809524,0,32,1341,0,0,7,0,0,0,2,1
88,22,1,0,3,1,1,0.159090909,4,30,-1,0,1,16,0,0,0,1,1
40,31,0,0,2,0,0,0.0,0,32,5231,0,0,6,0,0,0,1,0
48,16,0,0,2,0,0,0.0,0,149,7134,13,0,9,1,0,0,1,0
41,18,0,1,2,1,0,0.0,2,0,2781,0,1,8,0,0,0,2,1
232,13,1,1,3,0,0,0.379310345,1,9,8288,0,1,21,0,0,1,1,1
42,14,0,1,3,0,0,0.119047619,0,310,7157,2294,0,9,0,0,2,2,0
115,42,1,1,3,0,0,0.208695652,0,51,3992,5697976,1,16,0,1,1,2,1
40,27,0,1,3,0,0,0.0,0,32,2433,0,1,7,0,0,0,2,1
32,24,0,1,2,1,0,0.0,0,47,1052,0,1,7,0,0,1,1,1
38,13,0,1,3,0,0,0.0,2,5,-1,0,1,8,0,0,0,1,1
127,50,1,0,3,1,0,0.141732283,0,51,3993,5707171,1,18,0,1,1,2,1
39,18,0,0,2,1,0,0.0,1,11,896,457413,0,9,0,0,0,2,1
55,19,0,0,2,0,1,0.090909091,0,296,7558,1695,1,9,0,0,1,0,0
105,28,0,1,2,0,0,0.0,0,65,7530,264522,0,12,0,0,0,2,0
129,6,1,1,3,0,0,0.124031008,2,1,-1,24,0,25,0,1,2,2,1
46,17,0,1,3,1,0,0.02173913,0,4,1609,0,1,10,0,0,1,1,1
98,22,0,0,3,0,0,0.010204082,0,11,-1,79585,1,21,0,1,0,1,1
38,17,0,1,2,0,0,0.0,0,12,-1,0,1,8,0,0,0,0,0
89,15,0,1,3,0,0,0.056179775,0,92,5186,10408014,1,16,0,0,0,1,1
72,31,0,0,3,1,0,0.0,2,12,-1,967672,0,12,0,0,0,2,1
124,46,1,0,3,0,0,0.225806452,0,51,3992,5697976,1,19,0,1,0,2,1
46,37,0,0,2,0,0,0.0,0,0,5159,0,1,9,1,0,0,2,1
30,23,0,1,1,0,0,0.0,0,184,2,0,1,4,0,0,1,2,1
127,50,1,1,3,1,0,0.118110236,0,51,3993,5707171,1,19,0,1,0,2,1
34,25,0,0,2,1,0,0.0,0,0,2837,0,1,7,0,0,0,1,1
45,16,0,0,2,0,0,0.0,2,29,8349,1,0,8,1,0,0,2,1
25,17,0,1,3,0,0,0.0,0,107,1408,0,0,7,0,0,2,1,0
20,12,0,1,2,0,0,0.0,0,2,-1,0,0,6,0,0,0,0,1
25,12,0,0,2,0,0,0.0,0,98,9754,31526,0,6,0,0,0,0,0
40,25,0,1,2,0,0,0.0,0,616,6257,689,0,6,0,0,1,2,0
84,9,0,1,1,0,0,0.0,0,41,4447,460464,0,15,0,0,1,2,0
70,14,0,1,2,0,0,0.0,0,48,4915,19217,0,11,0,0,1,1,0
32,16,0,1,1,0,1,0.0,0,0,4934,0,1,6,0,0,0,2,1
33,24,0,0,2,0,0,0.0,0,0,797,0,0,6,0,0,1,2,1
133,18,1,0,3,0,0,0.233082707,0,0,-1,148470,0,19,0,0,0,3,0
16,9,0,1,1,0,0,0.0,0,185,-1,82809,0,4,0,0,0,0,0
29,22,0,1,2,0,0,0.0,0,206,4913,2013263,0,5,0,0,0,1,0
22,7,0,0,1,0,0,0.0,0,1,-1,61657,1,5,0,0,0,1,1
84,21,0,0,2,1,0,0.0,1,107,4308,6810,0,14,0,0,0,2,0
41,10,0,0,1,0,0,0.0,0,9,3567,0,1,11,0,0,1,1,1
44,18,0,0,2,0,0,0.0,0,114,7677,179423,0,7,0,0,0,0,0
99,15,0,0,2,0,0,0.111111111,1,1,8346,1,1,10,1,0,2,0,1
219,12,1,0,3,1,0,0.388127854,4,6,-1,0,1,20,0,0,0,1,1
24,15,0,0,2,0,1,0.0,0,180,3821,433555,0,6,0,0,0,0,0
48,18,0,1,1,1,0,0.0625,0,14,462,2516334,0,6,0,0,1,3,1
21,13,0,1,2,0,0,0.0,0,174,4884,238030,0,6,0,0,2,2,0
51,21,0,1,1,1,0,0.0,0,7,2380,117179,0,10,0,0,0,2,0
39,16,0,0,2,0,0,0.0,0,152,8517,8,0,6,1,0,0,1,0
42,16,0,0,2,0,0,0.0,2,1,8348,1,1,8,1,0,2,0,1
31,12,0,0,2,0,0,0.0,0,31,6,0,1,7,0,1,0,2,1
76,50,1,1,3,1,0,0.1710526319999999,0,51,3993,5707171,1,10,0,1,1,2,1
123,46,1,0,3,0,0,0.146341463,0,51,3993,5707171,1,18,0,1,1,2,1
46,17,0,1,2,0,1,0.02173913,0,155,9638,148,1,11,1,0,1,1,0
42,14,0,1,3,0,0,0.119047619,0,205,7155,2250,0,9,0,0,2,1,0
68,37,0,1,3,0,1,0.088235294,2,21,5615,0,1,14,0,0,0,2,1
23,14,0,0,2,0,0,0.0,0,147,2570,0,0,6,0,0,1,0,0
20,12,0,0,2,0,0,0.0,0,54,7206,2763,0,5,0,0,0,2,0
29,15,0,1,1,0,0,0.068965517,0,41,-1,0,1,6,0,0,0,1,1
20,11,0,0,2,0,0,0.0,0,228,9040,531101,0,6,0,0,0,0,0
80,28,0,1,3,1,0,0.0,0,37,5397,42531,0,13,0,0,1,2,0
66,19,0,0,3,0,0,0.060606061,0,0,1547,0,1,10,0,0,0,2,1
42,9,0,1,2,0,0,0.047619048,0,56,-1,1163,0,9,0,0,1,1,0
85,26,0,1,3,1,0,0.0,0,31,1871,7627796,1,18,0,0,0,1,1
48,15,0,1,3,0,0,0.0,1,0,7741,1382310,1,10,0,0,0,2,1
46,8,0,1,2,0,0,0.0,0,150,-1,2488533,1,9,0,0,0,0,1
82,16,0,0,2,0,0,0.085365854,1,1,8347,1,1,11,1,0,1,1,1
66,28,0,1,2,0,1,0.0,0,77,7618,2188,1,11,0,1,2,1,0
24,17,0,1,1,0,0,0.0,0,129,1984,874125,0,4,0,0,0,2,0
47,18,0,0,3,0,0,0.085106383,0,289,7133,12,1,9,1,0,0,1,0
63,21,0,1,2,0,0,0.0,0,188,5509,1294,0,11,0,0,1,1,0
58,25,0,0,3,0,0,0.0,0,26,2101,7346260,1,11,0,0,0,1,1
104,28,1,1,3,1,0,0.221153846,0,31,1016,1211946,1,12,0,0,0,1,1
24,15,0,0,2,0,0,0.0,0,99,8340,178835,0,6,0,0,0,1,0
30,16,0,0,2,0,0,0.0,0,28,-1,0,1,7,0,0,0,2,1
84,32,0,1,2,0,0,0.0,0,16,4763,6179184,0,13,0,0,0,2,0
46,14,0,1,3,0,0,0.0,0,39,-1,122722,1,10,0,0,4,0,0
32,17,0,1,1,0,0,0.0,0,0,-1,0,1,5,0,0,1,2,1
48,41,0,1,3,0,1,0.0,0,0,118,0,1,9,0,1,0,2,1
70,36,0,1,2,0,1,0.0,0,76,7618,2188,0,8,0,1,1,2,0
104,31,0,0,2,0,0,0.115384615,0,97,7449,6951049,1,16,1,0,0,1,0
32,23,0,0,2,0,0,0.0,0,393,7453,16938,0,6,0,0,0,2,0
92,16,0,1,2,0,0,0.0,0,377,11021,2772,1,15,1,0,4,0,0
57,25,0,1,3,0,0,0.192982456,0,4,-1,0,1,10,0,0,1,1,1
89,15,1,0,2,0,0,0.134831461,0,74,5371,310,1,16,0,0,0,1,0
28,20,0,1,2,0,0,0.0,0,42,3787,4702582,0,6,0,0,1,2,0
45,19,0,1,1,0,0,0.0,1,3,1407,0,1,9,0,0,0,1,1
52,21,0,1,1,0,0,0.076923077,0,18,3828,3516548,0,6,0,0,0,2,0
206,12,1,1,3,0,0,0.174757282,3,25,-1,0,1,35,0,1,0,2,1
96,14,1,1,2,1,0,0.208333333,3,124,254,0,1,12,0,0,0,2,1
69,11,0,1,1,0,0,0.0,0,30,2375,164898,0,11,0,0,0,1,0
32,14,0,0,2,0,0,0.125,0,463,9268,8530,1,7,0,0,1,1,0
48,18,0,0,3,0,0,0.0,0,271,7130,12,1,9,1,0,0,0,0
60,23,0,1,3,1,0,0.0,0,110,8706,975738,0,11,0,0,0,2,0
111,19,1,0,3,0,0,0.099099099,2,1041,7795,548,0,16,1,0,0,1,0
59,20,0,0,3,0,0,0.0,0,69,5974,130357,0,10,0,0,0,0,0
118,12,0,0,3,1,0,0.016949153,0,0,8569,492031,0,18,0,0,1,3,0
37,18,0,0,2,0,0,0.0,0,33,5904,1468,1,7,0,0,1,0,0
59,17,0,1,3,0,1,0.050847458,0,240,6705,67893,1,11,0,0,1,0,0
26,18,0,1,2,1,0,0.0,0,21,2415,825424,0,7,0,0,0,2,0
73,15,0,0,3,0,1,0.0,0,56,7336,52443,0,12,0,0,0,1,0
49,31,1,1,2,1,0,0.142857143,0,116,6605,899,1,9,0,0,2,0,1
69,19,0,0,3,0,0,0.0,0,75,6111,1613,0,12,0,1,0,0,0
37,25,0,0,2,0,0,0.216216216,0,9,1338,22211,1,6,0,1,0,0,1
129,54,1,1,3,1,0,0.170542636,0,4,4004,5828815,1,20,0,1,1,1,1
128,18,0,1,3,0,0,0.0,0,130,-1,8902890,1,24,0,0,1,2,1
25,16,0,0,2,0,0,0.0,0,229,-1,213573,0,6,0,0,0,0,0
33,24,0,0,2,0,0,0.0,0,47,2298,569663,0,6,0,0,0,2,0
71,26,0,1,2,0,0,0.0,0,48,2135,2721076,0,11,0,0,1,2,0
109,7,0,0,1,0,0,0.055045872,0,56,9794,21833,0,18,0,0,1,1,0
71,18,0,1,3,0,0,0.14084507,0,6,12795,2404,1,13,0,0,0,1,0
67,18,0,1,3,0,0,0.044776119,0,3,4897,0,1,12,0,0,0,1,0
58,49,1,0,2,0,1,0.137931034,0,7,7296,0,1,10,1,0,0,2,1
60,22,0,1,3,0,0,0.033333333,0,53,4917,601002,1,10,0,0,1,1,0
86,28,0,1,3,1,0,0.093023256,2,26,6070,0,1,14,0,0,2,1,1
159,40,1,1,3,0,0,0.163522013,0,24,-1,0,1,16,1,0,0,1,1
96,14,1,1,2,1,0,0.197916667,3,124,244,0,1,12,0,0,0,2,1
24,16,0,1,2,0,0,0.0,0,55,3268,260070,0,6,0,0,2,1,0
110,23,1,1,3,0,0,0.154545455,0,13,2842,0,1,12,0,0,0,2,1
28,21,0,1,2,0,1,0.035714286,0,14,7295,0,1,5,1,0,1,1,1
89,24,0,0,3,0,0,0.0,0,73,6932,262805,1,17,0,0,4,1,1
55,47,1,1,3,0,1,0.290909091,0,22,5615,0,1,8,0,0,0,2,1
67,18,0,1,3,0,0,0.0,2,31,6977,6845579,1,12,0,0,3,1,1
26,13,0,0,2,0,0,0.038461538,0,2,2290,132459,1,6,0,0,1,2,1
42,25,0,1,3,0,0,0.0,1,103,7050,728078,1,7,0,0,1,2,1
31,18,0,1,2,0,0,0.0,0,131,-1,0,0,7,0,0,1,0,0
53,24,0,1,3,1,0,0.0,0,232,5228,550535,0,9,0,0,1,1,0
75,16,0,1,2,0,0,0.0,0,28,5565,0,1,12,0,1,0,1,1
43,22,0,1,2,0,0,0.0,0,190,7587,988,0,7,0,0,1,2,0
35,18,0,1,3,0,0,0.0,1,4,-1,0,1,7,0,0,0,1,1
43,15,0,0,2,0,0,0.046511628,0,52,5636,2,0,8,1,0,0,1,0
59,51,0,1,3,0,0,0.186440678,0,47,-1,0,1,8,0,0,0,2,1
93,14,1,1,2,0,0,0.215053763,0,12,2996,4189860,1,10,0,0,1,1,1
166,10,1,1,3,0,0,0.373493976,1,31,-1,0,1,22,0,1,0,2,1
56,19,0,0,2,0,1,0.107142857,0,413,7559,1695,1,9,0,0,1,0,0
68,22,0,1,3,0,0,0.0,0,0,5749,512817,0,12,0,0,0,3,0
71,27,0,1,1,0,0,0.0,0,13,431,8509505,1,11,0,0,1,1,1
58,15,0,1,3,0,0,0.0,1,145,9018,1518277,1,15,1,0,2,1,1
33,10,0,1,2,0,0,0.0,0,0,7767,0,1,7,0,0,0,2,1
71,35,0,1,2,1,0,0.0845070419999999,0,3,11,0,1,11,0,0,1,1,1
26,13,0,0,1,0,0,0.115384615,0,58,1448,377916,1,6,0,0,0,1,0
55,38,0,1,3,0,0,0.054545455,1,33,1546,4669,1,7,0,0,0,2,1
32,14,0,1,2,0,0,0.0,0,0,4623,4769456,1,6,0,0,1,2,1
19,12,0,1,2,0,0,0.0,0,184,-1,5512197,0,5,0,0,2,2,0
45,34,1,1,3,0,0,0.177777778,0,4,361,0,1,8,0,0,1,1,1
38,16,0,1,2,0,0,0.0,0,55,2390,1639,0,8,0,0,0,1,0
75,17,0,1,3,0,0,0.093333333,0,0,12766,3518,1,14,0,0,0,3,0
62,16,0,0,3,1,0,0.0,1,190,-1,62321,0,10,0,0,0,0,0
60,12,0,1,3,0,0,0.0,1,11,90,0,1,12,0,0,3,2,1
46,25,0,0,2,0,0,0.0,0,4,845,0,1,6,0,0,0,1,1
31,23,0,1,1,1,1,0.0,0,15,379,0,0,6,0,0,0,0,1
43,35,0,1,2,0,0,0.0,0,3,2295,83378,1,6,0,0,0,0,1
55,46,0,0,2,0,0,0.0,1,42,4489,0,0,10,0,1,0,2,1
292,11,1,1,2,0,0,0.27739726,3,664,4759,0,1,29,0,0,2,2,1
141,13,0,1,1,0,0,0.007092199,2,9,1905,0,1,21,0,1,0,1,1
32,25,0,1,2,0,0,0.0,0,46,3370,0,0,5,0,0,0,2,0
46,14,1,0,2,0,0,0.195652174,0,72,5053,284,0,10,0,0,0,2,0
212,12,1,0,3,0,0,0.160377358,2,7,-1,0,1,30,0,0,0,2,1
29,20,0,0,2,1,0,0.0,0,36,-1,0,0,7,0,0,0,2,0
267,213,0,1,3,0,0,0.179775281,1,5,2660,0,1,22,0,0,0,2,1
56,16,0,0,1,1,0,0.0,0,191,8907,315877,0,8,0,0,0,2,0
55,14,0,0,2,1,0,0.0,0,146,-1,0,0,10,0,0,1,1,0
106,24,0,0,2,0,0,0.056603774,1,220,8186,2674,0,19,0,1,0,1,0
26,18,0,1,2,0,0,0.0,0,23,3198,3786388,0,6,0,0,1,2,0
64,35,1,0,3,0,1,0.21875,0,21,5616,0,1,9,0,0,0,2,1
75,18,0,0,3,1,1,0.0,0,20,8872,22640,1,11,0,0,2,1,0
51,8,0,1,1,1,0,0.078431373,0,232,2758,100014,1,8,0,0,2,1,0
34,25,0,0,2,0,0,0.0,0,344,8766,0,0,6,0,0,1,2,0
40,25,0,1,2,0,0,0.0,0,246,6260,684,0,6,0,0,1,2,0
24,15,0,0,2,1,0,0.0,0,210,-1,2122076,0,7,0,0,0,2,0
30,22,0,1,2,0,0,0.0,0,90,3195,307524,0,6,0,0,0,0,0
101,24,1,0,2,1,0,0.198019802,0,304,9,0,1,14,0,0,0,2,1
113,17,0,1,3,1,0,0.0,4,6,4609,0,1,19,0,0,0,1,1
39,10,0,1,1,0,0,0.205128205,0,33,-2,7477432,0,8,0,0,1,2,0
46,17,0,0,3,1,0,0.0,1,7,-1,0,1,9,0,0,1,1,1
124,46,1,0,3,0,0,0.1693548389999999,0,51,3992,5707171,1,19,0,1,0,2,1
64,17,0,1,3,0,0,0.0,0,35,8604,271832,0,11,0,1,1,1,0
177,23,1,0,3,1,0,0.242937853,2,28,8591,240656,0,13,0,0,1,2,1
40,32,0,1,2,0,1,0.0,0,291,7298,0,0,6,1,0,0,2,0
75,39,0,1,3,1,0,0.08,0,3,13,0,1,12,0,0,1,1,1
36,14,0,1,2,0,0,0.0,0,23,3570,0,1,7,0,0,0,1,1
88,36,0,1,3,1,1,0.079545455,0,214,7309,0,1,14,1,0,0,2,1
22,13,0,0,2,0,0,0.0,0,105,2485,140193,0,6,0,0,0,1,0
52,21,0,0,2,0,0,0.076923077,0,100,9766,18753,0,8,0,0,0,1,0
68,20,0,1,2,1,1,0.0,0,132,2742,13917,0,10,0,1,1,0,0
48,18,0,0,2,0,0,0.0,0,642,6634,181546,1,7,0,0,2,1,0
68,19,0,1,2,0,0,0.0,0,132,3841,435135,1,14,0,1,2,2,0
21,13,0,1,1,0,0,0.0,0,28,4205,0,0,5,0,0,0,0,1
57,16,0,0,3,0,0,0.087719298,0,219,4299,845679,0,11,0,0,0,2,0
32,23,0,0,2,0,0,0.0,0,61,8487,2703192,0,6,0,0,0,2,0
55,14,0,1,2,0,1,0.018181818,0,1,2421,0,1,11,0,0,1,1,1
45,26,0,0,2,0,0,0.133333333,0,0,1819,81401,1,8,0,0,0,2,1
33,14,0,0,2,0,0,0.060606061,0,11,1953,4365,1,6,0,0,0,1,1
48,14,0,0,2,0,0,0.0,0,3,5314,407034,1,8,0,0,0,0,0
36,14,0,1,1,0,0,0.0,0,5,7817,0,1,6,0,0,4,1,1
48,39,0,0,2,0,0,0.083333333,0,23,804,0,1,8,0,0,0,1,1
148,16,1,0,2,1,0,0.222972973,1,4,870,0,1,24,0,0,0,1,1
58,30,0,1,3,0,0,0.0,0,1,7083,17964,1,9,0,0,1,2,1
19,12,0,1,2,0,0,0.105263158,0,119,-1,0,0,5,0,0,0,1,0
37,28,0,0,2,0,1,0.108108108,0,15,7295,0,1,6,1,0,0,1,1
86,69,1,0,3,0,1,0.104651163,0,0,5627,0,1,10,0,0,0,2,1
96,31,0,1,2,0,1,0.0,0,77,7616,2190,0,13,0,0,1,1,0
47,29,0,0,2,0,0,0.0,0,56,2122,2660343,0,8,0,0,2,1,1
124,46,1,0,3,0,0,0.153225806,0,51,3992,5707171,1,19,0,1,0,2,1
49,24,0,1,2,1,1,0.040816327,0,340,7119,32633,1,11,0,0,0,2,0
48,16,0,0,2,0,0,0.041666667,2,1,8348,1,1,8,1,0,2,0,1
164,30,1,0,3,0,1,0.201219512,0,19,5660,6032,1,23,0,1,0,1,1
77,17,0,0,2,0,0,0.038961039,0,110,6168,3204,0,12,0,0,0,0,0
75,16,0,1,2,1,0,0.0,3,32,759,0,1,13,0,0,0,2,1
40,24,0,1,3,0,0,0.0,0,12,1736,842411,1,9,0,0,1,1,1
32,24,0,1,2,0,0,0.0,0,29,2402,6428932,0,6,0,0,0,2,1
43,36,0,1,2,0,1,0.023255814,0,14,7295,0,1,5,1,0,1,1,1
25,13,0,1,2,0,0,0.0,0,0,-1,0,1,7,0,0,0,2,1
118,42,1,1,3,0,0,0.194915254,0,4,4003,5816617,1,17,0,1,1,1,1
28,20,0,1,2,0,0,0.0,0,0,1876,0,0,6,0,0,0,0,0
69,23,0,1,3,0,0,0.057971014,1,3,1407,0,1,11,0,0,0,1,1
27,19,0,1,3,0,0,0.0,0,0,2642,6139067,1,7,0,0,0,2,1
80,17,0,1,2,1,0,0.025,0,6,8915,566894,1,14,0,0,1,2,0
70,16,0,0,2,0,0,0.142857143,1,10,8346,1,1,10,1,0,0,0,1
24,16,0,1,2,0,0,0.0,0,80,-1,215794,0,6,0,0,0,1,0
25,16,0,0,3,0,1,0.0,0,152,-1,105280,0,7,0,0,0,2,0
49,19,0,1,2,0,0,0.0,0,68,3928,13712,1,9,0,0,1,1,0
38,21,0,1,2,0,0,0.0,0,0,6715,0,1,6,0,0,1,2,1
50,15,0,1,2,0,0,0.0,0,255,6072,14411,0,9,0,0,1,1,0
38,29,0,0,2,0,0,0.0,0,0,2837,0,1,8,0,0,0,1,1
27,19,0,1,3,0,0,0.0,0,145,-1,953722,0,7,0,0,0,1,0
84,47,0,1,3,0,0,0.119047619,0,4,1834,0,1,9,0,0,1,1,1
114,11,0,1,3,1,0,0.0,0,0,6828,5269,0,18,0,0,1,3,0
88,26,0,1,2,0,0,0.0,1,13,5640,519609,0,12,0,0,1,1,0
54,14,0,1,1,1,0,0.092592593,0,56,8050,814,0,10,0,0,1,0,0
23,10,0,1,1,0,0,0.0,1,2,5657,0,1,5,0,0,2,0,1
65,19,1,1,2,0,0,0.123076923,1,244,7872,2014,1,12,0,0,2,2,0
26,17,0,0,2,0,0,0.0,0,221,-1,3276486,0,6,0,0,0,2,0
31,23,0,1,3,0,1,0.0,0,205,-1,36441,0,7,0,0,1,2,0
38,29,0,0,2,0,0,0.1578947369999999,0,21,1535,4641,1,6,0,0,0,1,1
74,17,0,1,3,0,0,0.0,0,175,8146,12516,0,12,0,1,1,0,0
37,29,0,1,2,0,0,0.0,0,103,7021,3782353,1,6,0,0,1,2,1
66,17,0,1,3,0,0,0.090909091,0,0,9229,6293,1,15,0,0,1,3,0
38,29,0,0,2,0,0,0.026315789,0,1,7087,18105,1,6,0,0,0,2,1
45,36,0,0,2,0,0,0.0,0,60,5232,0,0,6,0,0,0,1,1
28,20,0,1,2,1,0,0.0,0,28,-1,0,0,7,0,0,1,2,0
27,13,0,0,2,0,0,0.0,0,34,9237,4168,0,6,0,0,0,0,0
67,17,0,0,1,0,0,0.104477612,0,7,731,0,0,6,0,0,0,1,1
42,17,0,1,3,0,0,0.19047619,1,27,7441,52179,0,9,0,0,2,1,0
44,12,0,0,3,1,0,0.0,0,0,10,0,1,11,0,0,0,2,1
123,13,0,1,3,1,0,0.0081300809999999,0,0,12125,1000,1,28,0,0,1,3,0
35,27,0,1,3,0,0,0.0,0,3,7861,3274515,1,8,1,1,0,2,1
120,21,0,1,3,0,0,0.0,0,0,-1,37568,0,16,0,0,0,3,0
54,21,0,0,2,0,0,0.018518519,1,33,31,0,1,8,0,0,0,1,1
120,13,0,1,3,1,0,0.075,0,1,8907,155300,1,22,0,0,0,2,0
63,18,0,0,3,1,0,0.0,0,0,7574,7508,0,11,0,0,0,3,0
30,22,0,1,2,1,0,0.0,0,108,5547,0,0,7,0,0,1,2,0
39,19,0,1,2,0,0,0.205128205,0,18,2,0,1,10,0,0,1,1,1
20,6,0,1,1,0,0,0.0,0,503,2032,1843206,1,5,0,0,3,2,1
86,11,0,1,2,1,0,0.023255814,0,29,4654,780517,0,16,0,1,0,2,0
39,31,0,1,2,0,0,0.0,0,11,2634,5403,1,8,0,0,0,1,1
28,20,0,1,2,0,0,0.071428571,0,8,1338,22211,1,6,0,0,1,0,1
31,20,0,1,2,0,0,0.064516129,0,99,6863,113335,1,7,0,0,5,2,0
40,17,0,1,3,0,0,0.0,0,168,8147,12516,0,9,0,0,1,0,0
39,20,0,1,2,0,0,0.0,0,16,6079,12395,1,6,0,0,0,1,1
36,16,0,0,2,0,0,0.0,0,148,8516,8,0,7,1,0,0,0,0
45,20,0,0,3,0,0,0.0,0,91,8046,2595,0,9,0,0,0,2,0
33,14,0,1,3,0,0,0.0,0,4,-1,0,1,8,0,0,1,1,1
70,7,0,0,3,0,0,0.0,0,2,1079,710503,0,14,0,0,0,2,1
77,23,1,1,1,0,0,0.311688312,0,30,5767,0,1,7,0,0,1,1,1
88,22,1,0,3,1,1,0.1363636359999999,4,30,-1,0,1,16,0,0,0,1,1
61,21,0,0,2,0,0,0.0,0,76,1364,140970,0,11,0,0,0,2,0
22,11,0,1,3,0,0,0.0,0,58,819,4514903,1,7,0,0,2,1,1
31,13,0,0,2,0,0,0.032258065,1,356,-1,2442573,0,8,0,1,0,0,0
76,50,1,1,3,1,0,0.092105263,0,51,3992,5697976,1,10,0,1,1,2,1
102,17,1,0,2,0,0,0.1372549019999999,0,0,9338,21,0,14,0,0,0,1,1
43,15,0,0,2,0,1,0.0,0,298,9284,122,0,9,1,0,0,1,0
50,14,0,1,3,0,0,0.0,0,19,-2,122153,0,10,0,0,0,2,0
125,50,1,0,3,1,0,0.112,0,4,4004,5828815,1,18,0,1,1,1,1
76,16,0,1,3,0,0,0.078947368,0,76,3047,1508161,0,13,0,0,1,2,0
27,18,0,0,2,0,0,0.0,0,54,1597,0,0,6,0,0,0,0,0
47,14,0,1,2,1,0,0.0,0,81,7420,5290837,1,10,0,0,1,1,0
58,28,0,1,2,0,1,0.0,0,82,7616,2190,0,8,0,0,1,1,0
31,17,0,1,2,0,0,0.0,0,537,8017,5030,0,6,0,0,1,2,0
46,38,0,1,2,0,0,0.065217391,0,21,317,0,1,6,0,1,1,2,1
155,14,1,0,1,0,0,0.3935483870000001,0,3,-2,4800627,1,19,0,1,0,1,1
27,19,0,1,2,1,0,0.0,0,79,4177,6075777,0,7,0,0,0,2,0
38,27,0,1,2,0,0,0.0,0,41,7582,965,0,6,0,0,1,2,0
59,33,0,1,2,0,0,0.033898305,0,103,6831,0,1,9,0,0,1,2,1
94,28,1,1,3,1,0,0.234042553,0,31,1016,1211946,1,11,0,0,0,1,1
40,29,0,1,1,0,0,0.0,1,0,5863,0,1,6,0,0,1,2,1
31,22,0,0,2,0,1,0.0,0,14,7295,0,1,6,1,0,0,1,1
23,10,0,0,1,0,0,0.130434783,0,95,3659,13900,1,6,0,0,0,2,0
66,41,1,1,3,0,1,0.257575758,0,18,5626,0,1,11,0,1,0,1,1
79,13,1,0,3,1,0,0.139240506,4,4,2618,0,1,15,0,0,1,1,1
12,5,0,1,1,0,0,0.0,0,156,-1,8154406,0,4,0,0,0,2,0
29,21,0,1,2,1,0,0.0,0,15,1024,9524095,0,7,0,0,1,1,0
123,46,1,0,3,0,0,0.195121951,0,51,3993,5707171,1,18,0,1,1,2,1
84,26,0,1,3,1,0,0.0,0,31,1872,7645052,1,17,0,0,1,1,1
92,22,1,1,2,1,0,0.152173913,3,11,-1,0,1,12,0,0,0,2,1
35,17,0,0,2,0,0,0.0,0,224,6432,622,0,7,0,0,0,1,0
93,20,0,1,2,0,0,0.010752688,0,335,9047,18440,0,16,0,0,1,0,0
51,44,0,1,3,0,0,0.0,0,0,5205,0,1,9,0,0,0,2,1
46,16,0,0,2,0,0,0.0,2,1,8346,1,1,7,1,0,3,0,1
31,23,0,1,2,0,0,0.0,0,13,3417,1123024,0,6,0,0,0,2,0
79,21,0,1,3,0,0,0.0,0,570,-1,2881378,0,13,0,0,1,1,0
59,33,0,0,3,0,0,0.0,0,18,1,0,1,12,0,0,0,2,1
45,16,0,1,2,1,0,0.0,0,0,418,0,1,9,0,0,1,1,0
64,16,0,1,3,1,0,0.0,2,8,3726,0,1,11,0,0,0,1,1
29,20,0,0,2,0,0,0.0,0,247,9437,2068,0,6,0,0,0,2,0
57,12,0,1,3,0,0,0.0,0,16,3083,0,1,12,0,1,2,0,1
22,13,0,0,2,0,0,0.0,0,246,7149,3598004,0,6,0,0,0,1,0
235,22,1,1,3,0,0,0.425531915,2,5,4872,0,1,20,0,0,0,1,1
23,16,0,1,2,0,0,0.0,0,128,1891,376474,0,5,0,0,0,0,0
85,22,1,1,3,1,0,0.282352941,0,0,5826,0,1,12,0,0,1,2,1
31,22,0,0,2,0,0,0.0,0,37,7456,397287,0,6,0,0,0,0,0
60,24,0,1,2,1,1,0.033333333,0,140,7121,33109,1,11,0,0,0,1,0
28,21,0,1,2,0,1,0.035714286,0,14,7295,0,1,5,1,0,1,1,1
23,16,0,1,2,0,0,0.0,0,12,7252,943419,1,5,0,0,0,1,1
25,10,0,1,2,0,0,0.16,0,131,4429,0,0,6,0,1,1,2,1
22,13,0,0,2,0,0,0.0,0,51,-1,0,0,6,0,0,0,0,1
34,6,0,1,2,0,0,0.029411765,0,0,2328,6143932,1,8,0,0,0,2,1
27,19,0,1,2,0,0,0.0,0,0,2525,0,0,6,0,0,1,2,0
23,16,0,1,2,0,0,0.0,0,30,-1,474965,0,5,0,0,0,2,0
25,16,0,0,3,0,0,0.0,0,154,1944,129173,0,7,0,0,0,2,0
54,14,0,0,2,0,0,0.0,0,99,7480,628,0,9,0,1,0,1,0
44,22,0,0,3,0,0,0.0,0,0,5658,889,1,8,0,0,0,2,1
78,39,1,0,3,0,0,0.320512821,0,16,805,44822,0,16,0,1,0,1,1
56,21,0,1,2,0,0,0.0,0,16,3848,0,1,9,0,0,1,2,1
38,15,0,1,2,1,0,0.0,0,28,4309,630249,0,8,0,0,0,0,0
70,20,0,1,2,1,0,0.0,3,278,759,0,1,13,0,0,0,1,1
138,11,0,0,3,1,0,0.028985507,0,181,4140,1483842,1,19,0,0,1,0,1
53,40,0,1,3,0,1,0.056603774,2,22,5627,0,1,10,0,0,0,2,1
163,19,1,1,3,0,0,0.306748466,0,31,2198,0,1,20,0,0,0,2,1
41,23,0,0,2,1,0,0.0,0,2,1355,686549,0,7,0,0,0,2,1
50,18,0,0,3,0,0,0.0,0,6,3123,0,1,9,0,0,0,1,1
34,25,0,0,2,0,1,0.0,0,14,7296,0,1,6,1,0,0,2,1
72,23,0,0,2,0,0,0.013888889,0,81,7445,3357138,0,13,1,0,0,1,0
55,18,0,1,3,1,0,0.109090909,0,0,-1,1033,1,12,0,0,1,3,0
37,20,0,0,3,0,0,0.0,0,113,8044,2572,0,7,0,0,0,2,0
35,27,0,1,2,0,0,0.0,1,75,7912,831425,0,6,0,0,0,0,0
24,15,0,0,2,0,0,0.0,0,83,6437,78688,0,6,0,0,0,0,0
38,29,0,0,2,1,1,0.0,0,14,7295,0,1,7,1,0,0,2,1
39,30,0,0,2,0,1,0.0,0,5,7296,0,1,6,1,0,0,1,1
22,13,0,0,2,0,0,0.0,0,72,6954,102768,0,6,0,0,0,0,0
77,23,1,1,1,0,0,0.25974026,0,30,5767,0,1,7,0,0,1,1,1
64,16,1,1,1,0,0,0.296875,0,146,3557,0,1,6,0,0,2,2,1
95,26,0,1,2,1,0,0.0,4,1,5062,0,1,16,0,0,0,2,1
35,15,0,1,1,1,1,0.114285714,0,87,7966,0,1,8,0,0,0,2,1
82,17,0,1,3,0,0,0.0,0,182,8145,12364,0,12,0,0,1,0,0
81,12,0,0,2,1,0,0.061728395,1,4,1852,0,1,12,0,0,1,1,1
31,24,0,1,3,0,0,0.0,0,132,4839,0,0,6,0,0,0,2,0
19,11,0,1,2,0,0,0.1578947369999999,0,45,1154,0,0,6,0,0,0,2,1
25,17,0,0,1,0,0,0.0,0,34,1464,0,0,4,0,0,0,2,1
32,24,0,1,2,0,0,0.0,0,127,5807,223826,0,6,0,0,1,2,0
37,23,0,1,3,0,0,0.0,0,31,-1,0,1,8,0,0,0,0,1
21,7,0,0,1,0,0,0.047619048,0,37,-1,469408,1,5,0,0,2,0,1
89,22,1,1,3,0,0,0.258426966,1,0,359,0,0,13,0,0,0,2,1
82,16,1,1,3,1,0,0.256097561,2,55,2585,0,1,10,0,0,1,2,1
38,22,0,1,2,1,0,0.026315789,0,0,3608,0,1,7,0,0,0,2,1
25,16,0,0,2,0,0,0.08,0,53,7061,254648,0,6,0,0,0,2,0
41,17,0,1,2,1,0,0.0,2,0,6302,0,1,9,0,0,0,2,1
141,36,0,0,2,1,1,0.04964539,1,19,8019,0,1,19,0,0,0,1,1
87,21,1,1,2,0,0,0.229885057,0,64,3205,0,1,10,0,0,1,3,1
416,16,0,0,2,0,0,0.122596154,1,7,4011,2070798,1,8,0,0,0,1,1
58,24,0,1,2,0,0,0.0862068969999999,0,1,-1,48274,1,12,0,0,0,2,1
96,14,0,0,3,0,0,0.041666667,0,5,5158,114,1,15,1,1,0,0,0
32,23,0,0,2,1,0,0.0,1,141,4870,0,0,7,0,1,0,2,1
23,15,0,1,2,0,0,0.0,0,76,3685,189868,0,6,0,0,1,0,0
17,9,0,1,1,0,0,0.0,0,300,954,334510,0,5,0,0,1,1,0
42,34,0,0,2,0,1,0.0,0,14,7295,0,1,5,1,0,0,1,1
72,19,0,0,3,0,1,0.0,0,0,1083,0,1,13,0,1,0,1,1
33,11,0,1,2,0,0,0.0,0,0,4886,0,1,8,0,0,0,2,1
41,32,0,0,2,1,0,0.0,0,1,7087,0,1,7,0,0,0,2,1
25,14,0,1,1,0,0,0.0,0,0,2729,0,1,6,0,0,0,2,1
105,21,1,1,1,0,0,0.152380952,0,20,168,0,1,8,0,0,1,1,1
47,15,0,1,2,0,0,0.0,1,87,994,0,1,9,0,0,1,1,1
110,19,1,1,2,0,0,0.236363636,0,1,-2,0,1,8,0,0,3,2,1
33,26,0,1,2,0,1,0.03030303,0,14,7295,0,1,5,1,0,1,1,1
60,15,0,1,3,0,0,0.016666667,0,117,8970,10654,1,10,0,1,2,0,0
26,18,0,1,2,0,0,0.076923077,0,0,70,4299359,1,6,0,0,0,2,1
23,15,0,1,2,0,0,0.0,0,38,1080,0,0,6,0,0,1,2,1
27,11,0,0,1,0,0,0.0,0,0,5495,0,1,7,0,0,0,2,1
43,10,0,0,1,0,0,0.0,0,166,4673,91,0,7,1,0,0,0,0
88,21,0,1,2,1,0,0.011363636,2,0,4397,0,1,13,0,0,0,2,1
46,24,0,1,1,1,0,0.0,0,32,2772,332800,0,7,0,0,1,1,0
27,11,0,1,2,0,0,0.0,1,175,-1,3245904,0,7,0,0,3,2,0
35,19,0,1,2,0,0,0.057142857,0,0,4078,811407,0,7,0,0,0,3,0
40,16,0,1,2,0,0,0.0,1,63,3605,1137979,1,7,0,0,1,2,1
41,14,0,1,3,0,0,0.097560976,0,629,7160,2336,0,9,0,0,2,2,0
71,19,0,0,3,1,0,0.0,0,145,-1,13480,0,11,0,0,0,1,0
145,24,1,0,1,0,0,0.206896552,0,0,12,0,1,21,0,0,0,2,1
126,10,0,1,3,1,0,0.03968254,0,19,2204,5039553,1,18,0,0,0,2,1
31,23,0,1,2,0,0,0.0,0,30,2271,1181420,0,6,0,0,1,2,0
27,18,0,0,2,0,0,0.0,0,59,-1,31388,0,6,0,0,0,2,0
106,17,1,1,3,0,0,0.301886792,0,0,3080,0,1,19,0,0,3,1,1
45,18,0,1,3,0,0,0.0,0,7,5088,0,1,8,0,0,0,1,1
39,15,0,0,3,1,0,0.025641026,1,18,3822,0,1,9,0,0,0,1,1
55,13,0,1,3,0,0,0.0,0,1,4019,0,1,9,0,0,1,1,1
40,21,0,0,2,0,0,0.075,0,125,-1,255151,0,7,0,1,2,2,0
46,21,0,1,2,1,0,0.0,0,145,7846,155617,0,9,0,0,1,2,0
24,16,0,1,2,0,0,0.0,0,127,3887,985551,0,6,0,0,1,1,0
32,24,0,1,1,1,1,0.0,0,0,261,0,1,6,0,0,0,2,1
26,17,0,0,2,0,0,0.0,0,125,-1,116234,0,6,0,0,0,0,0
73,25,0,1,3,0,0,0.04109589,0,1,1535,4641,1,10,0,0,0,2,1
27,17,0,1,2,0,0,0.0,0,0,3291,726703,0,6,0,0,1,0,0
54,11,0,0,1,0,0,0.0,0,104,2358,303318,0,11,0,0,0,2,0
48,24,0,1,3,0,0,0.0,0,86,5636,109101,0,7,0,0,1,1,0
25,16,0,0,3,0,0,0.04,0,84,-1,40203,0,7,0,0,0,2,0
74,21,0,1,2,1,0,0.054054054,3,0,1639,0,1,14,0,0,0,2,1
53,15,0,1,3,0,0,0.132075472,0,1,10262,76908,0,13,0,0,0,1,0
35,28,0,1,2,0,1,0.028571429,0,14,7295,0,1,5,1,0,1,1,1
28,19,0,0,2,0,0,0.0,0,20,7531,0,0,6,0,0,1,2,1
68,21,0,1,3,0,0,0.0,3,4,1905,0,1,12,1,1,1,1,1
39,19,0,0,1,1,0,0.0,0,0,214,0,1,7,0,0,0,2,1
48,7,0,0,1,0,0,0.104166667,0,0,2521,632751,1,8,0,0,1,1,1
92,73,0,1,3,0,0,0.0,1,0,467,0,1,36,1,1,0,2,1
96,19,0,1,3,0,0,0.083333333,0,237,8756,944,0,19,0,0,1,1,0
66,19,0,1,3,0,0,0.0,0,33,82,9795924,1,12,0,0,2,2,1
27,19,0,1,2,0,0,0.0,0,0,-1,0,0,6,0,0,0,2,1
25,17,0,1,3,0,0,0.0,0,171,-1,347090,0,7,0,0,1,1,0
35,27,0,1,3,0,0,0.0,0,1,-1,0,0,7,0,0,1,1,1
162,15,1,0,3,0,0,0.209876543,1,7,-1,784159,1,22,0,1,0,2,1
52,12,0,1,3,0,0,0.0,1,58,-1,0,1,14,0,0,2,2,1
44,25,0,0,2,0,1,0.0,0,295,8188,20773,0,7,0,0,0,0,0
62,18,0,1,2,1,0,0.0,0,59,-1,0,1,13,0,0,1,2,1
74,18,0,1,3,1,0,0.0,3,53,1681,0,1,12,0,0,0,2,1
65,16,0,1,2,0,0,0.0,0,211,7838,4087,0,11,0,0,1,0,0
75,16,0,1,3,0,0,0.16,1,4,3150,715511,1,14,0,0,1,1,0
129,16,0,1,2,0,0,0.007751938,0,166,2194,192737,0,23,0,0,1,0,0
29,11,0,0,1,0,0,0.0,0,25,7491,63,0,5,1,0,0,2,0
68,40,0,1,3,0,0,0.029411765,0,4,-1,0,1,11,0,0,1,1,1
80,27,1,0,3,0,0,0.325,0,73,152,5008870,1,8,0,0,0,1,1
82,17,0,1,2,0,0,0.012195122,0,156,5133,1315,0,17,0,0,1,1,0
85,11,0,1,2,1,0,0.023529412,2,9,-1,0,1,16,0,0,0,1,1
24,15,0,0,2,0,0,0.0,0,101,8416,263599,0,6,0,0,0,0,0
106,20,0,0,3,0,0,0.047169811,0,4,274,0,1,12,0,0,1,1,1
101,37,1,1,2,0,0,0.198019802,0,33,2105,0,1,10,0,0,0,2,1
25,17,0,1,2,0,0,0.0,0,108,8360,1490065,0,6,0,0,0,0,0
43,27,0,1,3,0,0,0.11627907,0,0,7847,2299843,1,8,0,0,0,1,1
27,18,0,0,2,0,1,0.0,0,137,-1,1191539,0,6,0,0,1,2,0
37,29,0,1,3,0,0,0.0,0,19,-1,0,1,7,0,0,1,1,1
28,19,0,0,2,0,0,0.0,0,30,4366,227305,0,6,0,0,0,2,0
83,17,0,0,3,0,0,0.048192771,0,46,133,0,1,12,0,1,0,2,1
54,16,0,0,2,0,0,0.0,1,149,7130,12,0,9,1,0,0,2,0
26,19,0,1,2,0,0,0.0,0,87,4544,179929,0,5,0,0,1,2,0
80,35,0,1,3,0,0,0.0375,0,14,7463,0,1,17,0,0,0,1,0
62,19,0,0,2,1,0,0.0,0,139,9104,7022,0,11,0,0,0,2,0
119,17,0,1,2,0,0,0.0,0,0,12126,1001,1,20,1,0,3,0,0
65,24,0,1,3,0,1,0.0,0,335,7230,54048,0,10,0,0,1,1,0
153,25,1,0,2,0,0,0.45751634,0,10,736,0,1,29,0,0,2,1,1
124,46,1,0,3,0,0,0.129032258,0,51,3992,5697976,1,19,0,1,0,2,1
56,23,0,0,2,1,0,0.035714286,0,255,7835,600,1,10,0,0,0,0,0
41,34,0,1,2,0,1,0.0,1,16,7295,0,1,5,1,0,1,1,1
23,14,0,0,2,0,0,0.0,0,59,-1,10459499,0,6,0,0,0,2,0
52,25,0,1,3,0,0,0.115384615,0,24,7529,23368,1,9,0,0,0,1,1
25,18,0,1,2,0,0,0.08,0,0,260,0,1,5,0,1,0,2,1
26,14,0,1,2,0,0,0.076923077,1,45,2114,10213721,1,7,0,0,1,2,1
28,20,0,1,2,0,0,0.0,0,101,4349,4899762,0,6,0,0,1,2,0
67,11,0,1,3,0,0,0.089552239,1,15,-1,4429323,1,13,0,0,0,2,1
33,14,0,0,2,0,0,0.242424242,0,8,1953,4365,1,6,0,1,0,1,1
63,16,0,1,2,0,0,0.0,0,211,7838,4087,0,11,0,0,1,0,0
46,7,0,0,2,0,0,0.086956522,0,0,9256,21428,0,10,0,0,0,3,0
58,50,0,1,3,0,0,0.068965517,0,4,-1,0,1,11,0,0,0,1,1
31,22,0,0,2,0,0,0.0,0,65,1770,5116671,0,6,0,0,0,2,0
68,10,0,1,2,1,0,0.044117647,3,85,-1,9421973,1,12,0,0,0,1,1
92,27,0,1,3,0,0,0.043478261,0,122,8232,3883,1,11,0,0,2,2,0
45,14,0,1,2,1,0,0.111111111,0,170,-1,340,1,9,0,0,1,1,0
37,15,0,1,3,0,0,0.0,0,6,8922,309153,1,8,0,0,1,1,1
71,62,0,0,3,0,1,0.0845070419999999,0,4,5613,7198651,1,15,0,0,0,1,1
31,23,0,1,2,0,1,0.0,0,16,7296,10098991,0,6,1,0,0,1,0
43,16,0,0,2,0,0,0.0,2,19,8346,1,0,8,1,0,0,1,1
23,7,0,0,1,0,0,0.0,0,57,922,11493,1,5,0,0,1,1,1
35,23,0,1,2,0,0,0.0,0,31,-1,9169065,0,7,0,0,0,1,0
48,15,0,1,2,0,0,0.0,0,213,5883,181,0,10,0,0,1,2,0
29,21,0,1,2,0,0,0.0,0,166,4310,0,1,6,1,0,1,1,1
24,16,0,1,3,0,0,0.0,0,233,-1,26630,0,7,0,0,1,2,0
76,50,1,1,3,1,0,0.105263158,0,51,3992,5697976,1,10,0,1,1,2,1
54,15,0,0,2,0,1,0.0,0,289,9285,121,0,10,1,0,0,0,0
35,15,0,1,2,0,0,0.0,0,268,6073,14411,0,8,0,0,1,2,0
28,19,0,0,2,0,0,0.0,0,163,8590,156067,0,6,0,0,0,0,0
22,14,0,1,2,0,1,0.0,0,611,8433,11085,0,6,0,0,1,1,0
28,19,0,0,2,0,0,0.035714286,0,148,7772,0,0,6,0,0,0,1,0
36,28,0,1,2,0,0,0.0,0,119,3459,0,0,6,0,0,0,2,0
35,26,0,0,2,0,1,0.0,0,14,7295,0,1,6,1,0,0,1,1
71,20,0,1,3,0,0,0.0,2,12,7802,0,1,13,0,0,0,1,1
29,20,0,0,2,0,0,0.0,1,0,5158,0,1,6,1,0,0,2,1
31,22,0,0,2,1,0,0.0,0,112,5065,3482258,0,7,0,0,0,2,0
373,35,0,0,3,0,0,0.131367292,0,23,804,0,1,15,0,0,0,1,1
37,20,0,0,1,0,0,0.081081081,0,439,6474,179070,0,6,0,0,0,2,0
84,19,0,1,3,0,0,0.047619048,0,0,6670,1853177,0,14,0,0,0,3,0
26,18,0,1,2,0,0,0.038461538,0,58,7126,1750280,0,6,0,0,1,0,0
128,50,1,0,3,1,0,0.171875,0,51,3992,5697976,1,19,0,1,0,2,1
41,16,0,0,2,0,0,0.0,0,427,7131,12,0,8,1,0,0,1,0
80,15,1,1,2,0,0,0.2625,0,1,144,0,1,9,0,0,0,2,1
19,10,0,0,1,0,0,0.0,0,174,2421,3186945,0,5,0,0,0,0,0
79,16,0,1,2,0,0,0.0,0,68,-1,311774,0,14,0,0,1,1,0
32,23,0,0,2,0,0,0.0,0,70,1137,1578580,1,6,0,0,1,1,0
21,13,0,1,2,0,0,0.0,0,1,2389,5961020,1,6,0,0,0,2,0
52,20,0,1,3,0,1,0.0,0,32,4396,0,1,9,0,0,0,2,1
98,14,1,1,3,0,0,0.316326531,1,1,-1,0,1,16,0,1,2,2,1
73,13,0,0,2,0,0,0.0,0,17,7423,289,1,12,0,1,0,0,0
65,26,0,1,2,1,0,0.092307692,2,22,2300,0,1,13,0,0,2,2,1
50,15,0,1,3,0,0,0.0,0,124,7371,1303460,1,9,0,0,2,2,0
57,23,0,0,2,1,0,0.035087719,0,264,7838,606,1,10,0,1,0,0,0
77,14,1,1,2,0,0,0.311688312,0,0,-1,0,1,9,0,0,0,2,1
101,37,1,1,2,0,0,0.178217822,0,33,2105,0,1,10,0,0,0,2,1
162,11,1,1,3,0,0,0.265432099,1,11,1015,0,1,21,0,0,0,1,1
52,25,0,1,3,0,0,0.0,0,3,1707,0,1,8,0,0,1,1,1
22,13,0,0,2,0,0,0.0,0,84,2687,257184,0,6,0,0,0,0,0
91,21,0,1,1,0,0,0.0,0,49,-1,505901,0,12,0,0,2,1,0
20,13,0,1,1,0,0,0.0,0,36,-1,355294,0,5,0,0,1,1,0
55,23,0,1,2,0,0,0.072727273,0,9,7300,322560,0,9,0,0,0,1,1
101,37,1,1,2,0,0,0.148514851,0,33,2105,0,1,10,0,0,0,2,1
68,9,0,1,3,0,0,0.014705882,2,1,2024,0,1,15,0,0,0,2,1
43,15,0,0,2,0,0,0.069767442,0,52,5636,2,0,8,1,0,0,1,0
24,16,0,1,2,0,1,0.0,0,377,-1,0,0,6,0,0,0,1,0
44,35,0,0,2,0,1,0.0,0,13,7298,1743645,0,6,1,0,0,2,0
23,15,0,1,2,1,0,0.0,0,53,1829,2007975,0,7,0,0,0,2,0
37,28,0,0,2,0,0,0.0,0,207,7448,2386367,0,6,1,0,0,2,0
24,15,0,0,2,0,0,0.0,0,227,5938,412706,0,6,0,0,0,0,0
125,50,1,0,3,1,0,0.144,0,51,3993,5707171,1,18,0,1,1,2,1
164,21,1,1,3,1,0,0.201219512,4,19,1639,0,1,24,0,0,1,1,1
83,16,0,0,2,0,0,0.012048193,0,883,7211,38097,1,13,0,0,2,1,0
34,27,0,1,2,0,1,0.0,0,14,7295,0,1,5,1,0,1,1,1
41,32,0,0,2,0,0,0.0,0,56,7449,0,0,6,1,0,0,1,0
45,10,1,1,2,1,0,0.222222222,0,0,199,0,0,8,0,0,0,1,1
32,23,0,0,2,0,1,0.1875,0,14,7295,0,1,6,1,0,0,1,1
77,18,0,0,3,0,0,0.012987013,0,1,59,0,1,13,0,1,0,1,1
87,21,0,0,2,0,0,0.091954023,0,120,7448,0,0,15,1,0,0,1,0
33,26,0,1,2,0,1,0.03030303,0,14,7295,0,1,5,1,0,1,1,1
42,21,0,1,2,0,0,0.0,0,39,5555,2199484,0,8,0,0,1,2,0
95,43,0,1,3,0,1,0.126315789,0,39,7298,0,1,13,1,0,0,1,1
22,14,0,1,2,0,0,0.0,0,212,7371,1394111,0,6,0,0,2,1,0
74,24,0,0,3,0,0,0.081081081,0,455,5444,0,1,12,1,0,1,2,0
30,16,0,1,2,0,0,0.0,0,87,9328,1429,0,7,1,0,1,1,0
54,14,0,1,3,1,0,0.0,0,10,-2,0,1,11,0,0,0,1,1
97,13,0,1,2,0,0,0.051546392,0,145,12539,812,1,15,1,0,2,2,0
34,26,0,1,2,0,1,0.117647059,0,15,7296,0,1,6,1,0,1,1,1
58,16,0,1,2,1,0,0.0,0,59,9318,724,0,10,0,0,1,2,0
33,14,0,0,2,0,0,0.151515152,0,8,1953,4365,1,6,0,0,0,1,1
30,22,0,1,2,1,0,0.0,0,36,-1,0,0,7,0,0,0,1,0
58,17,0,1,1,0,0,0.0,0,154,3263,210462,0,9,0,0,1,2,0
58,25,0,1,2,0,0,0.0862068969999999,0,75,7156,2272,1,10,0,1,1,2,0
25,16,0,0,2,0,0,0.0,0,131,6640,32190,0,6,0,0,0,1,0
160,20,0,1,2,0,0,0.2625,1,32,3052,0,1,45,0,0,1,2,1
39,13,1,0,1,0,0,0.307692308,0,190,-2,196674,1,6,0,0,0,1,0
91,18,0,1,2,0,0,0.0,0,96,4491,2895,1,15,0,0,2,1,0
123,46,1,0,3,0,0,0.178861789,0,51,3993,5707171,1,18,0,1,1,2,1
31,13,0,1,1,0,0,0.0,0,0,-2,0,1,8,0,0,0,2,1
62,13,0,1,2,1,0,0.0161290319999999,2,1,1853,0,1,13,0,0,0,1,1
22,14,0,1,2,0,0,0.0,0,48,-1,0,0,6,0,0,1,0,0
67,19,0,1,3,0,0,0.059701493,1,12,-1,0,1,9,0,0,0,1,1
118,12,1,1,3,1,0,0.237288136,0,503,798,0,1,17,1,1,3,2,1
83,28,0,0,3,0,0,0.108433735,0,0,7448,385,1,14,1,0,0,3,0
41,16,0,1,2,0,0,0.0,0,55,2391,1652,0,7,0,0,0,1,0
55,20,0,0,3,0,1,0.0,0,118,6302,6171,0,9,0,0,0,1,0
62,15,0,0,3,0,0,0.241935484,0,142,11556,609,1,13,1,0,0,0,0
19,11,0,1,1,0,0,0.0,0,11,1891,23773,0,5,0,0,2,0,0
20,13,0,1,2,0,0,0.0,0,12,817,0,0,5,0,0,0,0,0
54,19,0,0,2,1,1,0.0,0,177,10674,23,1,9,1,0,1,1,0
45,23,0,1,3,0,0,0.066666667,0,6,8927,0,1,10,0,0,0,1,1
17,10,0,1,2,0,0,0.0,0,116,-1,219997,0,5,0,0,0,2,0
29,15,0,0,2,0,0,0.0,0,11,4165,0,0,6,0,0,2,2,1
49,20,0,1,2,0,0,0.0,0,16,4648,0,1,9,0,0,0,1,1
21,6,0,1,1,0,1,0.047619048,0,14,-1,3536,0,5,0,0,2,1,1
42,20,0,0,3,0,0,0.047619048,0,9,1338,22211,1,7,0,0,0,0,1
35,14,1,1,3,0,0,0.314285714,0,37,-1,0,1,9,0,1,0,1,1
140,33,1,0,2,1,1,0.071428571,0,26,8019,0,0,18,0,1,1,1,1
32,23,0,0,2,0,0,0.0,0,127,2301,22884,0,6,0,0,0,1,1
28,21,0,1,2,0,0,0.0,0,24,7174,0,1,5,0,0,0,1,1
76,50,1,1,3,1,0,0.065789474,0,51,3993,5707171,1,10,0,1,1,2,1
51,35,1,1,3,0,1,0.274509804,0,21,5616,0,1,9,0,0,0,2,1
50,12,0,1,3,0,0,0.0,0,4,2022,0,1,9,0,0,1,1,1
40,25,0,1,2,0,0,0.0,0,219,6257,689,0,6,0,0,1,2,0
15,8,0,1,1,0,0,0.0,0,14,-1,69514,0,4,0,0,0,0,0
66,26,0,1,3,0,0,0.0,0,132,7519,10724,0,9,0,0,0,1,0
100,20,1,0,3,1,0,0.28,3,0,959,37229,1,12,0,0,0,2,1
32,20,0,1,2,0,0,0.125,0,269,7623,62972,1,6,0,0,1,1,0
97,21,0,1,2,1,0,0.0,0,18,5257,2368887,0,13,0,0,0,1,0
67,10,0,1,2,1,0,0.044776119,3,104,-1,9421973,1,12,0,0,0,1,1
45,14,0,0,2,0,0,0.044444444,0,346,5157,114,1,9,1,0,0,0,0
226,21,1,1,3,0,0,0.469026549,1,5,1847,0,1,16,0,0,1,2,1
57,18,0,1,1,0,0,0.0,0,66,3271,0,1,8,0,0,1,1,1
73,12,0,1,1,0,0,0.109589041,0,48,5001,6798,0,14,0,1,1,2,0
62,44,1,1,3,0,1,0.177419355,2,21,5615,0,1,9,0,0,0,2,1
23,14,0,0,3,0,0,0.0,0,202,-1,36113,0,7,0,0,0,1,0
55,13,0,1,3,1,0,0.0,2,0,-1,72947,1,10,0,0,0,2,1
42,17,0,1,2,0,0,0.0,0,311,9186,317,0,7,0,0,1,0,0
21,14,0,1,2,0,0,0.0,0,12,7446,0,1,5,0,0,0,1,1
149,32,0,0,3,0,1,0.120805369,0,19,5612,0,1,15,0,0,0,2,1
30,22,0,1,2,0,1,0.1,0,44,7298,0,0,6,1,0,0,2,0
77,23,1,1,1,0,0,0.25974026,0,30,5767,0,1,7,0,0,1,1,1
34,16,0,0,2,0,0,0.0,0,111,8519,8,0,6,1,0,0,0,0
46,16,0,0,2,0,0,0.0,0,200,7134,12,0,8,1,0,0,1,0
47,16,0,0,3,0,0,0.0,1,12,4846,0,1,8,0,1,3,2,1
202,18,0,1,2,0,0,0.118811881,0,7,2614,0,1,9,0,0,1,2,1
65,24,1,0,1,1,0,0.123076923,2,0,597,2251515,1,10,0,0,0,2,1
99,24,0,1,3,0,1,0.0,0,137,7805,6377,0,14,0,0,2,1,0
47,22,0,0,2,0,0,0.042553191,0,96,3320,1038201,1,9,0,0,1,2,1
57,20,0,1,1,0,0,0.035087719,0,9,1792,0,1,9,0,0,1,1,1
98,26,1,1,2,1,0,0.255102041,2,22,2300,0,1,14,0,0,2,2,1
22,13,0,0,1,0,0,0.0,0,200,-1,0,1,5,0,0,1,2,1
93,21,0,0,2,0,0,0.0,0,324,8075,89130,0,13,0,1,1,1,0
58,19,0,1,1,0,0,0.103448276,0,0,5375,0,1,11,0,0,0,2,1
55,16,1,0,2,0,0,0.163636364,2,1,8348,1,1,8,1,0,2,0,1
73,21,0,1,3,0,0,0.0821917809999999,0,0,3032,0,1,11,0,0,0,2,1
94,24,0,0,2,0,0,0.095744681,0,124,7446,0,0,17,1,0,0,1,0
155,22,0,1,3,1,1,0.025806452,3,4,3403,0,1,24,0,0,1,1,1
202,13,1,0,2,0,0,0.376237624,1,84,1496,2979260,1,15,0,0,1,0,1
49,19,0,1,2,1,0,0.0,0,243,5749,3741,0,8,0,0,1,1,0
43,16,0,0,2,0,0,0.0,0,13,6472,72,0,8,1,0,0,0,0
26,18,0,1,2,0,0,0.0,0,10,8001,4852003,0,6,0,0,0,1,0
32,24,0,1,2,0,1,0.0,0,74,3734,218434,0,6,0,0,1,2,0
79,25,0,1,2,0,0,0.101265823,0,45,4174,1139933,0,13,0,0,0,1,0
41,18,0,1,2,0,0,0.0,0,120,9204,690,0,7,0,0,1,0,0
28,20,0,1,2,0,0,0.0,0,27,-1,0,0,6,0,0,0,1,0
81,27,1,1,2,0,0,0.271604938,0,30,5767,0,1,8,0,0,1,1,1
67,25,0,0,3,0,0,0.0,0,53,-1,8794781,1,9,0,1,1,2,1
118,26,0,1,2,1,0,0.042372881,4,42,2058,0,1,17,0,0,1,1,1
57,16,0,0,2,0,0,0.0,0,600,7133,12,0,9,1,0,0,1,0
23,16,0,1,1,0,1,0.0,0,15,77,0,1,5,0,0,0,0,1
124,29,0,1,3,1,0,0.0,0,0,4235,0,0,17,0,0,0,3,0
25,17,0,1,2,0,0,0.0,0,8,104,63985,1,6,0,0,0,1,1
38,25,0,1,2,1,1,0.0,0,0,167,0,1,7,0,0,0,2,1
43,19,0,1,3,0,0,0.0,0,61,5311,39203,0,7,0,0,1,1,0
35,27,0,1,2,0,0,0.0,1,15,3100,0,1,6,0,0,0,1,1
38,13,0,1,3,0,0,0.052631579,0,18,4335,0,0,9,0,0,0,1,0
28,13,0,1,3,0,0,0.0,0,30,-1,0,1,7,0,0,0,1,1
53,15,0,1,2,0,0,0.0,0,253,5885,183,0,10,0,0,1,1,0
34,25,0,0,2,1,0,0.0,0,1,2837,0,1,7,0,0,0,1,1
169,21,1,1,3,1,1,0.153846154,2,23,4284,0,1,19,0,0,2,2,1
102,6,1,0,3,0,0,0.362745098,0,0,-1,24,0,19,0,0,1,2,1
65,17,0,1,2,0,0,0.030769231,1,0,3339,7115751,1,11,0,0,0,2,1
31,22,0,0,3,0,0,0.0,0,161,-1,0,0,7,0,0,0,2,0
71,15,0,1,3,1,0,0.0,1,130,9684,81,1,12,1,0,2,2,0
49,16,0,0,3,0,0,0.0,0,10,6667,0,1,10,0,0,0,2,1
29,20,0,0,2,0,0,0.0,0,72,7701,2091878,0,6,0,0,0,2,0
40,18,0,1,3,0,0,0.025,0,74,5088,0,1,8,0,0,2,1,1
52,17,0,1,2,0,0,0.0,2,0,4966,0,1,10,0,0,0,2,1
97,17,0,1,2,1,0,0.0,4,6,4609,0,1,16,0,0,0,1,1
99,16,0,1,2,0,0,0.0,0,213,7841,3990,0,15,0,1,1,0,0
70,15,0,1,3,0,0,0.0,1,0,9619,7857,1,12,1,0,1,3,0
29,22,0,1,2,0,0,0.0,0,6,7412,1561104,1,5,0,0,0,0,1
35,26,0,0,2,1,0,0.0,1,31,4492,0,0,7,0,0,0,2,1
58,22,0,1,2,1,0,0.034482759,0,9,4250,0,1,12,0,0,0,1,1
65,16,0,1,3,0,0,0.0,0,76,7197,2202,0,9,0,0,1,0,0
44,37,0,1,2,0,1,0.022727273,0,14,7295,0,1,5,1,0,1,1,1
20,11,0,0,2,0,0,0.0,0,0,-1,428989,0,6,0,0,0,2,0
81,20,0,1,2,0,0,0.0,2,14,4505,2264501,1,10,0,0,1,2,1
37,16,0,0,2,0,0,0.0,0,115,7133,12,0,8,1,0,0,0,0
77,23,0,1,3,0,0,0.0779220779999999,0,938,5379,684852,0,13,0,0,1,1,0
74,23,0,0,3,0,0,0.0,0,63,5345,25822,0,10,0,0,0,1,0
73,41,0,0,3,0,1,0.04109589,1,22,5616,5528499,1,14,0,0,0,2,1
25,18,0,1,2,0,0,0.08,0,12,7253,943419,1,5,0,0,0,1,1
45,14,1,1,3,0,0,0.177777778,0,100,7159,2320,1,9,0,0,2,2,0
29,22,0,1,2,0,1,0.068965517,0,14,7295,0,1,5,1,0,1,1,1
51,18,0,1,2,0,0,0.0,0,92,6512,3819,0,9,0,0,1,0,0
28,21,0,1,3,0,0,0.107142857,0,32,2078,239539,0,6,0,0,1,1,1
43,11,0,1,2,0,0,0.0,1,12,-1,0,1,8,0,1,0,0,1
62,10,1,1,1,0,0,0.290322581,0,48,-1,0,1,7,0,0,1,2,1
38,30,0,1,2,0,0,0.0,0,73,691,0,1,6,0,0,3,2,1
68,20,0,1,3,0,0,0.0,0,482,9261,4967,0,12,0,0,1,2,0
26,18,0,1,2,0,0,0.0,1,939,1072,1245486,0,6,0,0,0,2,0
32,22,0,1,2,0,0,0.0,0,23,-1,0,1,6,0,0,0,2,1
32,23,0,0,2,0,0,0.0,0,108,1138,0,0,6,0,0,0,2,0
93,17,0,0,3,0,0,0.010752688,1,0,9227,2723,0,16,0,1,0,3,0
31,23,0,1,2,1,0,0.0,0,0,229,0,1,7,0,0,0,2,1
27,19,0,1,3,0,0,0.0,0,12,-1,0,1,7,0,0,0,2,1
91,18,1,1,2,1,0,0.164835165,3,57,254,0,1,11,0,0,1,2,1
34,27,0,1,2,0,1,0.029411765,0,14,7295,0,1,5,1,0,1,1,1
38,17,0,1,2,0,0,0.0,0,155,9184,316,0,7,0,0,1,0,0
91,19,0,0,3,0,0,0.120879121,0,43,134,1510715,1,11,0,0,0,2,1
34,13,0,1,1,0,0,0.0,0,0,3129,9894188,1,7,0,0,0,2,1
39,25,0,1,2,0,0,0.0,0,98,1850,0,1,7,0,0,0,2,1
34,15,0,1,2,1,0,0.0,0,335,1596,180784,0,8,0,0,1,0,0
23,16,0,1,2,0,0,0.043478261,0,39,5232,0,0,5,0,0,0,1,0
20,12,0,1,2,0,0,0.0,0,50,6091,7223668,0,6,0,0,1,1,0
37,10,0,1,1,0,0,0.0,0,0,6615,0,1,6,0,1,0,2,1
54,18,0,1,3,0,0,0.0,0,4,-1,0,1,10,0,0,1,1,1
35,19,0,1,2,0,0,0.0,0,46,8869,3137054,0,7,0,0,1,1,0
42,22,0,1,2,1,0,0.0,0,31,3724,110473,0,8,0,0,0,1,0
46,27,0,0,2,0,0,0.0,0,111,6989,2203390,0,6,0,0,0,2,0
34,21,0,1,1,0,0,0.0,0,384,1773,8134,0,5,0,0,1,1,0
88,28,0,1,3,0,0,0.079545455,0,49,2494,1084759,0,16,0,0,1,1,0
87,12,0,1,3,0,0,0.091954023,0,0,8733,0,1,14,0,0,1,3,0
56,28,0,1,2,0,0,0.0,0,8,4377,0,0,8,0,0,0,2,1
29,21,0,1,2,0,0,0.0,0,38,1882,7574859,0,6,0,0,1,1,0
40,32,0,1,2,0,0,0.025,0,1,7086,18263,1,6,0,0,0,2,1
26,17,0,0,2,0,0,0.0,0,119,6232,4191233,0,6,0,0,0,1,0
45,16,0,1,2,0,0,0.0,2,30,8349,1,0,7,1,0,2,1,1
70,17,0,0,2,0,0,0.0,0,67,1925,2709,0,12,0,0,0,1,0
76,12,0,0,3,0,0,0.078947368,0,52,10127,154327,1,12,0,0,1,2,0
30,22,0,1,2,0,0,0.0,0,103,7055,2779826,1,6,0,0,1,2,1
77,23,1,1,1,0,0,0.285714286,0,30,5767,0,1,7,0,0,1,1,1
128,50,1,0,3,1,0,0.15625,0,4,4003,5828815,1,19,0,1,1,1,1
61,13,0,1,2,0,0,0.049180328,0,0,3630,0,1,12,0,0,0,2,1
83,12,0,1,1,0,1,0.096385542,0,22,-1,29784,0,16,0,0,1,0,0
102,27,0,0,2,1,1,0.117647059,0,26,8019,0,1,14,0,0,1,1,1
200,19,0,0,2,1,0,0.025,0,50,-1,0,1,17,0,0,0,1,1
33,24,0,0,3,0,0,0.0,0,159,-1,3491656,0,7,0,0,0,2,0
24,16,0,1,2,0,0,0.0,0,101,3621,0,0,6,0,0,0,2,0
39,16,0,0,2,0,0,0.0,0,55,8519,8,1,7,1,0,0,0,0
73,22,0,1,3,0,0,0.0,0,179,12561,13756,0,13,0,0,1,2,0
32,23,0,0,2,0,0,0.0,0,60,1385,0,0,6,0,0,0,2,0
76,50,1,1,3,1,0,0.118421053,0,51,3993,5707171,1,10,0,1,1,2,1
119,11,0,1,3,0,0,0.0,0,382,-1,38929,1,19,0,0,2,0,0
127,50,1,1,3,1,0,0.125984252,0,51,3993,5707171,1,19,0,1,0,2,1
53,17,0,1,2,0,0,0.188679245,0,0,1426,0,1,9,0,0,0,2,1
43,12,0,1,1,0,0,0.023255814,0,63,-1,0,1,11,0,0,1,2,1
47,17,0,0,1,0,0,0.0,0,57,2146,1529081,0,8,0,0,0,2,0
148,15,0,0,3,0,1,0.060810811,0,11,6752,128623,1,21,0,0,1,1,1
24,15,0,0,2,0,0,0.041666667,0,21,2379,115241,0,6,0,0,0,0,0
30,23,0,1,2,0,0,0.0,0,31,5159,0,0,6,1,0,1,1,0
29,20,0,0,2,0,0,0.0,0,61,2790,7449250,0,6,0,0,0,2,0
87,17,0,1,3,0,0,0.0,0,8,6246,2419,0,15,0,0,1,1,0
144,46,1,0,3,0,0,0.291666667,0,282,9115,1333,1,13,0,1,0,2,1
54,16,0,1,3,0,0,0.0,0,87,7199,2243,0,9,0,0,1,0,0
18,4,0,0,1,0,0,0.055555556,0,1,-1,20083,1,5,0,0,0,2,1
58,26,0,1,3,0,0,0.0,0,112,7520,10724,0,8,0,0,0,1,0
30,15,0,1,2,0,1,0.0,0,63,7768,530145,0,7,0,0,2,2,0
105,17,0,1,3,1,0,0.0,4,6,4609,0,1,18,0,0,0,1,1
147,30,1,0,3,0,1,0.142857143,0,0,5660,6032,0,23,0,1,0,1,1
45,21,0,1,2,1,0,0.0,0,161,7159,2336,0,9,0,1,1,2,0
19,11,0,1,2,0,0,0.1578947369999999,0,45,-2,0,1,6,0,0,0,2,1
31,20,0,0,1,0,0,0.0,0,85,-1,0,1,5,0,0,3,2,1
69,42,1,0,3,0,0,0.15942029,0,4,4003,5828815,1,9,0,1,1,1,1
44,13,0,1,2,1,0,0.022727273,0,44,6974,276207,0,9,0,0,1,2,0
124,13,0,1,3,0,0,0.032258065,0,50,12122,1006,1,20,0,0,2,0,0
31,23,0,1,2,0,1,0.0,0,47,7298,0,0,6,1,0,0,2,0
100,18,1,1,3,1,0,0.21,3,59,243,0,1,13,0,0,0,2,1
41,33,0,1,3,1,0,0.0,0,30,7356,0,0,9,0,0,1,2,0
30,21,0,0,2,0,0,0.0,0,85,1960,5241816,0,6,0,0,0,2,0
58,40,0,1,3,0,1,0.051724138,3,22,5615,0,1,11,0,0,0,2,1
58,25,0,1,3,1,0,0.0,0,51,3751,0,0,10,0,0,1,1,0
28,20,0,1,2,0,0,0.0,0,59,-1,494317,0,6,0,0,1,2,0
126,61,1,1,3,0,0,0.285714286,0,37,1669,1961063,1,15,0,0,0,2,1
115,42,1,1,3,0,0,0.173913043,0,51,3992,5697976,1,16,0,1,1,2,1
107,19,1,1,2,1,0,0.186915888,3,88,2047,0,1,14,0,0,0,1,1
44,18,0,0,3,0,0,0.0,0,489,7129,12,1,9,1,0,0,0,0
63,16,0,1,2,0,1,0.0,0,124,4093,9868,0,10,0,0,0,1,0
36,27,0,0,3,1,0,0.0,1,0,7,0,1,8,0,0,0,2,1
51,15,0,0,2,0,0,0.039215686,0,52,-2,44417,1,9,0,0,0,1,0
132,16,1,0,3,0,0,0.03030303,0,9,7765,32,0,12,0,0,0,1,1
89,17,0,0,3,0,0,0.112359551,0,38,253,0,1,11,0,0,0,1,1
63,17,0,1,2,0,0,0.0,0,97,5132,1310,0,12,0,0,1,1,0
21,14,0,1,1,0,0,0.047619048,0,441,-1,6050809,0,4,0,0,1,2,0
46,30,0,1,2,0,0,0.043478261,0,0,7040,0,1,12,0,0,0,2,1
26,18,0,1,3,0,0,0.076923077,0,22,5720,559318,0,7,0,0,0,2,1
51,17,0,0,3,0,0,0.0,0,197,-1,93350,0,8,0,0,0,1,0
21,13,0,1,2,0,0,0.0,0,0,5909,903479,0,6,0,0,0,0,0
49,13,0,0,1,0,0,0.0,0,153,1478,25176,0,9,0,0,0,2,0
37,28,0,0,2,0,0,0.054054054,0,36,171,6322841,0,6,0,0,0,1,1
49,17,0,1,3,0,0,0.0,2,139,-1,0,1,11,0,0,3,2,1
43,24,0,0,2,0,0,0.0,0,116,6605,899,1,8,0,0,1,0,1
254,29,1,0,3,0,0,0.181102362,0,0,3378,3100263,1,11,0,1,0,2,1
58,32,0,1,3,1,0,0.0,1,99,70,0,1,9,0,0,0,2,1
38,22,0,0,2,0,0,0.0,1,41,-1,0,1,7,0,0,0,2,1
45,25,0,0,3,0,0,0.0,0,333,6156,709661,1,7,0,0,0,2,0
48,21,0,1,3,0,1,0.041666667,0,1361,2738,241138,0,10,0,0,0,2,0
144,33,0,0,2,1,1,0.0625,0,19,8018,0,1,20,0,1,0,2,1
100,18,1,1,3,1,0,0.2,3,59,254,0,1,13,0,0,0,2,1
49,16,0,0,2,0,0,0.0,0,533,7131,12,0,8,1,0,0,1,0
109,27,0,0,3,1,0,0.027522936,0,25,41,0,1,13,0,0,0,1,1
44,21,0,1,3,0,0,0.022727273,0,24,3718,4166420,1,8,0,0,3,2,1
40,31,0,0,2,1,0,0.075,0,45,1546,4669,1,7,0,0,0,1,1
43,14,0,1,3,0,0,0.139534884,0,164,7159,2320,1,9,0,0,2,1,0
33,12,0,0,3,0,0,0.0,0,297,-1,477855,0,8,0,1,0,1,0
43,25,0,0,3,0,1,0.0,0,83,5613,0,1,9,0,0,0,2,1
25,12,0,0,1,0,0,0.0,0,0,2139,2201073,1,5,0,0,1,2,1
38,16,0,1,2,0,0,0.052631579,0,24,-1,0,1,8,0,0,1,1,1
31,23,0,1,2,1,0,0.0,0,10,7765,0,1,7,0,0,1,1,1
33,25,0,1,2,1,0,0.0,0,0,784,2745991,1,7,0,0,0,1,1
36,19,0,0,2,0,0,0.0,0,0,1198,0,1,6,0,0,1,2,1
29,20,0,0,2,0,0,0.0,0,88,8153,621,0,6,0,0,0,1,0
91,16,0,1,1,1,0,0.0,2,118,2157,2030898,0,13,0,0,0,2,0
54,12,0,1,1,0,0,0.0,0,32,5000,6711,0,10,0,0,1,2,0
28,20,0,1,1,0,0,0.0,0,90,7962,628506,0,5,0,0,1,2,0
26,17,0,0,2,0,0,0.0,0,13,5445,6496,0,6,0,0,0,0,0
50,23,0,1,3,0,0,0.02,0,322,6858,660,0,9,0,0,2,2,0
41,16,0,0,2,0,0,0.0,0,1,4562,8152853,1,8,0,0,1,2,1
43,26,0,1,3,0,0,0.069767442,1,19,1547,4639,1,7,0,0,0,2,1
43,16,0,1,2,0,0,0.0,0,76,-1,78856,0,8,0,0,1,1,0
58,22,0,1,3,0,1,0.0,0,125,5046,379,0,9,0,0,0,1,0
406,26,0,1,2,0,0,0.169950739,0,4,3815,0,1,15,0,0,3,2,1
61,18,0,1,2,0,0,0.0,0,94,4487,2873,1,9,0,0,1,1,0
27,19,0,1,2,0,0,0.0,0,10,1298,0,1,6,0,0,0,2,1
31,23,0,1,2,0,0,0.0,0,137,-1,0,0,6,0,0,2,2,0
89,35,1,1,2,0,0,0.258426966,0,3,-1,326702,1,8,0,0,1,2,1
59,10,0,1,2,0,0,0.0,2,12,118,0,1,10,0,0,0,1,1
45,36,0,0,2,0,0,0.0,0,15,6342,0,1,8,0,0,0,1,1
33,22,0,1,1,0,0,0.0,0,0,3360,0,1,6,0,0,1,2,1
41,13,0,1,1,0,0,0.0,0,7,7967,7232787,1,8,0,0,1,1,1
294,34,1,0,3,1,1,0.183673469,0,11,8018,0,1,32,0,1,0,1,1
34,15,0,1,1,1,0,0.0,3,0,4216,0,0,7,0,0,1,0,1
32,17,0,1,2,0,0,0.0,0,146,9320,13,0,8,1,0,2,1,0
24,15,0,0,2,0,0,0.0,0,98,4316,137827,0,6,0,0,0,3,0
46,19,0,1,2,0,0,0.0,0,50,1841,0,1,8,0,0,1,2,1
22,14,0,1,2,0,0,0.0,0,295,7810,548264,0,6,0,0,0,0,0
264,18,1,0,3,1,0,0.242424242,0,41,419,8865136,1,17,0,0,1,1,1
20,13,0,1,1,0,0,0.1,0,60,-1,2639880,0,4,0,0,1,2,0
31,18,0,1,2,0,0,0.0,0,0,-1,0,1,6,0,0,1,2,1
62,16,0,0,2,0,0,0.0806451609999999,0,71,5826,34738,0,12,0,0,0,2,0
58,17,0,0,2,0,1,0.068965517,0,60,-1,93600,1,9,0,0,1,1,0
69,15,0,1,3,0,0,0.115942029,0,85,9802,73,1,14,0,0,0,0,0
159,33,0,1,3,0,0,0.06918239,1,19,3768,310424,0,12,0,0,3,1,1
51,17,0,1,2,0,0,0.0,0,178,8355,27711,0,9,0,0,1,1,0
41,17,0,1,3,0,0,0.0,0,6,8618,219006,0,8,0,0,0,1,0
81,14,0,1,3,0,0,0.0,0,0,1238,10469481,1,13,0,1,0,2,1
18,11,0,1,2,0,0,0.055555556,0,13,251,0,0,5,0,0,0,0,0
103,24,0,1,2,1,1,0.116504854,0,192,7119,32633,1,21,0,1,0,1,0
89,18,0,1,3,1,0,0.0,5,19,-1,0,1,16,0,0,0,1,1
54,12,0,1,3,0,0,0.018518519,1,12,-1,10288277,1,10,0,0,0,1,1
39,22,0,1,2,1,0,0.025641026,0,166,5908,14374,0,9,0,0,1,2,0
118,42,1,0,3,0,0,0.203389831,0,51,3992,5697976,1,18,0,1,0,2,1
86,11,1,0,2,1,0,0.081395349,2,30,384,0,1,15,0,0,1,1,1
39,16,0,1,3,0,0,0.128205128,0,2,6494,8156339,0,9,0,0,1,1,0
42,19,0,1,2,0,1,0.0,0,151,7721,1492,0,7,0,0,1,1,0
18,10,0,1,1,0,0,0.0,0,0,-1,10745722,0,5,0,0,1,2,0
43,15,0,0,2,0,0,0.069767442,0,52,5639,2,0,10,1,0,0,1,0
50,15,0,1,2,0,0,0.0,0,227,5884,181,0,9,0,0,1,1,0
24,16,0,1,2,0,0,0.0,0,14,2303,0,0,6,0,0,1,0,1
24,16,0,1,3,0,0,0.0,0,43,-1,0,0,7,0,0,1,1,0
17,5,0,0,1,0,0,0.117647059,0,0,-1,5918826,1,5,0,0,1,0,1
45,19,0,0,3,1,0,0.0,0,42,7477,2400373,0,9,0,0,0,1,1
34,25,0,0,2,0,1,0.0,0,84,6483,1719769,0,6,0,0,0,1,0
33,13,0,1,2,0,0,0.0,0,0,-1,8848199,1,7,0,0,0,1,0
41,27,0,1,2,1,0,0.0,0,0,3934,0,1,8,0,0,0,1,1
35,28,0,1,2,0,0,0.0,0,26,5160,0,0,6,1,0,1,2,0
38,19,0,1,3,0,0,0.0,0,20,8252,3232633,0,7,0,0,1,2,0
50,17,0,1,3,0,0,0.0,0,50,7986,348,1,9,1,0,1,0,0
49,19,0,0,2,0,0,0.0,0,16,2273,5471468,0,8,0,0,0,2,0
35,13,0,1,2,0,0,0.0,0,4,-1,0,1,7,0,1,1,1,1
38,25,0,0,2,1,0,0.0,0,66,5158,702523,0,10,1,0,0,1,0
50,14,0,1,2,0,0,0.0,0,0,10055,117625,0,9,0,0,1,3,0
75,19,0,0,2,0,0,0.16,0,53,9111,1103,0,14,0,0,0,2,0
54,17,0,0,2,0,0,0.0,0,62,7830,11021,0,10,0,0,0,0,0
45,14,1,1,3,0,0,0.177777778,0,167,7160,2336,1,9,0,0,2,2,0
21,14,0,1,1,0,0,0.0,0,18,-1,426788,0,4,0,0,0,2,1
268,26,0,1,3,0,0,0.145522388,0,1,7083,17964,1,14,0,1,0,2,1
25,16,0,0,2,0,0,0.0,0,90,1424,3257689,0,6,0,0,0,0,0
31,24,0,1,2,0,1,0.0,0,14,7295,0,1,5,1,0,1,1,1
202,11,1,1,2,1,0,0.336633663,3,22,340,0,1,16,0,0,0,1,1
33,24,0,0,2,0,1,0.0,0,14,7295,0,1,6,1,0,0,1,1
26,14,0,0,2,0,0,0.0,0,22,-1,200600,0,7,0,0,0,1,0
67,17,1,1,3,0,1,0.28358209,0,163,9635,148,0,13,1,0,1,1,0
77,20,0,0,3,0,0,0.012987013,1,12,-1,0,1,13,0,1,0,2,1
27,18,0,0,2,0,0,0.0,0,293,6919,486123,0,6,0,0,0,1,0
65,19,0,1,3,0,0,0.184615385,0,0,-1,40917,1,14,0,0,1,3,0
34,14,0,1,2,0,0,0.0,0,124,7276,265564,0,7,0,0,1,0,0
35,20,0,1,2,0,0,0.0,1,6,6362,10517682,1,10,0,0,0,1,1
42,13,0,1,2,0,0,0.047619048,1,41,1899,507771,0,9,0,0,0,1,1
34,27,0,1,2,0,0,0.0,0,145,6325,3951236,0,5,0,0,1,1,0
56,22,0,1,3,0,0,0.0,0,90,-1,711870,0,10,0,0,1,2,0
120,42,1,0,3,0,0,0.2,0,4,4003,5816617,1,18,0,1,1,1,1
18,5,0,1,1,0,0,0.111111111,0,29,-1,19748,1,5,0,0,0,2,1
84,16,0,0,2,0,0,0.071428571,1,10,8348,1,1,12,1,0,0,0,1
40,14,1,1,3,0,0,0.35,0,13,-1,0,1,7,0,1,2,1,1
37,25,0,0,2,0,0,0.216216216,0,8,1338,22211,1,6,0,1,0,0,1
28,19,0,0,2,0,0,0.0,0,113,7970,0,0,6,0,0,0,2,0
41,22,0,1,2,0,0,0.0,0,8,385,0,1,8,0,0,0,1,1
57,20,0,1,2,1,0,0.0,2,7,3851,0,1,8,0,0,0,2,1
39,20,0,1,2,0,0,0.0,1,3,562,7778505,1,8,0,0,0,2,1
59,18,0,1,2,0,0,0.0,0,39,3515,5474,0,11,0,0,1,0,0
59,16,0,0,2,1,0,0.0,2,1,8348,1,0,12,1,0,1,0,1
53,28,0,1,3,1,0,0.0,0,36,5588,3126876,0,8,0,0,0,1,0
132,16,1,0,3,0,0,0.045454545,0,9,7765,32,0,10,0,0,0,1,1
38,21,0,0,2,0,0,0.026315789,0,7,-1,312295,1,7,0,0,0,1,1
31,18,0,0,2,0,0,0.0,0,268,4172,1380,0,7,0,0,0,1,0
56,13,0,0,3,0,0,0.0,0,48,6882,14323,1,10,0,0,2,0,0
119,42,1,1,3,0,0,0.159663866,0,4,4003,5816617,1,18,0,1,1,1,1
35,15,0,0,2,0,0,0.085714286,0,13,-1,0,1,8,0,0,0,1,1
57,21,0,1,3,0,0,0.052631579,1,42,12710,1110,0,9,0,0,0,1,0
27,18,0,0,2,0,0,0.0,0,98,3744,3114343,0,6,0,0,0,1,0
30,21,0,0,2,0,0,0.0,0,34,-1,472704,0,6,0,0,0,1,0
65,31,1,0,3,0,1,0.153846154,0,21,5626,0,1,10,0,1,0,2,1
31,9,0,1,1,0,0,0.0,0,4,-1,0,0,6,0,1,1,1,1
34,15,0,1,2,0,0,0.0,0,65,8896,216550,0,9,0,0,0,0,0
75,27,0,1,3,0,0,0.04,0,0,-1,365546,1,12,0,0,0,3,0
62,16,1,0,2,0,0,0.161290323,0,52,12207,50,1,13,1,0,1,2,0
56,21,0,1,2,0,0,0.0,0,62,3746,774723,1,8,0,1,1,1,0
99,15,1,0,2,1,0,0.070707071,1,30,8347,1,1,11,1,1,0,2,1
40,31,1,0,3,0,1,0.25,0,21,5627,0,1,8,0,0,0,2,1
79,21,0,1,2,0,0,0.0,1,105,6244,25271,1,12,0,0,3,2,0
77,16,0,0,2,0,0,0.051948052,0,399,7133,12,0,12,1,0,0,1,0
22,13,0,0,2,0,0,0.0,0,122,8268,744234,0,6,0,0,0,0,0
84,17,0,1,3,0,0,0.095238095,0,0,9229,6293,1,17,0,0,1,3,0
36,29,0,1,2,0,1,0.0,0,14,7295,0,1,5,1,0,1,1,1
43,31,0,1,2,1,0,0.0,0,196,2128,17173,1,8,0,0,1,2,0
117,42,1,1,3,0,0,0.222222222,0,51,3992,5697976,1,18,0,1,0,2,1
84,27,0,1,3,0,0,0.05952381,0,93,6256,689,0,14,0,1,1,2,0
47,12,1,1,3,0,0,0.234042553,0,0,3386,0,1,11,0,0,0,2,1
52,14,0,1,3,1,0,0.019230769,0,10,62,0,1,10,0,0,0,1,1
33,19,0,1,2,0,0,0.03030303,0,0,177,0,0,6,0,0,0,2,1
63,20,0,1,3,0,0,0.0,0,192,204,0,0,10,0,0,0,2,1
22,13,0,0,2,0,0,0.0,0,191,3738,48247,0,6,0,0,0,1,0
31,16,0,1,2,0,1,0.0,0,107,6686,156997,0,6,0,0,1,1,0
28,19,0,0,2,0,0,0.0,0,175,6311,143585,0,6,0,0,0,1,0
23,14,0,0,2,0,0,0.0,0,20,5307,67332,0,6,0,0,0,0,0
63,27,0,1,1,1,0,0.0,2,1,339,0,1,9,0,0,1,2,1
35,17,0,1,2,0,0,0.0,1,0,6302,0,1,8,0,0,0,2,1
36,18,0,0,2,0,0,0.0,0,78,5184,16979,0,6,0,0,0,0,0
56,12,0,0,3,0,0,0.035714286,0,0,7448,5550906,0,11,0,0,0,3,0
33,26,0,1,2,0,1,0.121212121,0,14,7295,0,1,5,1,0,1,1,1
30,22,0,1,2,0,0,0.0,0,13,6108,596328,0,6,0,0,0,1,0
37,28,0,0,2,0,0,0.0,0,124,3102,400156,0,6,0,0,0,1,0
163,15,1,1,3,0,0,0.27607362,3,26,2668,0,1,20,0,0,0,1,1
177,11,1,1,3,1,0,0.186440678,2,17,495,0,1,20,0,1,0,1,1
84,30,0,1,3,0,0,0.095238095,0,147,5443,0,1,14,1,0,1,1,0
35,27,0,1,2,0,0,0.0,0,44,3306,0,0,6,0,0,1,1,0
40,32,0,1,2,1,0,0.0,0,1,7087,18105,1,7,0,0,0,2,1
42,11,0,1,2,0,0,0.0,0,167,9714,2417,0,10,0,0,1,0,0
43,16,0,0,2,0,0,0.0,0,378,7134,13,0,8,1,0,0,1,0
77,17,0,1,1,0,0,0.0,0,19,2761,4459552,0,12,0,0,1,2,0
33,17,0,1,2,0,0,0.0,0,0,7410,0,1,8,0,0,0,2,1
60,26,0,1,3,0,0,0.0,0,145,7519,10724,0,8,0,0,0,1,0
55,11,0,1,2,0,0,0.0,0,120,9006,7988,0,10,0,0,0,1,0
49,15,0,1,3,1,0,0.020408163,0,40,5308,55983,0,10,0,1,0,2,0
31,23,0,1,2,1,0,0.0,0,16,-2,9113295,0,7,0,0,0,1,0
57,20,0,1,3,0,0,0.0,0,0,-1,0,1,10,0,0,0,1,1
83,24,0,1,2,0,0,0.048192771,0,208,3530,46943,0,14,0,0,1,1,0
34,27,0,1,3,0,1,0.0,0,31,246,0,0,6,0,0,0,2,1
42,33,0,0,3,0,0,0.0,0,0,1,0,1,8,0,0,0,1,1
61,23,0,1,3,1,0,0.0,3,3,2364,0,1,11,0,0,1,1,1
132,16,1,0,3,0,0,0.060606061,0,9,7764,32,0,10,0,0,0,1,1
94,7,0,1,2,0,0,0.021276596,1,12,293,0,1,15,0,0,0,0,1
80,14,0,0,3,0,0,0.05,0,5,5158,114,1,15,1,1,0,0,0
38,29,0,0,2,0,0,0.0,0,8,6314,0,0,6,0,0,0,1,0
33,25,0,1,2,0,0,0.0,0,88,1549,5580350,0,6,0,0,0,1,0
51,16,0,1,2,0,0,0.098039216,0,7,-1,0,1,8,0,0,0,1,1
45,19,0,1,2,0,0,0.0,2,0,7834,1264915,1,9,0,1,0,2,1
73,16,1,1,3,0,0,0.123287671,0,1,2403,790268,0,16,0,0,0,1,1
31,12,0,1,3,0,0,0.0,0,122,-1,0,1,7,0,0,0,1,1
57,19,0,0,3,1,0,0.0,2,0,6723,10146468,1,10,0,0,0,2,1
50,11,0,0,2,0,0,0.0,0,248,7867,2048,1,10,0,0,1,1,0
28,11,0,0,1,0,0,0.0,0,25,7491,63,0,5,1,0,0,2,0
93,22,1,1,1,1,0,0.301075269,2,22,2300,0,1,13,0,0,2,2,1
27,20,0,1,2,0,0,0.0,0,145,-1,0,0,5,0,0,1,2,0
22,14,0,1,2,0,0,0.0,0,144,6070,4299575,0,6,0,0,0,2,0
22,14,0,1,2,0,0,0.0,0,1247,-1,488874,0,6,0,0,0,0,0
55,14,0,1,2,0,0,0.0,0,31,8199,10684284,1,8,0,0,2,0,0
45,30,0,0,3,0,0,0.066666667,0,14,1546,4669,1,7,0,0,0,2,1
110,6,1,0,3,0,0,0.145454545,1,1,-1,24,0,24,0,1,1,2,1
47,26,0,1,2,1,0,0.0,0,14,1949,0,1,8,0,0,1,1,1
23,14,0,0,2,0,0,0.0,0,22,711,2046137,0,6,0,0,0,1,1
49,40,0,0,2,0,1,0.0,0,8,7296,0,1,6,1,0,0,2,1
29,10,0,1,2,0,0,0.0,0,1,-2,0,1,7,0,0,0,2,1
25,11,0,1,2,0,0,0.0,0,31,2480,0,1,7,0,0,2,2,1
54,16,0,0,2,0,0,0.0,0,358,7134,12,0,9,1,0,0,1,0
22,13,0,0,2,0,1,0.0,0,38,6197,288102,0,6,0,0,0,2,0
29,16,0,1,1,0,0,0.0,0,0,539,0,0,7,0,0,1,2,1
24,16,0,1,2,0,0,0.0,0,49,5001,0,0,6,0,0,3,1,0
31,17,0,0,2,0,0,0.0,0,311,8175,47804,0,7,0,0,0,1,0
62,17,0,1,3,0,0,0.096774194,0,60,4478,2253715,0,12,0,0,0,0,0
30,19,0,1,1,1,0,0.0,0,0,3489,0,1,7,0,0,0,2,1
47,24,0,1,1,1,0,0.0,0,32,2770,313591,0,7,0,0,1,1,0
94,23,0,1,3,1,0,0.042553191,2,4,1797,0,1,15,0,0,1,1,1
127,50,1,0,3,1,0,0.204724409,0,51,3993,5707171,1,18,0,1,1,2,1
43,36,0,1,3,0,0,0.0,0,23,4202,0,1,7,0,0,1,2,1
29,21,0,1,2,0,1,0.172413793,0,36,7634,54115,0,6,0,0,0,1,1
30,21,0,0,2,0,0,0.0,0,93,3735,165768,0,6,0,0,0,0,0
23,14,0,0,2,0,0,0.0,0,22,711,2046137,0,6,0,0,0,0,1
65,18,0,1,2,0,0,0.0,0,94,4486,2873,0,10,0,0,1,2,0
126,50,1,1,3,1,0,0.166666667,0,4,4003,5816617,1,18,0,1,1,1,1
27,18,0,0,2,0,0,0.0,0,40,-1,4775526,0,6,0,0,0,1,0
51,26,0,1,2,0,0,0.0,0,2,2346,242217,1,8,0,0,0,1,0
47,10,0,1,2,0,0,0.085106383,0,1,6890,64643,0,9,0,0,0,2,0
57,30,0,1,3,0,0,0.0,0,26,-1,0,1,8,0,0,1,1,1
45,28,1,1,3,0,1,0.2,0,21,5626,0,1,8,0,0,0,2,1
36,12,0,0,1,0,0,0.0,0,128,4863,147,0,6,0,0,2,0,0
32,22,0,1,2,0,0,0.0,0,10,1661,0,0,7,0,0,0,2,1
36,20,0,1,2,0,0,0.0,0,0,-1,0,1,7,0,0,0,2,1
66,18,0,1,3,1,0,0.0,0,64,5198,82496,1,13,0,0,0,2,0
27,18,0,0,2,0,0,0.0,0,217,6763,0,0,6,0,0,0,2,0
238,19,1,0,3,0,1,0.155462185,1,1,8346,1,0,36,1,1,0,0,1
18,10,0,1,2,0,0,0.0,0,256,8600,607470,0,6,0,0,1,1,0
25,16,0,0,2,0,0,0.0,0,451,1969,1203857,0,6,0,0,0,1,0
59,15,0,1,1,0,1,0.0,0,66,2095,942955,0,11,0,0,1,2,0
94,26,0,1,3,0,0,0.074468085,1,4,-1,0,1,10,0,0,0,1,1
42,10,0,0,1,0,0,0.0,0,9,3567,0,1,12,0,0,0,1,1
44,16,0,0,3,0,0,0.0,1,146,8347,1,0,9,1,0,0,2,0
43,15,0,0,2,0,0,0.0,0,52,5639,2,0,8,1,0,0,1,0
68,19,0,1,2,0,0,0.014705882,1,21,1576,0,1,10,0,0,3,2,1
26,18,0,1,1,1,0,0.0,0,0,-1,0,1,6,0,0,0,2,1
74,12,0,1,1,1,0,0.0,4,58,-1,0,1,12,0,0,2,2,1
45,16,0,0,2,0,0,0.0,0,265,7131,12,0,8,1,0,0,1,0
19,11,1,1,3,0,0,0.421052632,0,6,-1,0,0,7,0,1,0,1,1
69,42,1,0,3,0,0,0.086956522,0,51,3993,5707171,1,9,0,1,1,2,1
47,7,0,0,1,0,0,0.14893617,0,0,2521,632751,1,6,0,0,1,1,1
51,12,1,1,3,0,0,0.176470588,0,13,-1,0,1,9,0,1,3,2,1
38,30,0,1,3,0,0,0.026315789,0,108,1017,0,1,10,0,0,0,2,1
59,12,0,1,3,0,0,0.033898305,0,0,11271,25936,0,11,0,0,1,3,0
40,23,0,1,3,1,0,0.075,1,33,1547,4639,1,8,0,0,0,2,1
38,30,0,1,2,0,0,0.0,0,3,4823,761464,1,6,0,0,0,2,1
58,40,0,1,3,0,1,0.051724138,3,22,5615,0,1,11,0,0,0,2,1
27,19,0,1,2,0,0,0.0,0,121,1297,0,0,6,0,0,1,2,0
49,25,0,1,2,0,0,0.0,0,291,6073,14284,0,8,0,0,1,1,0
50,25,0,1,2,1,0,0.06,0,0,-1,590567,1,10,0,0,0,2,1
28,19,0,0,2,0,0,0.0,0,134,5027,130992,0,6,0,0,0,2,0
31,23,0,1,2,1,1,0.0,0,14,7309,0,1,7,1,0,1,2,1
34,7,0,1,1,1,0,0.029411765,0,15,6438,0,1,9,0,0,1,2,0
131,54,1,1,3,1,0,0.122137405,0,51,3992,5697976,1,20,0,1,0,2,1
74,32,1,0,3,1,0,0.175675676,0,84,1536,4558,1,12,0,0,0,4,1
48,31,0,1,3,0,0,0.0625,1,33,1547,4639,1,7,0,0,0,2,1
68,37,0,1,2,0,0,0.0,0,33,2105,0,0,9,0,0,0,2,1
36,27,0,0,2,0,0,0.0,0,28,-1,1009883,0,6,0,0,0,2,0
28,19,0,0,2,0,0,0.0,0,183,1801,668078,0,6,0,0,0,2,0
21,7,0,0,1,0,0,0.142857143,0,37,-1,469408,1,5,0,0,2,0,1
39,22,0,0,2,0,0,0.0,0,0,834,2151511,1,7,0,0,0,2,1
31,23,0,1,2,0,0,0.0,0,24,4594,0,0,6,0,0,0,2,0
33,23,0,0,2,0,1,0.090909091,0,14,7295,0,1,7,1,0,0,1,1
50,42,0,1,2,0,0,0.08,0,49,5992,0,0,11,0,0,0,2,1
57,27,0,1,2,0,0,0.0,2,50,2950,369766,0,9,0,0,1,1,0
18,11,0,1,1,0,0,0.0,0,107,1333,1290341,0,4,0,0,0,2,0
35,18,0,0,2,1,0,0.0,1,11,896,457413,0,7,0,0,1,2,1
86,15,0,1,3,0,1,0.023255814,0,24,35,0,1,15,0,1,0,1,1
26,17,0,0,2,0,0,0.0,0,261,4774,0,0,6,0,0,0,2,0
126,50,1,0,3,1,0,0.222222222,0,51,3993,5707171,1,19,0,1,0,2,1
124,46,1,0,3,0,0,0.193548387,0,51,3992,5707171,1,19,0,1,0,2,1
43,15,0,0,2,0,0,0.069767442,0,52,5636,2,0,8,1,0,0,1,0
44,14,1,1,3,0,0,0.159090909,0,67,7160,2358,1,9,0,0,2,2,0
38,31,0,1,2,0,0,0.0,0,58,7155,251093,0,5,0,0,0,2,0
22,14,0,1,2,0,1,0.045454545,0,99,86,0,0,6,0,0,0,2,0
23,6,0,1,2,0,0,0.0,0,62,5387,0,1,6,0,0,0,2,1
36,27,0,0,3,0,0,0.0,0,23,2795,1253797,0,7,0,0,0,2,0
25,9,0,1,2,1,0,0.0,0,0,-1,5597380,1,7,0,0,0,2,1
33,26,0,1,2,0,0,0.0,0,27,5158,0,0,5,1,0,1,1,0
31,22,0,0,2,1,0,0.0,0,149,6946,828187,0,7,0,0,0,2,0
556,25,1,0,3,0,1,0.356115108,2,12,6590,30,1,69,1,1,0,2,0
88,21,0,1,3,1,0,0.0,3,6,1196,0,1,14,0,0,0,1,1
51,22,0,0,2,1,0,0.0,0,51,7856,152679,0,8,0,0,0,1,0
26,17,0,0,2,0,0,0.0,0,13,2258,417663,0,6,0,0,0,2,0
45,34,0,1,1,0,0,0.0,0,5,3175,0,0,5,0,0,1,1,1
33,22,0,1,1,0,0,0.0,0,8,440,0,1,6,0,0,2,1,1
46,27,0,0,3,0,1,0.02173913,2,21,5627,0,1,9,0,0,0,2,1
52,16,0,1,2,0,0,0.211538462,0,0,2345,0,1,9,0,0,0,2,1
20,12,0,1,2,1,0,0.0,0,312,4193,2122361,0,7,0,0,0,2,0
45,13,0,0,2,1,0,0.0,0,38,6382,200403,1,10,0,1,1,1,1
22,15,0,1,1,0,0,0.0,0,229,-1,128597,0,4,0,0,1,2,0
82,18,0,0,2,0,0,0.048780488,0,227,5223,136,0,11,0,0,0,2,0
23,14,0,0,2,0,0,0.0,0,42,-1,524317,0,6,0,0,0,0,0
26,18,0,1,2,0,0,0.0,0,49,7432,1468946,0,6,0,0,0,0,0
29,14,0,0,3,0,0,0.103448276,0,0,8756,84082,0,9,0,0,0,1,0
31,17,0,1,3,1,0,0.0,0,0,6211,0,1,8,0,0,0,2,1
47,10,1,1,2,1,0,0.404255319,0,239,199,0,0,9,0,0,0,2,1
105,17,0,1,3,1,0,0.0,4,6,4609,0,1,19,0,0,0,1,1
27,18,0,0,2,0,0,0.0,0,75,4594,165714,0,6,0,0,0,0,0
21,12,0,0,2,0,0,0.0,0,90,8725,287481,0,6,0,0,0,2,0
47,15,0,0,1,0,0,0.0,0,805,7657,433,0,8,0,1,0,2,0
45,17,0,1,2,0,0,0.0,0,28,-2,0,1,9,0,0,0,2,1
74,19,0,1,1,1,0,0.0,4,15,2381,0,1,12,0,0,0,2,1
44,18,0,0,2,0,0,0.0,0,137,5997,5471,0,9,0,0,0,0,0
93,14,0,0,2,1,0,0.064516129,0,150,6991,4524,0,15,0,0,0,0,0
38,30,0,1,2,0,0,0.0,0,24,7495,0,0,6,0,0,1,1,0
44,28,0,1,2,0,0,0.0,0,112,5088,53595,1,7,0,0,2,1,0
104,24,1,0,3,0,1,0.153846154,0,1,8347,1,0,13,1,1,1,0,1
45,24,0,1,3,0,0,0.0,1,0,2722,0,1,8,0,0,0,2,1
32,24,0,1,2,0,0,0.0,0,33,3430,670713,0,6,0,0,1,1,0
34,17,0,0,3,0,0,0.0,0,0,1461,648670,1,7,0,0,0,2,1
42,34,0,1,2,0,0,0.023809524,0,103,7189,490968,1,8,0,0,1,2,1
73,36,0,0,2,0,0,0.0,0,449,7448,0,0,9,1,0,0,2,0
34,20,0,1,2,0,0,0.0,0,10,-1,8010635,1,7,0,0,0,1,1
71,20,0,1,2,1,0,0.042253521,1,324,4971,0,0,11,0,0,1,2,0
32,10,0,1,1,1,0,0.0,0,4,-1,0,1,7,0,0,1,2,1
62,17,0,1,3,0,0,0.338709677,0,200,8459,420,0,14,0,0,1,0,0
19,10,0,0,2,0,0,0.0,0,74,-1,1993,0,6,0,0,0,2,0
29,20,0,0,3,0,1,0.0,0,74,-1,155748,0,7,0,0,0,2,0
48,20,0,0,3,0,0,0.0,0,98,8048,2604,0,9,0,0,0,2,0
102,20,0,1,2,0,0,0.019607843,0,1,1993,0,1,16,0,0,0,1,1
28,21,0,1,2,0,1,0.0,0,14,7295,0,1,5,1,0,1,1,1
50,33,0,1,3,0,1,0.0,0,83,5614,8029411,1,9,0,0,0,2,1
35,22,0,0,2,1,0,0.0,0,52,5160,0,0,10,1,0,0,1,0
54,36,0,0,3,0,1,0.111111111,0,83,5612,0,1,11,0,0,0,2,1
27,18,0,0,2,0,0,0.0,0,92,2332,1056076,0,6,0,0,0,0,0
40,32,0,1,2,0,0,0.0,0,87,2328,149650,0,6,0,0,0,1,0
35,28,0,1,2,0,1,0.0,0,14,7295,0,1,5,1,0,1,1,1
46,20,0,0,3,0,0,0.0,0,44,8044,2580,0,9,0,0,0,2,0
72,38,0,1,3,0,1,0.083333333,0,21,5626,0,1,13,0,1,0,2,1
120,17,0,1,3,1,0,0.0,4,6,4609,0,1,19,0,0,0,1,1
35,27,0,1,2,0,1,0.0,0,12,5069,0,0,6,0,0,0,2,0
66,38,0,1,3,0,1,0.0,0,21,5616,0,1,11,0,0,0,2,1
17,10,0,1,1,0,0,0.0,0,370,-1,47113,0,4,0,0,1,1,0
83,47,0,1,2,1,0,0.0,2,3,331,0,1,10,0,0,1,1,1
116,15,0,0,1,0,1,0.051724138,0,269,4151,3231,0,21,0,0,0,2,0
25,13,0,0,1,0,0,0.0,0,651,1820,222398,0,5,0,0,0,2,0
24,17,0,1,2,0,0,0.0,0,51,139,0,0,5,0,0,1,1,0
71,19,0,0,1,0,0,0.0,0,7,6431,1498442,0,11,0,0,0,1,0
49,22,0,1,2,0,0,0.0,0,187,7586,988,0,7,0,0,1,1,0
40,31,0,0,2,0,1,0.1,0,15,7295,0,0,6,1,0,0,1,1
139,27,0,0,2,1,1,0.071942446,0,7,8019,0,1,21,0,0,1,1,1
104,28,0,0,2,1,1,0.028846154,0,26,8019,0,1,17,0,0,1,1,1
47,16,0,1,2,0,0,0.0,0,45,1541,2573053,0,8,0,0,1,1,1
26,17,0,0,2,0,0,0.0,0,302,8884,149536,0,6,0,0,0,0,0
23,16,0,1,3,0,0,0.0,0,188,-1,326260,0,6,0,0,1,2,0
70,32,0,1,2,1,0,0.042857143,0,10,-1,0,1,10,0,0,0,2,1
46,15,0,1,2,1,1,0.043478261,0,5,1330,0,1,11,0,0,1,1,1
36,15,0,1,2,0,0,0.0,0,176,-1,9532906,1,6,0,0,0,2,0
55,28,0,0,2,1,0,0.0,0,95,-1,8448853,1,9,0,0,0,1,0
48,41,0,1,3,0,0,0.0,0,23,4202,0,1,7,0,0,1,2,1
60,41,0,0,3,0,1,0.116666667,0,22,5627,0,1,10,0,0,0,2,1
46,38,0,1,2,0,0,0.065217391,0,4,1546,4669,1,6,0,0,0,3,1
33,21,0,0,2,0,0,0.0,0,14,167,0,0,7,0,0,0,1,1
51,19,1,0,1,0,0,0.1372549019999999,1,39,1398,5368952,1,7,0,0,0,1,0
50,25,0,0,3,1,0,0.0,0,0,2072,1573850,1,9,0,0,1,2,1
82,24,1,1,3,1,0,0.219512195,2,61,520,0,1,14,0,0,0,1,1
25,17,0,0,2,0,0,0.0,0,95,3466,725171,0,5,0,0,0,1,0
28,21,0,1,2,0,0,0.0,0,14,1724,0,0,5,0,0,1,0,1
24,16,0,1,2,0,0,0.0,0,406,4836,559790,0,6,0,0,1,1,0
53,44,1,0,3,0,1,0.169811321,0,0,5627,0,1,11,0,1,0,2,1
40,20,0,1,2,0,0,0.1,0,89,9690,65337,0,7,0,0,1,2,0
60,19,0,1,3,0,0,0.0,0,72,4918,1449,1,10,0,0,1,0,0
26,18,0,1,1,1,0,0.0,0,237,1,0,1,6,0,0,2,2,1
39,10,0,1,2,0,0,0.128205128,0,113,6180,25111,0,7,0,0,0,0,0
43,26,0,1,2,0,0,0.0,0,103,6866,271260,0,7,0,0,1,2,1
33,25,0,1,2,0,0,0.0,1,32,4489,0,0,6,0,0,1,2,1
77,17,0,0,2,0,0,0.064935065,0,0,4617,9654314,1,14,0,0,0,1,1
54,21,0,1,3,1,0,0.0,0,109,3515,573569,0,9,0,0,0,1,0
22,13,0,0,2,0,0,0.0,0,13,2486,232843,0,6,0,0,0,2,0
33,25,0,1,2,0,1,0.0,0,152,7297,7013301,0,6,1,0,0,1,0
88,16,1,1,3,1,0,0.25,2,0,43,0,1,11,0,0,0,2,1
42,24,0,1,3,0,1,0.047619048,0,21,5616,0,1,9,0,0,0,2,1
29,21,0,1,2,0,0,0.0,0,2,6718,0,0,6,0,0,0,0,0
72,9,0,1,2,1,0,0.0,3,5,57,0,1,12,0,0,0,1,1
46,31,1,0,3,0,1,0.217391304,0,21,5616,0,1,9,0,0,0,2,1
44,18,0,0,2,0,0,0.0,0,585,9105,1242,0,8,0,0,0,0,0
17,10,0,1,1,0,0,0.0,0,45,-1,0,0,4,0,0,0,0,0
23,14,0,0,2,0,1,0.0,0,39,5320,111353,0,6,0,0,0,1,0
32,23,0,0,2,0,0,0.0,0,588,7985,5617,0,6,0,0,0,2,0
41,14,0,1,3,0,0,0.097560976,0,613,7159,2320,0,9,0,0,2,2,0
40,17,0,0,1,0,0,0.0,0,13,-1,0,1,7,0,0,0,1,1
76,16,0,0,2,0,0,0.0,0,116,6212,3111,0,11,0,0,0,0,0
54,22,0,1,3,1,0,0.0,3,0,3136,0,1,10,0,0,0,2,1
17,10,0,1,1,0,0,0.0,0,14,-1,296491,0,5,0,0,0,0,0
183,37,1,0,2,0,0,0.213114754,0,7,216,0,1,28,0,1,0,1,1
29,20,0,0,2,0,0,0.0,0,106,8702,128384,0,6,0,0,0,0,0
57,12,0,1,3,0,0,0.0,0,85,7988,24244,0,9,0,0,0,0,0
36,25,0,0,3,0,0,0.0,0,32,-1,0,1,8,0,0,1,2,1
74,27,0,1,2,0,0,0.0,0,50,2787,2564568,0,11,0,0,0,2,0
83,18,0,0,2,0,0,0.0,0,136,9024,11315,1,17,0,0,1,2,0
415,16,0,1,2,0,0,0.122891566,1,7,4012,2073764,1,8,0,0,1,1,1
89,14,0,1,3,1,1,0.0,3,32,4425,0,1,17,1,1,0,2,1
40,16,0,0,2,0,0,0.0,0,786,7131,12,0,8,1,0,0,1,0
61,16,0,1,3,0,0,0.0,0,86,6133,28448,0,11,0,0,1,2,0
34,25,0,0,2,0,0,0.0,0,162,1109,0,0,8,0,0,0,1,0
26,18,0,1,2,0,0,0.0,0,26,-1,25345,0,6,0,0,1,1,1
20,11,0,0,1,0,0,0.0,0,51,1130,68131,0,5,0,0,0,0,0
19,12,0,1,2,0,0,0.0,0,65,2498,0,0,5,0,0,0,1,0
80,29,1,0,2,0,0,0.25,0,56,2122,2660343,1,9,0,0,0,1,1
33,11,0,0,1,1,0,0.0,0,34,1777,2408885,1,7,0,0,0,2,1
64,15,0,0,2,1,0,0.03125,0,113,3225,748763,1,11,0,0,1,2,0
26,18,0,1,2,1,1,0.0,0,11,2532,64145,0,7,0,0,1,0,0
63,15,0,0,2,0,0,0.0,1,17,9625,4238,0,10,1,0,1,1,0
47,17,0,1,3,0,0,0.0,0,82,4329,0,1,8,0,0,0,0,1
51,22,0,1,2,0,0,0.0,0,8,1105,0,1,10,0,0,0,1,1
44,27,0,0,2,0,0,0.0,0,39,6343,1821667,0,6,0,0,0,2,1
17,10,0,1,2,0,0,0.0,0,239,7821,393068,0,5,0,0,0,2,0
83,16,0,0,2,0,0,0.024096386,1,10,8348,1,1,12,1,0,0,0,1
73,19,0,1,3,1,0,0.01369863,0,45,6677,4048517,0,13,0,0,1,1,0
32,24,0,1,2,0,0,0.0,0,54,2312,926923,0,6,0,0,1,2,0
32,24,0,1,3,0,1,0.09375,0,22,5627,0,1,8,0,0,0,2,1
23,15,0,1,2,0,0,0.0,0,392,7136,2347491,0,6,0,0,1,0,0
87,14,1,1,3,0,0,0.310344828,0,38,6396,0,1,14,0,0,0,2,1
148,31,0,0,2,1,0,0.108108108,0,7,1,0,1,26,0,0,0,1,1
22,8,0,1,1,0,0,0.0,0,0,2663,0,1,5,0,0,0,2,1
38,18,0,1,2,0,0,0.052631579,0,34,3771,0,1,10,0,0,0,2,1
142,16,0,1,3,0,0,0.056338028,0,148,8797,13188,0,27,0,0,0,2,0
29,20,0,0,2,0,0,0.0,0,29,1137,0,0,6,0,0,0,2,0
27,10,0,1,1,0,0,0.0,0,35,1799,140317,0,5,0,0,1,0,1
24,16,0,1,2,0,0,0.166666667,0,67,-2,347993,1,6,0,0,0,2,1
51,19,0,1,2,1,0,0.0,3,4,11,8773367,1,10,0,0,1,1,1
27,19,0,0,2,0,0,0.0,0,144,7186,65447,0,5,0,0,0,0,0
43,15,0,0,2,0,0,0.093023256,0,53,5638,2,0,8,1,0,0,1,0
100,14,0,1,3,0,0,0.0,0,4,-1,0,1,19,0,0,0,1,1
52,22,0,0,2,0,0,0.0,0,31,2082,5020,0,8,0,0,0,1,0
65,25,1,0,3,0,1,0.046153846,0,21,5613,0,1,11,0,1,0,2,1
45,17,0,1,1,0,0,0.0,1,90,-1,121108,0,9,0,0,1,2,0
41,25,0,1,2,0,0,0.0,0,223,6256,688,0,6,0,0,1,2,0
103,21,0,1,3,0,0,0.0,0,47,7591,687389,1,14,0,1,1,1,0
70,25,0,1,2,0,0,0.0,1,10,255,0,1,11,0,0,0,1,1
51,18,0,1,3,0,0,0.0,0,51,8052,1435,0,9,0,1,1,0,0
21,13,0,1,2,0,0,0.0,0,102,-1,5090159,0,6,0,0,1,2,0
46,29,0,1,3,0,0,0.043478261,1,103,6253,272316,1,8,0,0,1,2,1
56,29,0,1,3,0,0,0.0,0,42,6091,2721799,0,10,0,0,1,1,0
27,18,0,0,2,0,0,0.0,0,83,3186,26205,0,6,0,0,0,0,0
140,15,0,1,3,0,0,0.028571429,0,6,8922,309153,1,23,0,0,1,1,1
27,19,0,1,2,0,0,0.0,0,6,3075,0,1,6,0,0,0,1,0
53,25,0,1,3,0,0,0.018867925,0,0,115,0,1,9,0,0,0,2,1
25,17,0,1,2,1,0,0.16,0,3,724,23941,1,7,0,0,1,1,1
85,16,0,0,2,0,0,0.070588235,1,10,8348,1,1,14,1,0,0,0,1
58,23,0,0,3,0,0,0.0,0,18,8686,190163,1,10,0,0,1,1,0
48,22,0,0,2,1,0,0.0,2,17,-1,0,1,10,0,0,1,1,1
55,16,0,0,2,0,0,0.0,0,363,7131,12,0,9,1,0,0,1,0
20,13,0,1,2,0,0,0.0,0,122,-1,1954246,0,5,0,0,2,2,0
63,21,0,1,2,0,0,0.0,0,48,3423,89825,0,10,0,0,1,2,0
47,7,0,0,1,0,0,0.085106383,0,0,2521,632751,1,6,0,0,1,1,1
68,20,0,1,3,0,0,0.147058824,0,0,8674,847119,1,13,0,0,0,3,0
30,21,0,0,2,0,0,0.0,0,33,1514,220637,0,6,0,0,0,2,0
56,24,0,1,2,0,0,0.089285714,0,1,-1,48368,1,10,0,0,1,2,1
50,17,0,1,1,0,0,0.0,3,9,-1,0,1,8,0,0,1,1,1
30,21,0,0,2,0,0,0.0,0,417,4281,6331488,0,6,0,0,0,2,0
54,17,0,0,2,0,0,0.185185185,0,5,2501,8469,0,6,0,0,0,2,1
56,48,0,1,2,0,0,0.071428571,0,1,-1,104754,1,10,0,0,0,2,1
21,14,0,1,2,0,0,0.0,0,12,7253,943419,1,5,0,0,0,1,1
30,21,0,0,2,0,0,0.0,0,25,3802,2052316,0,6,0,0,0,2,0
48,16,0,0,3,0,0,0.0,0,111,2732,9494,0,8,0,0,0,0,0
51,15,0,0,2,0,0,0.0,0,192,7415,209388,0,12,0,0,0,0,0
47,16,0,0,2,1,1,0.0,0,45,3890,173,1,9,1,0,2,2,0
39,16,0,1,3,0,0,0.0,0,50,1575,0,1,9,0,0,0,2,1
30,21,0,0,1,0,0,0.0,0,120,-1,127823,0,5,0,0,0,2,0
46,25,0,1,3,0,0,0.0,0,144,6377,7962,0,10,0,0,1,1,0
124,46,1,0,3,0,0,0.161290323,0,4,4003,5816617,1,19,0,1,1,1,1
62,18,0,0,2,0,0,0.048387097,0,101,9170,603,0,10,0,0,0,0,0
22,14,0,1,2,0,1,0.0,0,71,3662,0,0,6,0,0,1,0,0
59,41,0,0,3,0,1,0.084745763,0,22,5626,0,1,10,0,0,0,2,1
63,38,0,1,3,0,1,0.0,2,21,5615,0,1,13,0,0,0,2,1
27,19,0,1,2,0,0,0.0,0,74,4055,1914295,0,6,0,0,0,1,0
32,13,0,1,2,0,0,0.125,0,5,-1,51515,1,9,0,0,1,1,1
39,22,0,1,2,1,0,0.0,2,16,7376,1988104,1,8,0,0,2,0,1
34,25,0,0,2,1,0,0.0,0,0,2837,0,1,7,0,0,0,1,1
276,31,1,1,3,0,0,0.362318841,4,2,1653,0,1,22,0,0,1,1,1
29,21,0,1,2,0,1,0.0,0,22,7299,0,0,6,1,0,0,2,0
146,6,1,0,3,0,0,0.184931507,0,1,-1,24,0,30,0,0,1,2,1
18,11,0,1,2,0,0,0.055555556,0,18,-1,2357443,0,5,0,0,0,0,0
45,24,0,1,1,0,0,0.0,0,0,4236,0,1,9,0,0,0,2,1
34,26,0,1,2,0,0,0.0,0,2,6467,0,1,6,0,0,1,1,1
110,15,0,0,2,0,0,0.0,0,147,8348,1,1,19,1,0,0,0,0
43,14,0,1,3,0,0,0.139534884,0,332,7160,2336,1,9,0,0,2,2,0
69,14,0,1,3,0,0,0.0,0,72,-1,769987,0,11,0,0,0,0,0
47,7,0,0,1,0,0,0.042553191,0,0,2521,632751,1,7,0,0,1,1,1
49,20,0,1,3,0,0,0.0,1,0,6188,10585494,1,9,0,0,0,3,0
39,17,0,0,2,0,1,0.0,1,85,59,0,1,7,0,0,0,1,1
28,21,0,1,2,0,0,0.071428571,0,26,2683,0,0,5,0,0,0,1,0
54,15,0,1,2,0,0,0.0,0,130,6071,14420,0,10,0,1,1,1,0
45,17,0,0,3,0,0,0.022222222,0,352,7427,192,0,9,0,0,0,1,0
40,32,0,1,2,0,0,0.0,0,15,75,0,1,8,0,0,0,0,1
20,12,0,1,1,0,0,0.0,0,27,5,0,1,5,0,0,2,2,1
75,19,0,0,3,0,0,0.053333333,0,284,6682,857832,0,15,0,0,0,1,0
137,23,0,0,2,1,1,0.04379562,0,26,8019,0,1,19,0,1,1,1,1
57,22,0,1,2,0,0,0.0,0,612,3025,6004191,1,9,0,1,0,1,0
54,13,0,1,3,1,0,0.0,1,15,-1,0,1,11,0,0,0,2,1
40,17,0,1,3,0,0,0.0,0,170,8146,12516,0,9,0,0,1,0,0
31,13,0,0,3,0,0,0.0,0,0,-1,0,1,7,0,0,0,2,1
28,19,0,0,2,0,0,0.0,0,272,978,1396547,0,6,0,0,0,1,0
57,18,0,0,2,0,0,0.035087719,0,420,6315,8175,0,9,0,0,0,0,0
60,18,0,1,3,0,0,0.15,1,0,8299,41286,1,12,0,0,1,3,0
20,12,0,1,1,0,0,0.0,0,201,4097,0,0,5,0,0,1,2,1
19,12,0,1,2,0,0,0.0,0,2,-1,0,0,5,0,0,0,2,0
305,16,1,0,3,0,0,0.295081967,0,0,7489,376,1,39,0,1,0,1,1
19,12,0,1,1,0,0,0.0,0,75,4374,2734254,0,4,0,0,0,0,0
51,21,0,1,3,0,0,0.0,0,50,5248,5804215,0,8,0,0,1,2,0
49,18,0,1,3,0,0,0.040816327,0,4,-1,0,1,9,0,0,1,1,1
54,17,0,0,3,0,0,0.0,0,9,7304,148,0,10,0,0,0,1,0
461,26,1,0,3,0,0,0.422993492,0,1,7086,18263,1,19,0,0,0,2,1
48,11,0,1,3,1,0,0.020833333,0,19,-1,340,1,11,0,1,2,1,0
70,14,0,1,3,1,0,0.0,0,59,6494,7329,0,11,0,0,1,1,0
35,27,0,1,2,0,0,0.057142857,0,103,7053,2114381,1,6,0,0,1,2,1
31,24,0,1,2,0,0,0.0,0,0,245,0,1,5,0,0,0,2,1
66,18,0,1,3,0,0,0.090909091,0,204,2654,162125,0,12,0,0,1,2,0
41,14,0,1,1,0,0,0.0,0,216,6633,40939,0,6,0,0,1,0,0
20,11,0,0,1,0,0,0.0,0,44,95,0,0,5,0,0,0,2,1
26,18,0,1,2,0,0,0.0,0,37,383,0,1,6,0,0,0,1,1
76,21,0,1,2,0,0,0.078947368,0,62,7160,2336,1,14,0,0,1,2,0
57,23,0,1,3,0,0,0.0,0,56,7310,3399875,0,9,0,0,0,2,0
114,26,1,1,3,1,0,0.289473684,2,22,2300,0,1,15,0,0,2,2,1
36,15,0,1,1,0,0,0.0,0,0,2599,0,1,7,0,0,0,2,1
48,23,0,1,2,1,0,0.0,0,11,3455,0,1,10,0,0,0,0,1
43,12,0,1,2,0,1,0.069767442,0,90,-1,1275030,1,8,0,0,1,2,0
63,14,0,0,3,1,0,0.015873016,1,7,302,83261,1,12,0,0,0,1,1
38,30,0,1,3,1,0,0.0,0,65,-1,624558,1,8,0,0,1,2,1
36,28,0,1,3,0,0,0.0,0,0,81,0,1,7,0,0,0,2,1
82,22,0,1,3,0,0,0.036585366,0,144,6678,37605,1,13,0,0,2,2,0
73,19,0,1,2,1,0,0.054794521,3,19,678,10421362,1,14,0,0,1,2,1
57,11,0,1,3,0,0,0.0,1,30,-2,3899044,1,12,0,0,1,2,1
44,16,0,0,2,0,0,0.0,0,354,7133,12,0,8,1,0,0,0,0
74,13,0,0,3,0,0,0.054054054,1,0,6878,14931,0,13,0,0,2,3,0
27,19,0,1,2,0,0,0.0,0,73,2689,3229766,0,6,0,0,0,0,0
36,18,0,0,2,0,0,0.083333333,0,21,3126,0,1,7,0,0,0,0,1
69,23,0,0,2,0,0,0.0,0,203,3546,201194,0,10,0,1,0,2,0
20,13,0,1,2,0,0,0.0,0,24,7174,2728469,1,5,0,1,0,1,1
48,13,0,1,2,0,0,0.104166667,0,301,9229,767,1,9,0,0,2,1,0
45,16,0,1,2,0,0,0.044444444,0,684,4996,158382,1,9,0,0,0,1,0
107,20,1,1,2,0,0,0.168224299,1,46,-1,0,1,13,0,1,0,2,1
52,16,0,0,3,0,0,0.076923077,0,255,9584,46854,0,9,0,0,0,1,0
27,18,0,0,2,0,0,0.0,0,84,4947,666195,0,6,0,0,0,0,0
25,16,0,0,2,0,0,0.0,0,280,4553,0,0,6,0,0,1,2,0
46,18,0,0,2,0,0,0.0,0,83,9174,625,1,8,0,0,1,0,0
48,7,0,0,1,0,0,0.0625,0,0,2521,632001,1,7,0,0,1,1,1
69,16,0,0,1,1,0,0.086956522,2,1,2095,0,1,12,0,0,1,2,1
86,13,0,1,1,0,0,0.081395349,0,73,3789,394683,0,18,0,0,1,0,0
42,18,0,1,2,0,0,0.0,0,130,9202,684,0,7,0,0,1,0,0
34,19,0,1,3,0,0,0.029411765,0,0,-1,0,1,8,0,0,0,2,1
96,14,1,1,2,1,0,0.197916667,3,59,243,0,1,12,0,0,0,2,1
38,29,0,0,2,0,1,0.0,0,163,7298,0,0,6,1,0,0,2,0
131,22,1,0,2,0,0,0.381679389,0,11,-1,0,0,15,0,0,1,2,1
44,18,0,1,2,0,0,0.0,0,96,9204,690,0,7,0,0,1,0,0
189,19,0,0,3,0,1,0.047619048,2,1,8348,1,0,32,1,1,0,1,0
54,18,0,1,2,0,1,0.074074074,1,157,-1,10619,0,10,0,0,1,2,0
41,16,0,1,3,0,0,0.0,0,0,6630,4464824,1,9,0,0,2,2,1
26,17,0,0,2,0,0,0.0,0,28,2316,7064820,0,6,0,0,1,1,0
127,50,1,1,3,1,0,0.149606299,0,51,3993,5707171,1,19,0,1,0,2,1
19,12,0,1,1,0,0,0.0,0,72,1529,0,0,4,0,0,0,1,0
133,11,0,0,3,0,0,0.0,1,0,-1,16425,0,17,0,0,0,3,0
44,10,0,1,1,0,0,0.0681818179999999,0,11,4350,0,1,8,0,0,1,2,1
30,18,0,0,2,0,0,0.0,0,17,-1,837362,0,7,0,0,0,1,0
42,14,0,1,3,0,0,0.119047619,0,838,7157,2272,0,9,0,0,2,2,0
71,31,0,1,3,0,0,0.0,0,139,6673,0,0,10,0,0,0,2,0
56,15,0,0,2,0,0,0.053571429,0,55,5637,2,0,7,1,0,0,1,0
129,54,1,1,3,1,0,0.19379845,0,51,3993,5707171,1,20,0,1,0,2,1
36,16,0,1,2,0,0,0.0,0,0,3565,0,1,6,0,0,0,2,1
119,42,1,1,3,0,0,0.176470588,0,51,3993,5707171,1,18,0,1,0,2,1
24,16,0,1,2,0,1,0.0,0,1054,2101,265240,0,6,0,0,0,0,0
27,18,0,0,2,0,0,0.0,0,235,9040,151949,0,6,0,0,0,0,0
32,23,0,0,2,0,0,0.0,0,32,2749,1473786,0,6,0,0,0,0,0
55,14,0,1,2,0,0,0.0,0,115,8151,132,0,9,0,0,1,0,0
92,14,1,1,3,0,0,0.27173913,1,0,8523,22053,0,16,0,0,0,3,0
44,16,0,0,2,0,0,0.0,2,29,8347,1,0,7,1,0,1,2,1
84,10,1,1,2,1,0,0.273809524,0,57,3289,8181278,1,11,0,0,1,2,1
123,34,0,1,3,0,0,0.073170732,0,2,8152,1274,1,10,0,0,0,2,1
93,27,0,1,3,0,0,0.0,1,5,630,0,1,11,0,1,1,1,1
28,19,0,0,2,0,0,0.0,0,108,5502,108393,0,6,0,0,0,2,0
47,15,0,0,2,0,0,0.0,0,53,5637,2,0,7,1,0,0,1,0
50,16,0,1,3,0,0,0.08,0,185,3141,0,1,8,0,1,0,2,1
80,13,1,1,3,0,0,0.575,0,0,-1,0,1,9,0,1,0,2,1
60,20,0,0,3,0,0,0.0,1,147,590,0,1,10,0,0,1,2,1
49,26,0,1,1,0,0,0.020408163,1,56,954,0,1,7,0,0,0,1,1
26,6,0,0,1,0,1,0.0,0,71,-1,3536,0,6,0,0,1,1,1
56,19,0,1,2,0,0,0.0,0,15,2595,2597330,0,8,0,0,0,2,0
47,21,0,1,2,0,1,0.0,0,129,7616,2190,0,7,0,0,1,1,0
145,32,0,0,3,1,0,0.055172414,0,1,7087,18105,1,10,0,0,0,2,1
42,34,0,1,2,0,1,0.0,0,91,7297,0,0,6,1,0,0,2,0
39,16,0,1,3,0,0,0.051282051,0,191,7900,60397,0,7,0,0,0,1,0
29,22,0,1,2,0,1,0.068965517,0,14,7295,0,1,5,1,0,1,1,1
137,33,0,0,3,0,0,0.0,3,49,291,0,1,17,0,0,0,2,1
64,26,0,0,3,0,1,0.0,0,13,7295,0,1,10,1,1,0,1,1
56,15,0,0,2,0,0,0.071428571,0,39,5640,2,1,7,1,0,0,3,0
64,19,0,1,1,0,0,0.078125,0,1,6452,0,1,9,0,0,1,1,1
68,16,1,1,1,1,0,0.367647059,0,1,4,0,1,9,0,0,0,2,1
40,14,0,1,2,0,0,0.0,0,89,5290,1548,0,9,0,0,1,1,0
74,13,0,0,3,1,0,0.0,1,29,7484,1443679,1,16,0,0,0,0,1
33,24,0,0,2,0,0,0.0,0,7,2840,0,0,6,0,0,0,1,0
44,23,0,1,2,0,0,0.0,1,31,-1,0,1,8,0,0,0,0,1
64,11,0,1,3,0,0,0.03125,0,475,9403,46214,1,12,0,0,2,0,0
42,16,0,0,2,0,0,0.0,0,189,3113,256,0,8,0,0,0,1,0
83,11,0,0,1,0,0,0.012048193,0,34,5676,46435,0,15,0,0,0,0,0
48,16,0,0,2,0,0,0.0,2,18,8347,1,1,7,1,0,1,1,1
42,33,0,0,2,0,1,0.0,0,5,7296,0,1,6,1,0,0,1,1
54,27,0,0,2,0,0,0.0,0,12,392,4606493,0,9,0,0,0,1,1
45,15,0,0,2,0,0,0.0,0,55,5638,2,0,7,1,0,0,1,0
27,18,0,0,2,0,0,0.0,0,203,5322,2462105,0,6,0,0,0,0,0
24,15,0,0,2,0,0,0.0,0,349,-1,1906357,0,6,0,0,0,1,0
51,21,0,1,3,0,0,0.0,0,1,5076,0,0,9,0,1,1,1,1
109,15,1,1,2,0,0,0.100917431,0,143,5339,11052,0,17,0,0,1,2,0
63,14,0,0,2,0,0,0.031746032,0,123,7478,631,0,12,0,0,0,1,0
28,16,0,0,2,0,0,0.0,0,273,2466,940222,0,7,0,0,0,1,0
28,20,0,1,1,1,0,0.0,0,0,12,0,1,6,0,0,2,2,1
127,50,1,0,3,1,0,0.141732283,0,51,3992,5697976,1,18,0,1,1,2,1
20,11,0,0,2,0,0,0.0,0,96,67,958398,0,6,0,0,0,1,0
52,20,0,1,3,0,0,0.0,2,4,1523,0,1,9,0,0,1,1,1
65,17,0,0,3,1,0,0.0,0,331,3970,282367,0,14,0,0,1,2,0
90,17,1,1,3,1,0,0.144444444,1,0,8896,596512,0,19,0,0,1,3,0
98,13,0,0,2,0,0,0.0,0,17,7419,285,0,20,0,0,0,0,0
138,13,1,1,2,0,0,0.31884058,0,38,1115,6093988,1,27,0,0,1,2,1
34,25,0,0,2,0,0,0.058823529,0,0,5158,0,1,6,1,0,0,2,1
70,19,0,1,1,0,0,0.0,4,13,1162,0,1,10,0,1,2,2,1
35,27,0,0,2,0,0,0.114285714,0,24,6381,0,1,5,1,1,1,1,1
49,30,0,0,2,0,0,0.0,0,116,6606,899,1,8,0,0,1,0,1
23,14,0,0,2,0,0,0.130434783,0,52,1254,0,0,6,0,0,0,2,0
59,18,0,0,2,0,0,0.084745763,0,417,6315,8182,0,9,0,0,0,0,0
27,16,0,1,2,0,0,0.0,0,21,760,0,1,7,0,0,1,1,1
29,21,0,0,2,0,0,0.0,0,26,2361,274501,0,5,0,0,0,1,0
135,19,0,1,2,1,0,0.0,0,0,659,0,1,21,0,0,0,3,0
40,14,0,1,3,0,0,0.0,1,0,-1,0,1,9,0,0,0,2,1
45,37,0,1,3,0,0,0.066666667,0,29,88,9498326,1,9,0,1,1,2,1
48,11,0,1,3,0,0,0.041666667,0,0,9279,1060251,0,11,0,0,0,3,0
30,6,1,1,1,0,0,0.4,0,0,2328,6143932,1,7,0,0,0,2,1
119,25,0,0,2,1,1,0.092436975,0,26,8018,0,1,19,0,1,1,1,1
117,30,1,1,3,1,0,0.102564103,0,0,-1,24323,0,18,0,0,0,3,0
59,28,1,1,3,0,1,0.152542373,0,21,5616,0,1,12,0,0,0,2,1
49,24,0,1,3,0,0,0.0,0,13,987,5630285,1,8,0,0,2,2,1
50,37,0,0,2,0,1,0.02,0,11,7295,0,1,10,1,0,0,2,1
24,15,0,0,2,0,0,0.0,0,148,4573,0,0,6,0,0,1,2,0
102,23,1,1,3,1,0,0.245098039,2,9,3078,0,1,13,0,0,1,1,1
67,26,1,1,2,1,0,0.313432836,0,0,5770,0,1,8,0,0,0,2,1
40,32,0,1,2,0,0,0.0,0,1,7083,17964,1,6,0,0,0,2,1
243,12,1,1,3,1,0,0.106995885,0,503,798,0,1,15,1,1,3,2,1
30,22,0,1,2,0,1,0.0,0,90,7297,0,0,6,1,0,0,2,0
47,16,0,0,2,0,0,0.0,0,616,7132,12,0,8,1,0,0,1,0
59,19,0,1,2,0,0,0.06779661,0,24,1967,2047297,0,11,0,0,0,2,0
36,16,0,1,2,0,0,0.0,0,236,6070,14592,0,7,0,0,1,1,0
53,25,0,1,3,0,0,0.0,0,51,7501,3805267,0,9,0,0,0,2,0
54,18,0,1,3,0,0,0.092592593,0,123,8705,69911,0,10,0,0,1,2,0
81,22,0,1,3,0,0,0.0123456789999999,1,0,7236,3316,0,12,0,0,0,3,0
81,27,1,1,2,0,0,0.185185185,0,30,5767,0,1,8,0,0,1,1,1
58,21,0,1,3,0,0,0.034482759,0,5,1103,0,1,12,0,0,1,1,1
37,17,0,0,1,0,0,0.0,0,332,3378,178841,0,6,0,0,0,1,0
79,12,0,1,3,0,0,0.063291139,0,5,135,0,1,13,0,0,0,1,1
52,35,0,1,3,0,0,0.0,1,103,7189,428172,1,7,0,0,1,2,1
43,12,0,1,3,0,0,0.046511628,0,20,12351,7882,0,9,0,0,0,2,0
80,13,1,0,3,1,0,0.1625,4,4,2618,0,1,16,0,0,1,1,1
235,19,1,1,1,1,0,0.221276596,5,120,1589,0,1,27,0,0,0,1,1
62,22,0,1,3,0,1,0.0,0,0,2931,0,1,11,0,0,0,2,1
48,16,0,1,2,0,0,0.0,0,365,5426,60810,1,8,0,0,1,0,0
80,12,0,0,2,0,0,0.0,0,104,-1,6446,1,10,0,0,2,0,0
37,29,0,1,2,0,0,0.0,0,75,7882,0,1,6,0,0,0,2,1
33,10,0,0,3,0,0,0.0,0,19,-1,0,1,10,0,0,0,2,1
52,20,0,1,3,0,0,0.0,0,38,-1,62214,0,9,0,0,1,1,0
57,35,0,1,3,0,0,0.0,0,61,3806,0,0,7,0,0,0,2,0
21,6,0,0,1,0,1,0.0,0,7,-1,3514,1,6,0,0,1,1,1
436,14,1,1,3,0,0,0.461009174,0,0,-1,0,1,18,0,0,0,2,1
34,26,0,1,2,0,1,0.0,0,71,7298,0,0,6,1,0,0,1,0
72,22,0,1,3,0,1,0.013888889,0,1,-1,0,0,10,0,0,0,1,1
22,13,0,0,1,0,0,0.0,0,12,2469,527748,0,5,0,0,0,1,0
31,13,0,1,2,0,0,0.064516129,0,30,7412,1355,1,8,0,0,1,1,0
52,22,0,0,3,0,1,0.115384615,0,33,7296,0,1,9,1,0,0,2,1
56,29,0,1,3,0,0,0.0,0,4,-1,0,1,10,0,0,1,1,1
54,13,1,1,3,0,0,0.185185185,1,31,-1,0,1,11,1,1,2,2,1
82,30,0,1,3,1,0,0.036585366,0,1,7083,17964,1,15,0,1,0,2,1
68,13,0,0,1,0,0,0.0,0,140,6965,900,1,10,0,0,1,0,0
55,19,0,0,1,0,0,0.0,0,18,4624,1372238,0,9,0,0,0,0,0
39,31,0,1,2,0,0,0.0,0,145,-1,0,0,6,0,0,1,2,0
40,18,0,1,2,0,0,0.0,0,121,9205,690,0,7,0,0,1,0,0
48,21,0,1,2,0,0,0.125,0,24,7529,23368,1,8,0,0,0,1,1
24,10,0,0,1,0,0,0.083333333,0,4,2139,309382,1,5,0,0,1,1,1
72,15,1,0,3,0,0,0.180555556,0,185,11555,609,1,12,1,0,0,1,0
25,16,0,0,2,0,1,0.0,0,35,1314,3926702,0,6,0,0,0,0,0
63,21,0,1,3,0,0,0.047619048,1,5,1284,0,1,10,0,0,1,1,1
38,15,1,1,3,0,0,0.315789474,0,0,-1,0,1,10,0,1,0,2,1
32,23,0,0,2,1,0,0.0,0,244,4472,335899,0,7,0,0,0,1,0
85,31,0,0,2,0,0,0.0,0,15,1957,0,0,15,0,0,0,2,1
27,19,0,1,2,1,0,0.0,0,288,4567,1857815,0,7,0,0,1,2,0
55,20,0,1,2,0,0,0.0,0,0,1590,0,1,12,0,0,0,2,1
73,10,0,1,2,0,0,0.02739726,0,56,2098,0,1,11,0,1,0,2,1
40,16,0,0,2,0,0,0.0,0,228,-1,124657,0,7,0,0,0,0,0
61,22,0,1,3,0,0,0.0,0,93,7756,49305,0,10,0,0,1,1,0
119,15,0,1,3,0,0,0.117647059,0,0,11425,259309,0,18,1,0,0,3,0
43,15,0,0,2,0,0,0.0,0,52,5636,2,0,9,1,0,0,1,0
56,14,0,1,3,0,0,0.089285714,0,0,4503,317915,0,12,0,0,1,3,0
27,11,0,0,1,0,0,0.037037037,0,25,7491,63,0,5,1,0,0,2,0
71,19,0,1,2,1,0,0.0,4,27,-1,1173481,1,11,0,0,1,1,1
41,13,0,0,2,0,0,0.048780488,0,336,8336,66410,0,8,0,0,1,2,0
40,32,0,1,2,0,0,0.0,0,9,-1,0,1,6,0,0,1,1,1
77,23,0,1,3,0,0,0.0,0,5,4838,8307276,1,12,0,0,2,1,0
63,10,0,0,3,0,0,0.047619048,0,18,360,8262494,1,13,0,1,1,2,1
62,18,0,1,2,0,0,0.0,0,116,8812,888250,1,11,0,0,1,2,0
73,14,0,0,2,0,0,0.109589041,0,20,5406,9301,1,15,0,0,0,1,0
57,20,0,1,3,1,0,0.0,3,21,588,0,1,11,0,0,1,1,1
52,15,0,1,3,1,0,0.019230769,2,0,8294,150140,1,11,0,0,0,2,1
23,14,0,0,1,0,0,0.0,0,56,1340,2646678,0,5,0,0,0,1,0
33,25,0,1,2,0,0,0.0,0,5,5440,0,1,6,1,0,1,1,0
65,25,0,1,3,1,0,0.015384615,0,33,4785,7301451,0,10,0,0,0,1,0
34,26,0,1,3,0,0,0.0,0,9,-1,646312,0,7,0,0,0,2,0
70,14,1,1,1,0,0,0.3,0,0,5233,10313348,1,8,0,0,0,2,1
62,20,0,1,3,1,0,0.0,3,4,3437,0,1,11,0,0,1,1,1
29,21,0,1,2,1,0,0.0,0,20,3639,181624,0,7,0,0,0,2,0
32,24,0,1,2,0,0,0.0,0,14,2700,0,0,6,0,0,0,2,0
88,17,0,1,3,0,0,0.0681818179999999,0,298,8759,1179,0,14,1,0,1,0,0
63,20,0,1,2,0,0,0.0,0,40,2077,6416,0,11,0,0,1,1,0
30,21,0,0,2,0,0,0.0,0,15,8350,1,0,6,1,0,0,1,0
73,17,1,1,3,0,0,0.095890411,0,6,-1,2617839,1,12,0,0,0,2,1
48,19,0,0,3,0,0,0.0,0,175,6377,7962,1,10,0,0,1,0,0
132,16,1,0,3,0,0,0.045454545,0,9,7764,32,0,12,0,0,0,1,1
33,25,0,1,2,0,0,0.0,0,104,2421,0,0,6,0,0,0,2,0
63,23,0,0,3,0,0,0.0,0,8,-1,0,1,11,0,0,0,1,1
39,31,0,1,2,1,0,0.0,1,47,-1,77586,1,7,0,0,1,1,1
49,27,0,1,3,1,1,0.12244898,1,27,6636,0,1,10,0,0,2,1,1
35,28,0,1,2,0,1,0.0,0,16,7295,0,1,5,1,0,1,1,1
134,50,1,1,3,1,0,0.149253731,0,4,4003,5828815,1,20,0,1,1,1,1
32,23,0,0,2,0,0,0.0,0,65,4079,293870,0,6,0,0,0,2,0
49,31,1,0,3,0,1,0.204081633,0,21,5616,0,1,8,0,0,0,2,1
648,18,1,0,3,1,0,0.203703704,2,14,1881,6613,1,35,0,0,0,1,1
108,17,0,1,2,0,0,0.074074074,0,190,9217,38608,0,19,0,0,1,1,0
21,12,0,0,2,0,0,0.0,0,80,-1,0,0,6,0,0,0,1,0
31,24,0,1,2,0,0,0.032258065,0,430,5808,3255580,0,5,0,0,0,2,0
19,10,0,0,1,0,0,0.0,0,134,6255,2494084,0,5,0,0,0,2,0
47,25,0,1,2,0,0,0.0,0,186,6259,683,0,6,0,0,1,2,0
32,24,0,1,2,0,0,0.0625,0,4,8,0,1,6,0,0,1,1,1
71,46,1,1,3,1,0,0.281690141,0,31,1015,1196152,1,9,0,0,0,1,1
55,13,0,0,2,1,0,0.018181818,0,207,8185,31609,1,9,0,0,5,2,0
37,29,0,1,3,0,0,0.0,0,0,1,0,1,7,0,0,1,1,1
36,21,0,1,2,0,0,0.083333333,0,0,75,0,1,7,0,0,0,2,1
31,22,0,0,2,0,0,0.0,0,39,5421,0,0,6,0,0,0,2,0
45,18,0,1,2,0,0,0.0,0,110,5811,225,1,8,0,0,2,1,0
156,68,1,1,3,0,0,0.173076923,0,0,-1,4280394,1,22,0,0,0,2,1
18,9,0,0,1,0,0,0.0,0,540,2472,1457389,0,5,0,0,0,1,0
46,19,0,1,3,0,0,0.0,1,0,7796,0,1,8,0,0,0,2,1
28,20,0,1,2,0,0,0.0,0,80,3843,5462227,0,6,0,0,0,1,0
38,13,0,0,1,0,0,0.131578947,0,372,3806,327963,0,7,0,0,1,1,0
55,22,0,1,2,0,0,0.0,0,52,7815,2546,1,8,0,0,3,2,0
23,14,0,0,2,0,0,0.0,0,35,2144,0,0,6,0,0,0,1,0
36,29,0,1,2,0,1,0.0,0,14,7295,0,1,5,1,0,1,1,1
26,18,0,1,2,0,0,0.0,0,70,4037,962335,0,6,0,0,0,0,0
69,23,1,1,2,1,0,0.115942029,0,0,3381,0,1,12,0,0,0,1,1
42,13,0,1,2,1,0,0.0,1,24,477,0,1,8,0,0,0,1,1
37,10,0,1,2,0,0,0.027027027,0,0,3798,9506603,1,8,0,0,0,2,1
64,13,0,0,2,0,1,0.09375,1,75,-1,534441,0,12,0,0,0,2,0
116,21,0,1,3,1,0,0.0,4,6,4609,0,1,19,0,0,0,1,1
24,15,0,0,1,0,0,0.0,0,100,-1,0,0,5,0,0,0,2,0
19,7,0,1,1,0,0,0.0,0,16,-1,4744288,1,6,0,0,0,0,1
78,25,0,1,3,0,0,0.141025641,0,4,2889,0,1,11,0,0,1,1,1
32,24,0,1,2,0,0,0.0,1,47,1950,341948,1,6,0,0,1,1,1
48,23,0,1,2,1,0,0.083333333,0,222,6236,270689,1,9,0,0,1,0,0
48,27,0,1,2,1,0,0.041666667,0,10,4378,0,1,8,0,0,2,2,1
49,24,0,0,1,1,0,0.0,3,13,-1,0,1,8,0,0,2,1,1
75,24,0,1,2,0,0,0.0,0,65,4843,5881,0,14,0,1,1,2,0
38,29,0,0,2,0,0,0.0,0,1,2301,22884,1,6,0,0,0,1,1
29,14,0,1,2,0,0,0.0,1,5,5230,0,1,7,0,0,0,1,1
128,50,1,0,3,1,0,0.1484375,0,51,3993,5707171,1,19,0,1,0,2,1
24,15,0,0,1,0,0,0.0,0,27,-1,0,1,5,0,0,1,2,1
43,10,0,1,1,0,0,0.046511628,1,0,3972,0,1,8,0,0,1,2,1
66,18,0,1,2,0,0,0.0,0,185,6260,6679,0,10,0,0,1,1,0
80,22,1,1,2,0,1,0.3125,0,0,5784,50100,1,11,0,1,0,2,1
426,14,1,1,3,0,0,0.042253521,3,21,-1,0,1,97,1,1,2,2,1
50,32,0,1,3,0,0,0.0,2,15,1036,0,1,10,0,0,0,1,1
107,14,0,1,3,0,0,0.009345794,2,5,5228,0,1,26,0,0,0,1,1
40,13,1,1,3,0,0,0.25,1,21,-1,0,1,12,0,1,2,2,1
49,14,0,1,2,0,0,0.0,0,51,2305,541454,1,9,0,0,0,1,1
38,29,0,0,2,0,1,0.0,0,11,7296,0,1,6,1,0,0,2,1
17,10,0,1,2,0,0,0.0,0,324,8415,139193,0,5,0,0,1,1,0
36,28,0,1,2,0,0,0.027777778,1,47,1950,341948,1,6,0,0,1,1,1
44,20,0,1,2,0,1,0.0,0,29,4822,209887,1,6,0,1,1,1,0
23,14,0,0,1,0,0,0.0,0,27,6289,0,0,5,0,0,0,2,0
26,9,0,0,2,0,0,0.115384615,0,0,7800,2868149,1,6,0,0,0,2,1
189,9,1,0,2,0,1,0.465608466,1,12,736,0,1,14,0,0,1,0,1
43,14,0,1,3,0,0,0.139534884,0,135,7158,2294,1,9,0,0,2,1,0
68,18,0,1,1,0,0,0.102941176,0,82,5813,0,1,13,0,0,0,2,1
29,15,0,0,1,0,1,0.0,0,29,54,7343400,1,5,0,0,1,1,1
47,16,0,1,2,0,0,0.0,0,55,2388,1616,0,9,0,0,0,0,0
60,16,0,1,1,1,0,0.05,3,2,3237,0,1,11,0,0,0,1,1
58,13,0,1,2,0,0,0.0862068969999999,0,298,9230,763,1,10,0,0,2,1,0
41,18,0,1,2,0,0,0.0,0,117,9205,690,0,7,0,0,1,0,0
30,22,0,1,2,0,0,0.0,0,195,8708,1562899,0,6,0,0,1,2,0
27,15,0,0,2,0,0,0.0,0,277,7883,487488,0,7,0,0,0,0,0
32,23,0,0,2,0,0,0.0,0,72,7772,2778053,0,6,0,0,0,1,0
40,14,0,1,2,0,0,0.025,0,67,5290,1547,0,9,0,0,1,1,0
57,14,0,1,2,0,0,0.01754386,0,17,1794,0,1,9,0,0,0,2,1
56,16,0,0,2,0,0,0.0,0,434,7131,12,0,9,1,0,0,1,0
65,14,0,0,2,1,0,0.0,3,7,-1,0,1,12,0,0,0,1,1
40,32,0,1,2,0,0,0.075,0,184,1547,4639,1,6,0,0,0,2,1
74,14,1,1,2,0,0,0.202702703,0,0,4377,0,1,10,0,0,1,2,1
40,18,0,0,2,0,1,0.0,0,93,8053,4635,1,6,0,0,0,1,0
27,18,0,0,3,0,1,0.0,0,31,-1,162665,0,7,0,0,1,0,0
39,20,0,1,2,0,0,0.0,0,0,160,6030823,1,6,0,0,1,2,1
72,28,0,0,3,1,0,0.041666667,2,48,1546,4669,1,12,0,0,0,1,1
104,59,0,1,3,0,0,0.038461538,0,0,8415,0,1,21,1,0,0,2,1
43,18,0,0,3,0,0,0.0,0,517,7133,12,1,8,1,0,0,0,0
52,43,0,0,2,0,1,0.0,1,16,7296,0,0,6,1,0,0,2,1
48,16,0,0,2,0,0,0.0,0,45,1541,2573053,0,8,0,0,0,1,1
24,17,0,1,2,0,0,0.0,0,34,2695,0,0,5,1,0,1,2,0
43,15,0,0,2,0,0,0.0,0,92,6686,2897,0,8,0,0,0,0,0
48,16,0,0,2,0,0,0.0,0,610,7134,13,0,8,1,0,0,1,0
54,16,0,1,3,1,0,0.0,2,26,6510,0,1,11,0,0,1,2,1
36,21,0,1,2,0,0,0.0,0,9,4917,1666252,1,6,0,0,1,2,0
60,17,0,0,2,1,1,0.033333333,0,100,10674,23,1,12,1,0,1,0,0
34,25,0,0,2,0,1,0.029411765,0,14,7295,0,1,6,1,0,0,1,1
33,22,0,1,1,0,0,0.0,0,230,6434,48630,0,6,0,0,2,1,0
70,22,0,1,2,0,0,0.0,0,280,2718,0,1,12,0,0,3,2,0
41,32,0,0,2,0,0,0.073170732,0,203,1546,4669,1,6,0,0,1,2,1
23,15,0,1,2,0,0,0.0,0,12,1317,142374,0,6,0,0,0,0,1
64,19,0,1,1,1,0,0.046875,2,4,4291,0,1,10,0,0,1,2,1
86,14,1,0,2,0,0,0.337209302,0,6,7975,3197,1,11,0,0,0,1,1
67,16,0,1,3,0,0,0.134328358,0,0,12156,17877,1,14,0,0,0,3,0
70,14,0,0,1,0,1,0.0,0,33,1934,56558,1,11,0,0,1,2,0
127,50,1,0,3,1,0,0.173228346,0,51,3992,5697976,1,18,0,1,1,2,1
62,14,0,1,3,1,1,0.0,0,99,5618,49873,1,13,0,0,2,0,0
24,15,0,0,2,0,0,0.0,0,313,7364,544676,0,6,0,0,0,1,0
77,15,1,1,2,0,0,0.506493506,1,4,2031,0,1,10,0,0,0,1,1
155,14,1,0,3,0,0,0.4,1,31,-1,0,1,19,0,1,0,2,1
55,36,0,1,3,0,1,0.163636364,0,19,5627,0,1,11,0,0,0,2,1
56,30,0,1,2,0,0,0.035714286,0,103,6831,0,1,9,0,0,1,2,1
37,16,0,1,1,0,0,0.0,0,0,6377,0,1,7,0,0,0,2,1
42,35,0,1,2,0,1,0.0,0,226,7297,919168,0,5,1,0,0,2,0
31,13,1,1,3,0,0,0.322580645,0,4,-1,0,1,9,0,1,0,1,1
27,17,0,1,2,0,0,0.0,0,1,5025,544886,1,6,0,0,0,2,1
26,17,0,0,2,1,0,0.0,0,204,4648,1812190,0,7,0,0,0,0,0
39,15,0,1,2,0,0,0.102564103,0,543,5447,825963,0,9,0,0,0,1,0
113,24,1,1,3,0,0,0.168141593,0,6,4225,11753,1,13,0,0,0,1,1
23,15,0,1,2,1,0,0.260869565,0,129,5821,595635,0,7,0,0,1,2,0
71,19,0,1,2,1,0,0.0,2,4,2248,0,1,11,0,1,1,1,1
41,33,0,1,2,0,1,0.0,0,10,7309,0,1,6,1,0,1,2,1
47,20,0,1,2,0,0,0.0,0,79,-1,1368106,1,8,0,0,2,1,0
28,11,0,0,1,0,1,0.035714286,0,5,6753,2305,1,5,0,0,1,1,1
51,43,0,1,1,0,0,0.0,0,0,18,0,1,7,0,0,0,2,1
96,21,1,0,3,0,0,0.072916667,0,7,4368,31458,0,14,0,0,0,1,0
61,16,0,1,2,1,0,0.0,3,0,-1,0,1,11,0,0,1,2,1
76,50,1,1,3,1,0,0.144736842,0,51,3992,5697976,1,10,0,1,1,2,1
61,40,0,1,2,1,0,0.0,0,218,6260,683,0,7,0,0,1,2,0
47,7,0,0,1,0,0,0.106382979,0,0,2521,632751,1,6,0,1,1,1,1
130,122,1,1,3,1,0,0.369230769,0,1,6868,0,1,13,0,0,0,0,1
63,14,0,1,1,0,0,0.0,0,247,2428,0,1,11,0,0,1,2,0
45,17,0,1,1,0,0,0.0,0,0,-1,0,1,7,0,0,0,2,0
35,26,0,0,2,1,0,0.0,0,14,2202,15868,1,7,0,0,0,2,1
81,16,0,0,3,1,1,0.0123456789999999,0,51,4775,8181,1,15,0,0,1,1,0
48,15,0,0,2,0,0,0.0,0,84,5499,41592,0,9,0,0,0,0,0
23,14,0,0,2,0,0,0.0,0,8,2317,40354,0,6,0,0,0,1,0
44,26,0,1,3,0,0,0.0,1,87,-1,0,1,8,0,0,0,2,1
23,12,0,0,2,0,0,0.0,0,154,9331,9295,1,6,0,0,0,0,0
106,19,1,1,2,1,0,0.188679245,3,88,2046,0,1,13,0,0,1,1,1
44,25,1,0,3,0,1,0.0681818179999999,2,21,5615,0,1,9,0,0,0,2,1
77,14,0,0,2,0,0,0.025974026,0,72,9399,15,0,17,1,0,0,2,0
30,11,0,0,1,0,0,0.0,0,25,7490,63,0,5,1,0,0,2,0
56,20,0,1,2,0,0,0.1785714289999999,0,0,602,0,1,9,0,0,0,2,1
89,16,0,1,2,0,0,0.0,0,213,7839,4055,0,14,0,1,1,0,0
89,11,0,1,3,1,0,0.0,0,114,-1,1009471,1,18,0,0,2,1,0
43,15,0,0,2,0,0,0.046511628,0,52,5635,2,0,8,1,0,0,1,0
111,14,0,0,3,0,0,0.063063063,0,38,8880,127246,1,22,0,1,0,2,0
85,20,0,1,2,1,0,0.047058824,0,24,6208,77911,0,19,0,0,1,2,0
83,33,0,0,3,0,0,0.072289157,0,0,7448,385,1,15,1,0,0,3,0
60,26,0,1,2,1,1,0.083333333,0,27,6638,0,1,10,0,0,2,1,1
68,16,0,1,2,0,0,0.0,0,213,7841,3990,0,12,0,0,1,0,0
22,13,0,0,1,0,0,0.0,0,0,917,2225082,0,5,0,0,0,2,1
21,12,0,0,1,0,0,0.0,0,217,-1,828180,0,5,0,0,0,2,0
61,14,0,1,2,0,0,0.0,0,20,8565,650,0,10,0,0,0,0,0
263,20,1,1,3,0,0,0.273764259,3,74,4097,0,1,23,0,1,1,2,1
59,20,0,1,2,1,0,0.0,1,82,12710,1115,0,10,0,0,1,1,0
168,12,0,0,2,0,0,0.142857143,0,6,4967,0,1,8,0,0,0,2,1
33,25,0,1,2,1,0,0.0,1,47,1950,341948,0,7,0,0,1,1,1
59,19,0,1,2,0,0,0.0,0,278,6265,1581458,1,8,0,0,0,1,0
37,14,0,1,3,0,0,0.0,0,571,4182,177684,1,8,0,0,0,2,0
30,16,0,0,2,0,0,0.0,0,560,8414,176808,1,6,0,0,1,0,0
136,50,1,0,3,1,0,0.132352941,0,51,3993,5707171,1,21,0,1,0,2,1
70,40,0,1,3,0,1,0.042857143,3,22,5615,0,1,13,0,0,0,2,1
30,21,0,0,2,0,0,0.0,0,12,5603,3364923,0,6,0,0,0,1,0
99,15,0,0,2,0,0,0.090909091,1,25,8346,1,1,11,1,0,1,2,1
71,24,0,1,2,0,1,0.0,1,89,7615,2188,1,10,0,0,2,1,0
71,63,0,1,3,1,0,0.112676056,0,47,-1,0,1,9,0,0,0,2,1
51,31,0,1,1,0,0,0.019607843,0,34,-1,0,1,8,0,0,1,2,1
57,49,0,1,3,0,1,0.0,0,10,657,0,1,11,1,1,0,0,1
80,16,0,1,2,0,0,0.0,0,0,-1,0,1,16,0,0,1,1,0
53,21,0,1,2,0,0,0.037735849,0,0,5971,0,1,9,0,0,1,1,1
88,18,0,0,2,0,0,0.056818182,0,415,6315,8182,0,13,0,0,0,0,0
37,28,0,0,2,1,0,0.0,0,0,2837,0,1,7,0,0,0,1,1
41,24,0,1,2,0,0,0.024390244,0,0,5408,0,1,7,0,0,0,2,1
96,37,0,1,3,1,0,0.0,3,22,397,0,1,13,0,0,0,1,1
121,16,0,0,2,0,0,0.247933884,2,1,8346,1,1,37,1,0,1,0,1
49,18,0,0,2,0,0,0.0,0,127,9169,599,0,9,0,0,0,0,0
32,14,0,0,2,0,0,0.125,0,2228,9269,8530,1,7,0,0,1,1,0
66,18,0,0,2,0,0,0.0,0,196,5222,136,0,9,0,0,0,2,0
59,23,0,0,2,1,0,0.033898305,0,251,7838,603,1,10,0,0,0,0,0
149,17,0,1,3,1,0,0.073825503,2,22,1098,0,1,25,0,0,0,1,1
34,15,0,1,2,0,1,0.029411765,0,21,7006,0,0,7,0,0,0,1,1
102,25,0,1,2,0,0,0.0,0,61,3683,443077,0,11,0,0,0,1,0
46,25,0,1,2,0,0,0.0,0,196,6256,689,0,6,0,0,1,2,0
165,16,1,0,3,0,0,0.260606061,1,28,1265,2433519,1,21,0,0,1,0,1
46,24,0,1,3,0,0,0.0,0,110,5207,27218,0,7,0,0,1,2,0
27,19,0,1,2,0,0,0.0,0,16,3271,0,0,6,0,0,1,1,0
19,6,0,1,1,0,1,0.052631579,0,6,3152,38060,1,5,0,0,0,1,1
43,14,0,1,1,0,0,0.093023256,0,0,5302,0,1,7,0,0,1,2,1
177,32,1,1,3,0,0,0.079096045,4,87,4554,0,1,22,1,1,0,2,1
112,9,1,1,2,0,0,0.241071429,1,17,-1,0,1,21,0,0,0,1,1
22,14,0,1,2,0,0,0.0,0,95,9522,8315,0,6,0,0,1,0,0
66,27,1,1,3,0,0,0.318181818,0,10,4478,188429,1,11,0,0,1,2,1
26,17,0,0,2,0,0,0.0,0,114,6593,6293604,0,6,0,0,0,0,0
58,50,0,1,2,0,0,0.0,0,9,1454,0,1,11,0,1,0,1,1
119,14,1,1,1,1,0,0.43697479,1,44,276,0,1,10,0,0,1,1,1
25,18,0,1,2,0,0,0.0,0,12,7446,6418275,1,5,0,0,0,1,1
76,50,1,1,3,1,0,0.144736842,0,51,3992,5697976,1,10,0,1,1,2,1
88,20,0,1,1,1,0,0.0,0,12,-1,0,1,14,0,1,1,0,0
34,12,0,1,3,0,0,0.0,1,7,605,0,1,8,0,0,0,1,1
31,23,0,1,2,0,0,0.0,1,24,4489,0,1,6,0,0,1,2,1
35,26,0,0,3,0,0,0.0,0,26,5233,0,0,7,0,0,0,2,0
29,21,0,1,1,0,0,0.0,0,18,4190,2024745,0,5,0,0,1,2,0
131,54,1,1,3,1,0,0.1755725189999999,0,51,3992,5707171,1,20,0,1,0,2,1
24,16,0,1,2,1,0,0.0,0,85,5545,5973329,0,7,0,0,1,2,0
263,25,0,1,3,0,0,0.106463878,0,1,7083,17964,1,13,0,1,0,2,1
32,15,0,0,2,0,0,0.03125,0,1,8350,1,1,6,1,0,1,0,0
79,23,1,1,2,1,0,0.278481013,0,0,1534,0,1,11,0,0,0,2,1
44,9,0,1,2,0,0,0.0,1,0,-1,8262038,1,9,0,0,0,2,1
15,8,0,1,1,0,0,0.0,0,984,2168,11746,0,4,0,0,2,2,0
119,42,1,1,3,0,0,0.218487395,0,51,3992,5697976,1,18,0,1,0,2,1
63,19,0,1,2,1,0,0.0,1,0,255,0,1,12,0,0,0,2,1
126,50,1,0,3,1,0,0.166666667,0,51,3993,5707171,1,19,0,1,0,2,1
47,16,0,1,2,0,0,0.042553191,1,193,503,0,1,9,0,0,1,2,1
63,23,0,1,2,1,0,0.0,0,144,8435,3754,1,10,0,0,2,2,0
64,14,1,0,3,0,0,0.203125,0,144,7478,629,0,10,0,0,1,1,0
106,22,1,1,3,1,0,0.150943396,4,4,-1,0,1,14,0,0,0,1,1
33,16,0,0,2,0,0,0.151515152,0,146,-1,71671,0,8,0,0,0,1,0
26,18,0,0,1,0,0,0.0,0,13,-1,60725,0,4,0,0,0,2,0
31,22,0,0,2,0,1,0.0,0,543,5337,169911,0,6,0,0,0,1,0
40,31,0,0,2,1,1,0.0,0,11,7296,0,1,7,1,0,0,2,1
32,25,0,1,2,0,1,0.0,0,14,7295,0,1,5,1,0,1,1,1
68,37,0,1,3,0,0,0.0,0,0,8916,14605,0,10,0,0,1,2,1
27,16,0,1,2,0,0,0.037037037,0,0,4265,0,1,7,0,0,0,2,1
59,10,0,1,2,1,0,0.0,4,10,2235,0,1,12,0,0,0,1,1
37,28,0,0,3,0,0,0.0,0,73,-1,2965628,0,7,0,0,1,2,0
30,21,0,0,2,0,0,0.0,0,127,2301,22884,0,6,0,0,0,1,1
96,20,0,1,3,0,0,0.0,1,220,4097,0,1,15,0,1,1,2,1
37,29,0,1,2,0,0,0.054054054,1,47,1950,341948,1,6,0,0,1,1,1
122,31,1,1,2,0,0,0.278688525,1,20,496,3273064,1,11,0,0,0,1,1
69,16,0,1,2,0,0,0.028985507,0,46,-1,1546214,1,14,0,0,2,0,0
98,28,0,1,2,1,0,0.0,0,87,7530,264522,0,11,0,0,0,2,0
42,33,0,0,2,0,0,0.047619048,0,29,1594,672283,0,6,0,0,0,2,0
31,24,0,1,3,0,0,0.0,0,307,8227,71252,0,6,0,0,1,2,0
58,17,0,1,3,0,1,0.0,0,123,4444,59591,0,9,0,0,1,1,0
26,17,0,0,2,0,0,0.0,0,42,7932,0,0,6,0,0,0,1,0
67,18,0,1,3,0,0,0.029850746,0,89,7812,2939,1,10,0,0,2,0,0
112,12,0,1,3,1,0,0.008928571,2,0,5438,0,1,15,0,1,0,2,1
40,23,0,1,3,0,0,0.0,0,40,-1,0,0,9,0,0,1,2,0
25,6,0,1,1,0,0,0.16,0,0,-1,3014313,1,5,0,0,1,2,1
19,11,0,1,1,0,0,0.0,0,89,2504,53192,0,5,0,0,1,1,0
550,25,1,0,3,0,1,0.3527272729999999,1,12,6591,30,1,69,1,1,0,2,0
19,10,0,0,2,0,0,0.0,0,127,-1,259358,0,6,0,0,0,1,0
41,21,0,0,3,1,0,0.0,0,113,4364,2396418,1,8,0,0,0,2,0
31,23,0,1,2,1,0,0.0,0,84,4029,581047,0,7,0,0,1,1,0
67,15,0,1,2,0,0,0.074626866,0,269,5887,184,0,11,0,0,1,2,0
55,17,0,1,3,0,0,0.109090909,0,2,6564,557365,0,10,0,0,0,1,0
44,14,1,1,3,0,0,0.159090909,0,71,7160,2336,1,9,0,0,2,1,0
34,25,0,0,2,0,0,0.176470588,0,0,190,0,1,8,0,1,0,2,1
57,18,0,0,3,1,0,0.070175439,0,66,-1,92156,0,10,0,0,0,2,0
64,27,0,1,2,1,0,0.046875,0,184,-1,2995662,1,8,0,0,1,2,0
44,16,0,0,2,0,0,0.0,0,315,7130,12,0,10,1,0,0,2,0
40,15,0,0,1,0,0,0.0,0,292,7658,436,0,7,0,0,0,1,0
89,20,0,0,3,0,0,0.078651685,0,32,250,0,0,11,0,0,0,2,1
91,12,0,0,2,0,0,0.010989011,0,282,6065,422,0,13,0,0,0,0,0
85,20,0,1,3,0,0,0.058823529,0,0,12168,5943,0,14,0,0,1,3,0
61,21,0,1,2,0,0,0.131147541,0,97,3733,12371,0,13,0,0,1,2,0
42,13,0,1,3,1,0,0.0,3,4,569,0,1,11,0,0,1,0,1
60,15,0,1,2,0,0,0.116666667,0,0,5271,41143,0,10,0,0,1,3,0
64,15,0,1,2,0,0,0.109375,0,40,2687,817298,1,17,0,0,1,1,0
81,27,1,1,2,0,0,0.209876543,0,30,5766,0,1,8,0,0,1,1,1
42,18,0,1,2,0,0,0.0,0,132,9205,690,0,7,0,1,1,0,0
63,55,0,1,2,0,0,0.0,1,52,5243,0,1,6,0,0,1,1,1
39,14,0,1,3,0,1,0.0,0,0,7222,726,0,7,0,1,1,2,0
120,15,1,1,2,1,0,0.191666667,3,123,2048,0,1,14,0,0,1,2,1
30,22,0,1,2,0,0,0.0,0,67,932,0,0,6,0,0,0,1,0
153,12,1,0,3,0,0,0.248366013,0,1,-1,0,1,28,0,0,0,2,1
73,26,0,1,3,0,0,0.0,0,106,7523,10631,0,10,0,0,0,1,0
24,16,0,1,2,0,0,0.0,0,33,-1,135943,0,6,0,0,0,0,0
174,39,0,0,2,1,1,0.109195402,0,7,8018,0,1,26,0,1,1,1,1
96,14,1,0,2,0,0,0.135416667,0,63,5049,282,0,19,0,0,0,2,0
84,22,1,1,2,0,1,0.297619048,0,0,5784,50100,1,11,0,1,0,2,1
32,13,0,1,2,0,0,0.0,0,0,4182,0,1,7,0,0,0,2,1
28,20,0,1,2,1,0,0.0,0,39,4715,61726,0,7,0,0,1,1,0
53,18,0,1,2,0,0,0.037735849,0,150,-1,0,1,12,0,0,1,1,0
31,23,0,1,2,0,0,0.0,0,107,3900,2892561,0,6,0,0,0,2,0
41,25,0,1,2,0,0,0.0,0,250,6260,0,0,6,0,0,1,2,0
40,19,0,1,2,0,0,0.0,0,264,5886,46830,0,7,0,0,1,1,0
27,20,0,1,2,0,0,0.0,0,319,-1,0,0,6,0,0,0,2,0
41,33,0,1,3,0,0,0.024390244,0,465,165,0,1,10,0,0,1,2,1
43,15,0,0,2,0,0,0.046511628,0,52,5640,2,0,8,1,0,0,1,0
89,23,1,0,3,1,0,0.112359551,3,26,-1,0,1,15,0,0,0,1,1
125,50,1,0,3,1,0,0.12,0,51,3993,5707171,1,18,0,1,1,2,1
23,15,0,1,2,0,0,0.0,0,90,-1,1062972,0,6,0,0,0,2,0
39,16,0,0,2,0,0,0.0,0,53,8520,8,0,6,1,0,0,2,0
24,17,0,1,2,0,0,0.0,0,67,5159,0,0,6,1,0,1,1,0
27,5,0,1,1,0,0,0.0,0,38,-1,19406,1,5,0,0,1,1,1
48,30,0,1,2,0,0,0.0,0,1,1466,0,1,7,0,0,0,2,1
48,35,0,0,2,0,0,0.020833333,0,28,6382,0,1,11,1,0,1,2,1
45,21,0,1,2,1,0,0.0,0,203,5509,1290,0,9,0,0,1,1,0
65,18,0,1,3,0,0,0.123076923,0,4,-1,0,1,17,0,0,1,1,1
68,42,1,1,3,0,0,0.147058824,0,4,4004,5828815,1,9,0,1,1,1,1
51,20,0,0,2,1,0,0.078431373,0,108,-1,448264,0,10,0,0,0,2,0
61,25,0,1,2,0,0,0.163934426,0,0,561,0,1,9,0,0,0,2,1
26,18,0,1,3,0,1,0.0,0,30,3154,8888670,0,7,0,0,0,0,0
39,25,0,0,2,0,0,0.0,0,36,3898,210090,0,7,0,0,1,2,0
26,17,0,0,2,0,0,0.0,0,126,3890,320352,0,6,0,0,0,2,0
66,28,0,1,3,0,0,0.0,1,99,7224,39563,1,9,0,0,2,2,0
29,20,0,0,2,0,0,0.0,0,0,1079,138859,0,6,0,0,0,2,1
57,14,0,1,3,0,0,0.105263158,1,4,4088,0,1,11,0,0,0,2,1
18,11,0,1,1,0,0,0.0,0,112,-1,0,0,5,0,0,0,1,0
30,23,0,1,2,0,1,0.033333333,0,14,7295,0,1,5,1,0,1,1,1
90,17,1,0,3,0,0,0.177777778,0,13,1963,6417540,0,10,0,0,0,2,0
69,19,0,1,3,0,0,0.057971014,0,0,12805,2793,0,15,0,0,0,3,0
66,21,0,1,3,0,0,0.0,0,35,7354,1006585,0,10,0,0,0,2,0
43,15,0,0,2,0,0,0.0,0,52,5639,2,0,8,1,0,0,1,0
33,11,0,0,1,0,0,0.0,0,25,7489,63,0,6,1,0,0,2,0
36,27,0,0,2,0,1,0.055555556,0,13,7295,0,1,6,1,0,0,1,1
24,16,0,1,2,0,0,0.0,0,40,3166,0,0,6,0,0,0,0,0
28,20,0,1,1,1,0,0.0,0,0,5,0,1,6,0,0,1,2,1
98,15,1,1,1,0,0,0.479591837,0,0,-1,1027982,1,18,0,0,0,2,1
81,27,1,1,2,0,0,0.185185185,0,30,5767,0,1,8,0,0,1,1,1
35,28,0,1,2,0,0,0.028571429,1,47,1950,341948,1,5,0,0,1,1,1
176,13,1,1,3,0,0,0.244318182,1,7,7967,7232787,1,23,0,0,0,1,1
38,17,0,0,2,0,0,0.0,0,542,6430,618,0,7,0,0,0,1,0
26,11,0,1,1,0,0,0.076923077,1,5,-1,0,0,6,0,1,0,1,1
48,20,0,1,2,0,0,0.0,1,21,-1,0,1,8,0,0,2,2,1
40,16,0,1,2,0,0,0.0,0,4,2604,0,1,7,0,0,1,1,1
44,21,0,1,3,0,0,0.1363636359999999,0,0,-1,6482502,0,9,0,0,0,3,0
26,10,0,1,1,0,0,0.038461538,0,25,2179,0,1,6,0,0,1,2,1
53,22,0,1,3,0,0,0.0,1,0,343,0,1,9,0,0,0,2,1
90,37,0,1,2,0,1,0.0,0,130,7615,2190,0,11,0,0,1,1,0
36,28,0,1,2,0,1,0.0,0,83,7297,0,0,6,1,0,0,2,0
51,18,0,0,3,0,0,0.0,0,43,4664,3317498,1,8,0,0,0,1,0
28,19,0,0,2,1,0,0.0,0,4,-1,163093,0,7,0,0,0,2,0
28,19,0,0,1,0,0,0.0,0,31,1557,6126546,0,5,0,0,0,0,0
63,10,1,1,1,0,0,0.365079365,0,48,-1,0,1,8,0,0,0,2,1
45,13,0,1,2,0,0,0.022222222,1,7,-1,7601391,1,7,0,0,0,1,1
40,19,0,1,2,1,0,0.0,1,15,847,0,1,8,0,0,0,1,1
37,29,0,1,2,1,0,0.0,0,5,97,0,1,7,0,0,1,1,1
56,48,1,1,3,0,1,0.1607142859999999,0,0,5626,0,1,11,0,1,1,2,1
52,14,0,0,2,0,0,0.019230769,0,0,1953,4365,1,8,0,0,0,2,1
67,21,0,1,2,0,0,0.0,0,266,8823,24609,0,10,0,0,1,1,0
59,25,0,0,3,0,1,0.050847458,0,22,5626,0,1,10,0,1,0,2,1
59,18,0,1,2,1,0,0.0,4,10,3228,0,1,12,0,0,1,1,1
168,12,0,0,2,0,0,0.119047619,0,6,4967,0,1,8,0,0,0,2,1
23,16,0,1,2,0,0,0.0,0,12,7446,6418275,1,5,0,0,0,1,1
128,50,1,0,3,1,0,0.1484375,0,4,4003,5816617,1,19,0,1,1,1,1
39,13,0,0,2,0,0,0.0,0,283,8149,133,0,8,0,0,0,1,0
51,21,0,1,2,0,0,0.098039216,1,155,5633,101301,0,8,0,0,0,1,0
60,26,0,0,3,0,1,0.033333333,0,21,5627,0,1,10,0,1,0,2,1
25,14,0,1,2,1,0,0.0,0,0,3319,0,1,8,0,0,0,2,1
63,18,0,0,3,0,0,0.031746032,0,9,3325,0,1,12,0,0,0,1,1
53,18,0,1,3,0,0,0.0,0,8,939,0,1,9,0,0,0,1,1
44,37,0,1,2,0,1,0.090909091,0,14,7295,0,1,5,1,0,1,1,1
36,28,0,1,2,0,1,0.0,0,47,7299,2799686,0,6,1,0,0,2,0
81,25,0,1,3,1,0,0.074074074,0,38,4093,52436,0,14,0,0,1,2,0
53,44,1,0,3,0,1,0.169811321,0,0,5627,0,1,11,0,1,0,2,1
64,11,1,0,2,1,0,0.125,2,18,2428,10149,1,12,0,0,0,2,1
50,18,0,1,3,0,0,0.0,0,66,10570,2069,0,10,0,0,1,2,0
55,13,0,0,1,0,0,0.0,0,52,7185,20677,0,8,0,1,0,2,0
38,13,0,1,2,0,0,0.0,0,248,7991,6413,0,7,0,0,1,1,0
21,13,1,1,3,0,0,0.476190476,0,40,-1,0,0,7,0,1,0,2,1
71,25,0,1,3,0,0,0.0,0,53,-1,8796499,1,10,0,0,0,2,1
119,16,1,0,2,0,0,0.134453782,0,165,7927,582,0,17,0,0,0,2,0
158,39,0,1,2,1,1,0.056962025,0,26,8019,0,1,22,0,1,2,1,1
23,15,0,1,2,0,0,0.0,0,104,5416,3183602,0,6,0,0,1,2,0
26,17,0,0,2,0,0,0.0,0,243,7071,760073,0,6,0,0,0,1,0
53,35,1,0,3,0,1,0.264150943,0,21,5614,0,1,9,0,0,0,2,1
70,26,0,1,3,0,0,0.042857143,0,48,1546,4639,1,10,0,0,0,1,1
114,68,1,1,3,1,0,0.5,0,0,-1,0,1,13,0,0,1,2,1
39,16,0,1,3,0,0,0.102564103,0,29,7296,122063,0,8,0,0,0,0,0
80,72,0,1,2,0,0,0.0,0,0,-1,0,1,8,0,0,0,2,1
61,14,0,1,1,1,0,0.06557377,3,7,1629,0,1,14,0,0,1,1,1
31,11,0,1,1,0,0,0.0,0,114,2730,54936,0,6,0,1,0,1,0
69,19,0,1,3,1,0,0.0,3,7,750,1493278,1,12,0,0,0,1,1
25,16,0,0,2,0,0,0.0,0,75,6142,1287255,0,6,0,0,0,2,0
19,10,0,0,1,0,0,0.0,0,40,931,0,0,5,0,0,0,0,1
90,23,1,1,3,0,0,0.233333333,1,0,359,0,1,13,0,0,0,2,1
76,27,1,1,3,0,0,0.1578947369999999,0,8,7547,687004,0,9,0,0,1,0,0
25,17,0,1,3,0,0,0.0,0,47,-1,2676195,0,7,0,0,1,2,0
88,14,0,1,2,0,0,0.0,0,308,7413,2183,0,17,0,0,1,1,0
66,22,0,1,3,0,0,0.0,0,24,6708,1815693,0,10,0,0,1,1,0
42,20,0,1,2,0,0,0.0,0,22,5634,0,0,6,0,0,1,0,0
29,20,0,0,2,1,0,0.0,0,165,3251,89484,0,7,0,0,0,1,0
37,14,0,0,2,0,0,0.0,0,45,3624,227086,0,7,0,0,0,0,0
41,12,0,0,2,0,1,0.0,0,367,9635,148,1,9,1,0,2,1,0
56,22,0,1,2,0,0,0.0,0,13,295,0,1,9,0,0,0,1,1
35,27,0,1,2,0,1,0.0,0,75,7296,0,0,6,1,0,0,2,0
41,28,0,0,2,0,0,0.0,0,51,5160,9506221,0,9,1,0,0,1,0
37,29,0,1,2,0,0,0.081081081,0,44,1546,4669,1,6,0,0,0,2,1
27,18,0,0,2,0,0,0.0,0,38,2906,213039,0,6,0,0,0,0,0
33,24,0,0,2,0,0,0.0,0,45,4652,1204909,0,6,0,0,0,2,0
31,23,0,1,2,0,0,0.0,0,86,-1,0,0,6,0,0,0,2,0
31,24,0,1,2,0,1,0.0,0,14,7295,0,1,5,1,0,1,1,1
37,29,0,1,3,0,1,0.081081081,0,21,5616,0,1,8,0,0,0,2,1
32,16,0,1,3,1,0,0.0,0,190,7806,756841,0,8,0,0,1,1,0
51,18,0,1,3,1,0,0.117647059,0,63,7268,81918,0,10,0,0,1,0,0
73,25,0,1,3,0,0,0.0,0,5,205,0,1,13,0,0,0,2,1
39,20,0,0,2,0,0,0.0,0,0,5158,0,1,9,1,0,0,2,1
48,40,0,1,3,0,1,0.1875,0,11,5626,0,1,10,0,0,0,1,1
54,27,0,1,3,1,1,0.111111111,1,27,6635,0,1,12,0,0,2,1,1
26,17,0,0,2,1,0,0.153846154,0,3,724,23941,1,7,0,0,1,1,1
126,61,1,1,3,0,0,0.285714286,0,51,1659,2580873,1,15,0,1,0,1,1
19,11,0,1,2,0,0,0.1578947369999999,0,45,1141,0,1,6,0,0,0,2,1
17,8,0,0,1,0,0,0.0,0,13,-1,1564303,0,5,0,0,0,0,0
166,11,0,1,2,0,0,0.144578313,0,7,-1,10081771,1,8,0,0,1,2,1
20,12,0,1,2,0,0,0.2,0,45,1231,0,1,6,0,0,0,2,1
121,21,1,1,3,0,1,0.371900826,1,83,2527,346022,1,21,0,0,3,2,1
57,12,0,1,3,0,0,0.105263158,0,55,7737,136610,0,12,0,0,2,0,0
50,24,0,1,3,0,0,0.06,0,25,-1,1148672,0,7,0,0,1,1,1
45,25,0,1,3,0,0,0.133333333,0,50,7530,23288,1,8,0,0,0,2,1
86,26,0,0,2,1,0,0.023255814,0,8,4631,1569597,1,12,0,0,0,1,1
120,23,0,0,2,1,1,0.083333333,0,26,8019,0,1,19,0,1,1,1,1
51,42,0,0,3,0,1,0.058823529,1,22,5627,0,1,10,0,0,0,2,1
66,17,0,1,2,0,0,0.060606061,0,162,8578,214843,0,12,0,0,1,2,0
123,46,1,0,3,0,0,0.113821138,0,51,3992,5697976,1,18,0,1,1,2,1
111,17,0,1,3,0,0,0.063063063,0,301,8759,1167,0,18,1,0,1,0,0
54,11,0,0,2,0,1,0.203703704,0,58,7826,386,1,7,0,0,0,0,1
59,19,0,1,3,0,0,0.0,3,26,2669,0,1,12,0,0,0,1,1
126,50,1,0,3,1,0,0.142857143,0,51,3992,5707171,1,19,0,1,0,2,1
80,12,1,1,3,0,0,0.125,1,25,-1,0,1,18,0,1,0,2,1
127,50,1,0,3,1,0,0.204724409,0,51,3993,5707171,1,18,0,1,1,2,1
53,18,0,1,2,0,0,0.0,0,96,9201,685,0,9,0,0,1,0,0
31,23,0,1,2,0,0,0.0,0,182,7603,277036,0,6,0,0,2,2,0
92,17,0,1,3,1,0,0.076086957,3,7,7004,0,1,16,0,0,1,1,1
299,23,1,0,3,0,0,0.421404682,0,1,7086,18263,1,18,0,0,0,2,1
29,20,0,0,2,0,0,0.0,0,27,7711,657765,0,6,0,0,0,2,0
21,14,0,1,2,0,0,0.0,0,52,-1,0,0,5,0,0,0,2,0
75,22,0,1,2,0,0,0.0,0,7,3779,0,1,10,0,0,0,1,1
41,9,0,1,1,0,0,0.0,0,271,3579,57972,0,7,0,0,1,0,0
47,29,0,0,3,0,1,0.021276596,0,21,5616,0,1,8,0,0,0,2,1
54,20,0,1,3,0,0,0.0,0,106,7671,300,0,10,0,0,1,1,0
66,18,0,1,2,0,0,0.0,0,94,4486,2873,0,10,0,0,1,1,0
36,27,0,0,2,0,1,0.027777778,0,10,7295,0,1,6,1,0,0,1,1
83,17,0,0,2,0,0,0.024096386,0,140,1925,2709,1,14,0,0,1,1,0
29,20,0,0,2,0,0,0.0,0,186,5091,189976,0,6,0,0,0,0,0
35,26,0,0,2,0,0,0.0,0,101,1036,3777965,0,6,0,0,1,2,0
39,9,0,1,2,0,0,0.051282051,0,9,-1,10696810,0,8,0,0,1,2,1
61,12,1,1,1,0,0,0.344262295,0,122,1710,0,1,8,0,0,2,2,1
40,27,0,0,2,0,0,0.0,1,48,6141,1228386,1,7,0,0,0,3,1
415,16,0,1,2,0,0,0.125301205,0,5,-1,61742,1,8,0,0,1,2,1
52,19,0,0,2,0,0,0.019230769,1,12,59,0,1,8,0,0,0,2,1
36,27,0,0,2,0,0,0.0,0,243,2883,1205178,0,6,0,0,0,2,0
69,21,0,1,3,1,0,0.0,3,0,6298,8597551,1,11,0,0,0,1,1
30,21,0,0,2,0,0,0.0,0,113,3484,264470,0,6,0,0,0,0,0
45,24,0,0,2,1,0,0.0,0,0,-1,0,1,7,0,0,0,2,1
33,24,0,0,2,0,0,0.0,0,36,6732,0,0,6,0,0,0,2,0
30,22,0,1,2,1,1,0.0,0,0,2,0,1,7,0,0,1,2,1
57,20,0,1,2,0,0,0.0,0,38,2295,9943343,0,11,0,0,1,1,0
32,23,0,0,2,0,0,0.0,0,96,-1,0,0,6,0,0,0,2,0
44,24,0,0,2,1,0,0.0,0,8,1953,4365,1,8,0,0,0,1,1
33,12,0,1,2,0,0,0.0,0,0,3809,0,1,7,0,0,0,2,1
22,13,0,0,2,0,0,0.0,0,18,-1,38,0,6,1,0,1,0,0
90,34,0,0,3,0,0,0.111111111,0,0,7450,388,1,16,1,0,0,3,0
71,26,0,0,3,0,0,0.028169014,0,8,4632,1571953,1,12,0,0,0,1,1
66,14,0,1,2,0,0,0.045454545,0,329,7412,2183,0,12,0,0,1,1,0
26,17,0,0,2,1,0,0.0,0,88,7347,366576,0,7,0,0,0,0,0
45,29,1,1,2,0,0,0.488888889,0,0,3378,3100263,1,7,0,1,0,2,1
35,14,0,0,2,0,0,0.0,0,6,634,0,1,6,0,0,0,1,1
63,10,0,1,3,0,0,0.0,0,80,7208,6768507,0,8,0,0,0,2,0
98,24,0,0,3,0,1,0.010204082,0,1,8347,1,1,13,1,1,1,0,1
47,16,0,0,2,0,0,0.0,0,487,7132,12,0,8,1,0,0,1,0
31,24,0,1,2,0,0,0.0,0,0,5070,655109,0,5,0,0,0,1,0
121,21,1,1,2,1,0,0.074380165,0,34,8148,2030586,1,23,0,1,1,0,0
21,13,1,1,3,0,0,0.476190476,0,38,-1,0,1,7,0,1,2,1,1
72,10,1,1,1,0,0,0.194444444,0,287,6645,4394,0,11,0,0,2,0,0
198,15,0,1,2,0,0,0.141414141,0,6,2612,0,1,8,0,0,1,2,1
53,26,0,1,2,1,0,0.056603774,0,103,6831,0,1,8,0,0,1,2,1
55,27,0,1,3,0,0,0.018181818,0,45,7200,239609,0,8,0,0,1,1,0
27,11,0,1,1,0,0,0.0,0,22,36,0,1,6,0,0,2,1,1
91,22,1,1,2,1,0,0.274725275,3,11,-1,0,1,11,0,0,1,2,1
43,34,0,0,2,0,0,0.11627907,0,23,808,0,1,8,0,0,0,1,1
80,21,0,1,2,0,0,0.075,0,51,6747,270082,0,13,0,0,0,2,0
33,16,0,0,2,0,0,0.0,0,156,7134,12,0,7,1,0,0,1,0
66,8,0,1,2,0,0,0.151515152,0,0,10357,86683,1,14,0,0,1,3,0
26,17,0,0,2,0,0,0.0,0,122,3366,49758,0,6,0,0,0,0,0
103,22,1,0,3,0,0,0.300970874,0,20,1272,97974,1,15,0,0,0,1,1
127,50,1,1,3,1,0,0.133858268,0,51,3993,5707171,1,19,0,1,0,2,1
56,21,0,1,2,0,0,0.017857143,0,94,6381,0,0,9,0,0,1,1,0
36,27,0,0,2,0,0,0.0,0,38,5518,1280998,0,6,0,0,1,2,0
83,20,0,0,3,0,0,0.072289157,3,65,5438,82590,1,13,0,0,0,1,0
67,30,0,1,3,0,0,0.0,0,12,2317,0,1,11,0,0,0,1,1
33,24,0,0,2,0,0,0.0,0,0,2837,0,0,8,0,0,0,1,1
65,31,0,0,3,0,1,0.046153846,0,22,5614,3461918,1,10,0,1,0,2,1
32,23,0,0,3,0,0,0.0,0,58,-1,627905,0,7,0,0,0,1,0
53,21,0,1,2,0,0,0.018867925,0,0,5972,0,1,9,0,0,1,1,1
36,28,0,1,2,0,0,0.0,0,0,784,2745991,1,8,0,0,0,1,1
36,20,0,1,3,0,0,0.0,0,0,2297,4070911,1,7,0,0,0,1,1
35,26,0,0,3,0,0,0.0,0,40,-1,3269595,0,7,0,0,0,2,0
27,19,0,1,2,0,0,0.0,0,19,6742,0,0,6,0,0,0,2,0
43,15,0,0,2,0,0,0.023255814,0,52,5639,2,0,8,1,0,0,1,0
218,12,1,1,3,0,0,0.165137615,3,25,-1,0,1,38,0,1,0,2,1
53,17,0,1,2,0,0,0.188679245,0,0,6389,0,1,9,0,0,0,2,1
32,23,0,0,2,0,0,0.0,0,113,7448,3328366,0,6,1,0,0,2,0
30,22,0,0,2,0,0,0.033333333,0,3,1548,8316,1,6,0,0,0,1,1
83,31,0,1,2,1,0,0.0,0,33,2979,105571,0,14,0,0,1,1,0
117,42,1,1,3,0,0,0.128205128,0,51,3993,5707171,1,18,0,1,0,2,1
36,28,0,0,2,0,1,0.0,0,14,7295,0,1,6,1,0,0,2,1
26,17,0,0,2,1,0,0.0,0,48,8966,70,0,7,1,0,2,0,0
47,22,0,0,2,1,0,0.0,2,17,-1,0,1,9,0,0,2,1,1
92,20,1,1,2,0,0,0.347826087,0,1,-1,0,1,11,0,0,0,2,1
23,7,0,0,1,0,0,0.043478261,0,29,3006,767115,1,5,0,0,2,1,1
207,27,1,0,3,1,0,0.289855072,2,10,7308,0,1,16,0,0,0,1,1
35,28,0,1,2,0,0,0.0,0,329,5273,0,0,5,0,0,0,2,0
32,17,0,0,2,0,0,0.0,0,85,3224,450557,0,7,0,0,0,0,0
33,14,0,0,2,0,0,0.060606061,0,8,1953,4365,1,6,0,0,0,1,1
55,28,0,0,2,0,0,0.0,0,4,7391,6763,0,9,0,0,0,2,1
71,22,0,0,3,0,0,0.0,0,185,7260,275271,0,10,0,0,0,1,0
39,18,0,1,2,0,0,0.0,0,237,5190,2774,0,7,0,0,0,0,0
60,15,0,1,2,0,0,0.0,0,0,3310,0,1,11,0,0,0,2,1
24,16,0,0,2,0,0,0.0,0,91,7531,1059151,0,5,0,0,0,0,0
76,19,0,1,2,0,0,0.0,0,319,8916,1359,0,12,0,0,3,2,0
22,14,0,1,2,0,0,0.0,0,80,7844,350844,0,6,0,0,1,2,0
31,22,0,0,1,0,0,0.064516129,0,1,-1,961966,0,5,0,0,0,1,1
43,18,0,0,1,0,0,0.093023256,1,19,1611,0,1,8,0,0,1,1,1
40,32,0,1,3,0,0,0.0,1,4,1338,0,1,7,0,0,1,1,1
33,25,0,1,3,0,0,0.0,0,106,-1,87417,0,7,0,0,1,2,0
102,14,0,0,3,1,0,0.12745098,3,0,8924,35823,0,20,0,0,1,3,0
23,14,0,0,2,0,0,0.0,0,22,711,2046137,0,6,0,0,0,0,1
74,58,0,1,3,0,0,0.054054054,0,4,1834,0,1,9,0,0,1,1,1
49,10,0,1,3,0,0,0.0,0,0,7224,7286,0,9,0,0,0,3,0
115,53,0,1,3,1,1,0.034782609,0,39,-1,2855528,1,17,0,1,0,2,1
20,12,0,1,2,0,0,0.0,0,53,7372,1260640,1,6,0,0,0,2,1
33,25,0,1,2,0,0,0.0,0,201,1878,0,0,6,0,0,0,1,0
25,16,0,0,2,0,0,0.0,0,167,8791,44991,0,6,0,0,0,0,0
97,26,1,1,2,1,0,0.257731959,2,22,2300,0,1,13,0,0,2,2,1
93,17,1,1,1,0,0,0.086021505,0,234,6056,41,0,15,1,0,1,2,0
31,24,0,1,2,0,1,0.0,0,16,7295,0,1,5,1,0,1,1,1
80,34,0,1,3,0,0,0.075,0,0,6555,0,1,8,0,0,0,2,1
120,13,0,1,3,0,0,0.1,0,137,12126,1001,0,23,0,0,1,0,0
37,22,0,1,2,0,0,0.0,0,1,8944,165781,0,7,0,0,0,2,0
56,37,0,0,3,1,0,0.0,0,56,-1,0,1,9,0,0,0,2,1
43,22,0,0,2,0,0,0.0,0,5,4873,0,1,8,0,0,0,1,1
66,14,0,1,2,0,0,0.0,0,64,-1,280577,0,12,0,0,1,1,0
119,20,1,1,2,0,0,0.117647059,0,71,5517,9206,0,16,0,0,0,0,0
60,20,1,1,2,0,0,0.283333333,0,0,7646,0,1,6,0,0,1,2,1
44,14,0,1,3,0,0,0.0,0,146,7982,352,1,10,1,0,1,1,0
127,15,0,0,2,0,0,0.102362205,1,4,8347,1,1,12,1,0,0,2,1
33,16,0,0,2,0,0,0.0,0,302,7133,12,0,7,1,0,0,2,0
29,20,0,0,2,0,0,0.0,0,91,3695,5534473,0,6,0,0,1,2,0
85,18,0,1,2,0,0,0.164705882,0,99,7551,7947,0,16,0,0,1,2,0
61,22,0,1,3,0,0,0.0,0,0,6956,4595873,0,11,0,0,1,3,0
51,20,0,1,2,1,0,0.0,3,0,3710,0,1,10,0,0,0,2,1
56,39,0,1,3,0,1,0.071428571,0,22,5616,0,1,10,0,0,0,2,1
50,16,0,0,2,0,0,0.0,0,326,7130,12,0,9,1,0,0,1,0
33,24,0,0,2,1,0,0.0,0,57,-1,6767785,0,7,0,0,0,1,0
27,20,0,1,2,0,0,0.0,0,15,7533,1039344,0,6,0,0,0,1,0
97,11,0,0,3,1,0,0.051546392,0,223,-1,0,1,18,0,0,0,2,1
46,15,0,0,2,0,0,0.0,0,55,5637,2,0,7,1,0,0,1,0
28,20,0,1,2,0,0,0.0,0,19,2806,866959,0,6,0,0,0,1,0
50,17,0,1,3,0,0,0.0,0,0,2732,0,1,10,0,0,0,2,1
98,18,1,1,1,0,0,0.306122449,0,20,-1,0,1,10,0,0,1,1,1
21,9,0,1,1,0,0,0.0,0,0,-1,0,1,5,0,0,1,2,1
44,35,0,0,2,0,0,0.0,0,119,7449,0,0,6,1,0,0,2,0
38,12,0,0,1,0,0,0.0,0,18,-1,0,1,6,0,0,3,2,1
30,21,0,0,2,0,1,0.033333333,0,14,7295,0,1,6,1,0,0,1,1
139,54,1,0,3,1,0,0.151079137,0,4,4004,5828815,1,21,0,1,1,1,1
77,23,1,1,1,0,0,0.298701299,0,30,5767,0,1,7,0,0,1,1,1
45,16,1,1,3,0,0,0.177777778,0,87,5287,37037,0,8,0,0,1,1,0
65,10,0,1,3,0,0,0.092307692,0,12,6397,0,1,12,0,0,0,1,1
62,29,0,1,3,0,0,0.0161290319999999,1,0,359,0,1,11,0,1,0,2,1
22,11,0,1,1,0,0,0.0,0,7,7497,6111113,1,5,0,0,2,2,1
115,11,1,1,2,0,0,0.104347826,0,72,-2,57608,1,18,0,0,0,2,0
55,8,0,1,3,0,0,0.072727273,1,506,6073,0,1,13,1,1,0,2,1
25,17,0,1,2,0,0,0.0,0,12,1632,0,0,6,0,0,0,2,0
27,19,0,1,2,0,0,0.0,0,86,-1,858306,0,6,0,0,0,0,0
35,18,0,1,1,1,0,0.0,0,77,8130,1229068,0,7,0,0,1,2,0
56,20,0,1,3,0,0,0.0,0,17,7232,570615,0,10,0,0,0,2,0
82,23,0,0,2,0,0,0.0,0,502,8892,67860,1,14,0,0,1,2,0
33,24,0,0,2,0,0,0.0,0,19,1080,2016291,0,6,0,0,0,2,0
38,29,0,0,2,1,0,0.105263158,0,3,189,0,1,7,0,0,0,1,1
436,14,1,1,3,0,0,0.435779817,0,0,-1,0,1,18,0,0,0,2,1
45,34,1,1,3,0,0,0.177777778,0,4,372,0,1,8,0,0,1,1,1
62,16,0,1,3,0,0,0.0,1,26,6510,0,1,11,0,0,1,2,1
53,20,0,0,3,0,0,0.0,0,39,8096,1202540,0,9,0,0,0,1,0
42,34,0,1,2,0,1,0.0,0,140,7297,2388565,0,6,1,0,0,2,0
53,45,0,0,2,0,0,0.0,0,7,2839,0,1,5,0,0,0,1,1
23,14,0,0,1,0,0,0.0,0,64,7600,4609841,0,5,0,0,0,2,0
29,20,0,0,2,0,0,0.0,0,143,3837,73135,0,6,0,0,0,2,0
76,17,0,1,3,0,0,0.065789474,0,62,6045,46492,0,14,0,0,1,1,0
108,30,0,0,3,0,1,0.055555556,0,0,-1,1513583,0,20,0,0,0,2,1
47,14,0,1,3,0,0,0.0,1,80,1040,0,1,10,0,0,1,0,1
35,28,0,1,2,0,1,0.028571429,0,14,7295,0,1,5,1,0,1,1,1
36,15,0,1,3,0,0,0.0,0,0,-1,3578462,1,8,0,0,0,1,1
61,14,0,1,1,0,0,0.06557377,0,0,-2,0,1,11,0,0,1,2,0
79,21,0,1,2,0,0,0.101265823,0,76,8905,2959,1,11,0,0,1,1,0
171,20,1,1,3,0,0,0.152046784,1,1,-1,3532151,1,22,1,1,0,2,1
24,15,0,0,2,0,1,0.0,0,44,-1,437144,0,6,0,0,0,0,0
29,20,0,0,2,0,0,0.0,0,23,8718,0,0,6,0,0,0,1,0
47,18,0,0,3,0,0,0.0,0,134,7132,12,1,9,1,0,0,0,0
76,50,1,1,3,1,0,0.131578947,0,51,3992,5697976,1,10,0,1,1,2,1
62,13,1,1,3,1,0,0.258064516,3,0,-1,0,1,14,0,1,0,2,1
58,15,0,1,2,0,0,0.068965517,0,141,5976,10450377,0,12,0,0,0,2,0
65,12,0,1,2,0,0,0.061538462,0,120,9088,2223178,0,10,0,0,0,0,0
34,22,0,0,2,0,0,0.0,0,19,3024,10436415,0,7,0,1,0,0,0
91,18,1,0,3,0,0,0.087912088,0,22,-1,67041,1,12,0,0,1,2,1
25,16,0,0,2,0,0,0.0,0,200,6918,204706,0,6,0,0,0,2,0
46,19,0,0,2,1,0,0.0,0,37,8056,0,0,9,0,0,0,1,0
81,27,1,1,2,0,0,0.283950617,0,30,5767,0,1,8,0,0,1,1,1
44,19,0,1,1,1,0,0.0,0,11,3455,0,1,9,0,0,0,0,1
91,13,1,1,2,0,0,0.263736264,0,22,7678,161679,1,14,0,0,0,2,1
23,15,0,1,2,0,0,0.0,0,463,3317,1009644,0,6,0,0,0,2,0
73,22,0,1,2,0,0,0.0,0,37,3063,795194,1,11,0,0,1,2,0
65,21,0,1,2,0,0,0.0,0,34,2055,356920,0,12,0,0,1,1,0
28,19,0,0,2,0,0,0.0,0,85,5719,4622653,0,6,0,0,0,3,0
70,18,0,1,2,0,0,0.028571429,0,129,5776,191068,0,11,0,0,1,0,0
34,26,0,1,3,0,0,0.0,0,99,1274,0,0,7,0,0,0,0,0
40,33,0,1,2,0,1,0.0,0,193,7298,0,0,5,1,0,0,1,0
98,17,0,1,2,1,0,0.06122449,1,146,7402,7218,0,15,0,0,1,1,0
36,18,0,1,1,0,0,0.166666667,0,261,5171,176,0,6,0,0,1,2,0
25,18,0,1,2,0,0,0.08,0,11,5161,0,0,5,1,0,1,1,0
40,17,0,0,2,1,0,0.15,0,103,12210,50,0,8,1,0,0,0,0
23,14,0,0,2,0,0,0.0,0,60,-1,0,0,6,0,0,0,0,0
30,22,0,1,3,0,0,0.0,0,235,-1,821790,0,7,0,0,1,2,0
66,15,0,1,3,0,0,0.1363636359999999,0,0,11102,7396,0,11,0,0,0,3,0
67,20,0,1,3,0,0,0.0,1,46,-1,812786,1,12,1,0,1,1,1
47,19,0,1,3,0,0,0.085106383,0,0,187,0,1,8,0,0,0,2,1
26,17,0,0,2,1,0,0.0,0,15,-1,0,0,7,0,0,0,2,0
35,17,0,0,2,0,0,0.0,0,63,4455,107741,0,7,0,0,0,1,0
30,21,0,0,1,1,0,0.0,0,237,2,0,1,6,0,0,1,2,1
45,36,0,0,2,0,0,0.0,0,4,466,0,0,6,0,0,1,1,1
48,16,0,1,3,0,0,0.0,1,4,1807,0,1,9,0,0,1,1,1
48,30,0,1,3,0,0,0.083333333,1,27,2797,0,1,10,0,0,3,1,1
34,14,0,0,2,0,0,0.088235294,0,0,1953,4365,1,7,0,0,0,2,1
228,29,1,0,3,0,0,0.1710526319999999,0,57,-1,1011133,0,45,0,0,1,2,0
58,17,0,0,3,0,0,0.051724138,0,0,3851,7163,1,8,0,0,0,3,1
73,35,0,1,3,0,1,0.02739726,1,0,-1,0,1,12,0,0,0,2,1
24,16,0,1,2,0,0,0.0,0,98,-1,2159444,0,6,0,0,1,1,0
27,19,0,1,2,0,0,0.0,0,149,2924,0,0,6,0,0,1,2,0
71,10,0,0,3,0,0,0.0,0,2,2294,4441098,1,12,0,1,0,1,1
63,18,1,0,3,1,1,0.126984127,0,23,10674,23,1,12,1,0,1,0,0
47,17,0,1,2,1,0,0.0,2,10,160,5415205,1,9,0,0,2,1,1
103,16,0,1,3,0,0,0.067961165,0,119,4466,278090,0,19,0,0,1,1,0
32,24,0,1,2,0,0,0.0,0,129,-1,0,0,6,0,0,1,2,0
159,19,0,1,3,1,0,0.031446541,6,120,1589,0,1,26,0,0,0,1,1
45,18,0,0,2,0,0,0.0,0,128,9169,599,0,7,0,0,0,1,0
37,30,0,1,2,0,1,0.027027027,0,14,7295,0,1,5,1,0,1,1,1
52,16,0,1,2,0,0,0.057692308,0,58,1996,0,1,9,0,0,0,2,1
40,17,0,1,3,0,0,0.0,0,179,8144,12364,0,9,0,0,1,0,0
64,20,0,1,2,0,0,0.0,0,58,2223,159597,0,10,0,0,0,1,0
53,22,0,1,2,0,0,0.0,0,184,7587,988,0,7,0,1,1,2,0
51,27,0,1,3,0,0,0.0,0,44,3189,5346311,0,10,0,0,1,1,0
36,29,0,1,2,0,1,0.0,0,22,7299,0,0,5,1,0,1,1,0
32,25,0,1,2,0,1,0.0,0,14,7295,0,1,5,1,0,1,1,1
48,31,0,1,3,0,1,0.0625,0,22,5626,3528017,1,8,0,0,0,2,1
127,61,1,0,3,0,0,0.299212598,0,51,1659,2580873,1,15,0,1,0,1,1
34,17,0,0,2,0,0,0.0,0,62,5892,35,0,7,1,0,0,0,0
52,17,0,1,1,0,0,0.076923077,0,163,3730,7994,1,10,0,0,3,2,0
50,17,0,1,3,0,0,0.0,0,168,8147,12601,0,9,0,0,1,0,0
43,14,0,1,3,0,0,0.139534884,0,65,7159,2320,1,9,0,0,2,1,0
92,18,1,0,2,1,0,0.27173913,1,0,2460,0,0,12,0,0,0,2,1
57,20,0,0,3,0,0,0.0,1,53,3257,4591292,1,10,0,0,0,1,1
41,14,0,1,1,0,0,0.0,0,104,4360,115625,1,7,0,0,1,1,0
39,31,0,1,1,0,0,0.025641026,0,34,-1,0,1,7,0,0,1,2,1
51,43,0,1,2,0,0,0.098039216,0,28,7129,8386524,1,9,0,0,0,2,1
66,15,0,0,3,0,1,0.090909091,1,22,9158,65,1,12,1,0,2,0,1
24,16,0,1,3,0,1,0.0,0,125,-1,0,0,7,0,0,0,0,0
50,24,0,1,3,1,0,0.0,0,73,-1,1383746,0,10,0,1,0,2,0
37,12,0,1,1,0,1,0.108108108,0,0,2102,0,1,8,0,0,0,2,1
117,42,1,1,3,0,0,0.1623931619999999,0,4,4003,5828815,1,18,0,1,1,1,1
172,14,1,0,3,1,0,0.11627907,2,1,8346,0,0,29,1,1,0,1,1
73,42,0,1,3,0,1,0.01369863,0,21,5616,0,1,14,0,0,0,2,1
51,13,1,1,3,0,0,0.196078431,1,44,-1,0,1,12,1,1,0,2,1
119,42,1,1,3,0,0,0.159663866,0,4,4003,5816617,1,18,0,1,1,1,1
68,15,0,0,2,0,0,0.088235294,0,10,8348,1,1,9,1,0,2,1,1
20,11,0,0,2,0,0,0.05,0,104,8687,513818,0,6,0,0,0,0,0
101,27,0,1,2,0,0,0.0,0,21,2491,1315290,1,16,0,0,2,2,0
43,34,0,0,2,0,0,0.0,0,57,-1,562211,0,6,0,0,0,2,0
44,25,0,0,3,0,0,0.0681818179999999,1,0,1546,4669,1,7,0,0,0,3,1
15,4,0,1,1,0,0,0.133333333,0,56,-1,0,1,5,0,0,4,2,1
71,19,0,1,3,0,0,0.0,0,14,3814,0,1,13,0,0,1,1,0
76,27,1,1,3,0,0,0.276315789,0,10,4478,188429,1,13,0,0,1,2,1
35,22,0,1,2,0,1,0.0,0,115,5046,379,0,7,0,0,0,1,0
35,18,0,1,2,0,1,0.0,0,2,78,0,0,7,0,0,0,0,1
24,15,0,0,2,0,0,0.0,0,8,2160,2282602,0,6,0,0,0,0,0
86,10,1,0,2,1,0,0.174418605,0,57,3277,8137075,1,12,0,0,0,2,1
42,13,0,0,2,0,1,0.047619048,0,19,1884,0,1,10,0,0,0,1,1
64,24,0,1,3,1,0,0.0,0,152,-1,1302838,0,12,0,0,0,2,0
28,13,0,1,3,0,0,0.035714286,0,0,7533,0,0,7,0,0,0,3,0
93,13,1,1,3,0,0,0.11827957,0,0,12124,1001,1,21,0,0,1,3,0
86,15,0,1,3,0,0,0.093023256,0,492,9803,72,0,16,0,0,1,0,0
29,17,0,0,2,0,0,0.0,0,83,-1,866272,0,7,0,0,0,1,0
26,18,0,1,2,0,0,0.0,0,12,2406,297796,0,6,0,0,1,1,0
159,6,1,0,3,0,0,0.075471698,2,38,-1,10524904,1,35,1,0,0,2,1
95,16,1,1,3,0,0,0.242105263,0,0,5632,327612,1,17,0,0,1,3,0
35,16,0,1,2,0,0,0.0,0,335,5826,361265,0,8,0,0,0,0,0
29,21,0,1,2,1,0,0.0,0,242,8576,1715731,0,7,0,0,1,1,0
92,18,1,1,2,1,0,0.22826087,3,57,254,0,1,12,0,0,0,2,1
25,18,0,1,2,0,0,0.0,0,221,1677,220624,0,5,0,0,0,2,0
21,13,0,1,2,0,0,0.0,0,124,-1,633420,0,6,0,0,1,0,0
20,13,0,1,2,0,0,0.0,0,0,-1,815647,0,5,0,0,1,1,1
72,22,0,0,3,1,0,0.0,1,20,5670,885,1,12,0,1,0,1,1
25,16,0,0,3,0,0,0.0,0,188,8735,289055,0,7,0,0,0,0,0
117,18,0,1,3,0,0,0.0,0,1129,-1,3638954,1,18,0,0,3,0,0
39,19,0,1,3,0,0,0.0,0,81,5309,111086,0,8,0,0,0,1,0
23,14,0,0,2,0,0,0.086956522,0,247,2018,172451,0,6,0,0,0,2,0
79,34,0,1,1,1,0,0.0,0,0,-1,0,1,11,0,0,0,2,1
75,30,0,1,2,0,0,0.0,0,176,6256,689,0,6,0,0,1,2,0
110,31,1,1,3,0,0,0.145454545,3,2,1653,0,1,13,0,0,1,1,1
83,16,0,0,2,0,0,0.072289157,1,10,8348,1,1,13,1,0,0,0,1
22,14,0,1,1,0,0,0.0,1,23,717,0,0,5,0,0,0,1,1
33,20,0,0,2,0,0,0.0,0,72,5161,0,0,11,1,0,0,1,0
24,15,0,0,2,0,0,0.0,0,72,3219,1217415,0,6,0,0,0,1,0
27,19,0,1,1,1,0,0.0,0,4,-1,0,1,6,0,0,1,1,1
26,14,0,0,2,0,0,0.0,0,143,4655,8191,0,6,0,0,0,0,0
65,19,0,1,2,0,0,0.061538462,1,3,1407,0,1,10,0,0,0,1,1
23,15,0,0,2,0,0,0.0,0,184,3208,16692,0,5,0,0,0,0,0
39,30,0,0,3,0,0,0.0,0,127,723,0,0,7,0,0,0,2,1
31,23,0,1,2,0,0,0.064516129,0,6,7412,1561104,1,6,0,0,0,0,1
53,12,0,1,2,0,0,0.037735849,0,7,-1,0,1,9,0,0,0,1,1
51,18,0,1,3,0,0,0.0,0,130,-1,8902890,1,9,0,0,1,2,1
60,33,0,1,3,0,0,0.1,0,50,5440,0,1,10,1,0,1,1,0
20,11,0,0,2,0,0,0.0,0,56,1548,0,0,6,0,0,0,0,0
69,20,0,1,3,0,0,0.0,2,80,395,0,1,11,0,0,1,2,1
36,13,1,1,3,0,0,0.277777778,0,70,-1,0,0,8,0,1,0,1,1
81,27,0,1,1,0,0,0.024691358,0,95,2496,408088,1,12,0,0,1,3,0
86,20,1,0,2,0,0,0.081395349,0,352,4547,147,0,14,0,0,0,2,0
44,12,0,0,2,1,0,0.090909091,0,130,6245,10830,0,9,0,0,0,1,0
127,21,0,1,2,0,0,0.0,0,173,5735,8972,0,16,0,0,1,2,0
91,15,0,1,3,0,1,0.032967033,0,0,9346,104142,1,19,0,0,0,3,0
71,44,0,1,3,0,1,0.0,2,21,5616,0,1,13,0,0,0,2,1
104,28,1,1,3,1,0,0.230769231,0,31,1015,1196152,1,12,0,0,0,1,1
199,10,0,1,3,1,0,0.100502513,5,0,-1,0,1,23,0,0,0,2,1
154,31,1,0,3,0,1,0.175324675,0,21,5616,0,1,14,0,0,0,2,1
29,20,0,0,2,0,0,0.0,0,1704,4626,674594,0,6,0,0,0,1,0
43,35,0,1,2,0,0,0.0,0,20,6382,0,1,9,1,0,2,2,1
80,16,0,0,3,0,0,0.0125,0,0,8583,274168,1,15,0,0,0,3,0
88,21,0,0,3,0,0,0.0,0,221,6340,293,0,18,0,0,0,1,0
51,25,0,1,3,0,0,0.117647059,0,24,7530,23288,1,8,0,0,1,1,1
24,16,0,1,2,0,0,0.041666667,0,26,2139,2715,0,6,0,0,1,0,0
58,16,0,1,3,0,0,0.034482759,1,155,3140,0,1,10,0,1,0,2,1
88,20,0,0,2,0,0,0.0,0,23,4326,214323,1,9,0,0,3,2,1
51,33,0,1,3,1,1,0.058823529,2,21,5615,0,1,10,0,0,0,2,1
36,27,0,0,2,0,1,0.0,0,14,7295,0,1,6,1,0,0,1,1
64,21,0,0,2,1,0,0.0,1,127,8347,1,1,10,1,0,1,2,0
56,19,0,1,2,0,0,0.0,0,52,-1,0,1,10,0,1,1,2,0
30,22,0,1,2,0,0,0.0,0,175,2383,0,0,6,0,0,0,1,0
71,21,0,1,2,1,0,0.056338028,0,121,4352,10826,0,12,0,0,1,1,0
43,21,0,1,2,0,0,0.093023256,0,0,2314,0,1,7,0,0,1,2,1
81,31,0,1,2,0,0,0.0,0,80,4567,372555,0,11,0,0,0,2,0
45,36,0,0,3,1,0,0.044444444,0,0,86,0,1,8,0,0,0,2,1
95,15,1,1,3,0,1,0.105263158,0,0,9350,105518,0,15,0,0,0,3,0
54,37,0,1,3,0,1,0.111111111,0,21,5626,0,1,11,0,0,0,2,1
48,22,0,1,3,0,0,0.0,0,105,6567,12233,0,9,0,0,1,2,0
50,15,0,0,1,1,0,0.0,3,0,3220,0,1,9,0,0,1,2,1
58,16,0,0,2,0,0,0.0172413789999999,0,227,7133,12,0,11,1,0,0,0,0
98,16,1,1,3,0,0,0.071428571,0,137,2255,2371046,0,14,0,0,1,1,0
73,28,0,0,3,0,0,0.0821917809999999,0,0,7445,381,1,13,1,0,0,3,0
50,28,0,0,2,1,0,0.0,0,4,1,9657236,0,7,0,0,1,1,1
79,31,0,0,3,1,0,0.0,2,12,-1,968888,0,14,0,0,0,2,1
221,13,0,1,3,0,0,0.208144796,0,0,7323,3927593,1,50,0,0,2,3,0
47,7,0,1,2,0,0,0.0,1,4,-1,0,1,10,0,0,1,1,1
86,14,1,1,1,0,0,0.081395349,0,175,5798,1515,1,18,0,0,2,1,0
50,41,0,0,3,0,0,0.1,0,4,683,0,1,9,0,0,0,1,1
36,19,0,1,2,1,0,0.0,1,31,-1,0,1,8,0,0,0,0,1
20,12,0,1,1,0,0,0.0,0,14,5,0,1,5,0,0,2,1,1
115,26,0,1,3,1,0,0.026086957,0,0,4417,7639347,0,16,0,0,1,3,0
51,18,0,1,3,0,0,0.019607843,1,61,-1,1068316,1,10,0,1,2,2,0
43,21,0,1,2,1,0,0.0,2,20,-1,0,1,10,0,0,1,2,1
42,34,0,1,2,0,0,0.023809524,0,23,808,0,1,8,0,0,1,1,1
100,25,0,0,2,0,0,0.1,0,118,4057,98,0,14,1,0,0,2,0
34,26,0,1,2,0,0,0.0,0,91,-1,3244226,0,6,0,0,1,2,0
127,50,1,0,3,1,0,0.181102362,0,51,3993,5707171,1,18,0,1,1,2,1
33,14,0,0,2,0,0,0.121212121,0,38,1953,4365,1,6,0,0,2,1,1
42,15,0,1,3,0,0,0.0,0,1,5941,0,1,8,0,0,0,2,1
109,21,0,0,2,0,0,0.055045872,0,656,8348,1,0,19,1,0,0,2,0
72,35,0,0,2,0,0,0.0,2,588,7938,0,1,9,0,0,2,2,1
72,38,0,1,3,1,0,0.0,0,103,5858,0,1,12,0,0,1,2,1
105,31,0,1,3,1,0,0.066666667,1,32,5442,0,1,16,1,0,1,1,0
63,29,0,0,3,0,1,0.015873016,0,21,5627,0,1,10,0,1,0,2,1
27,18,0,0,2,1,1,0.0,0,120,3790,679696,0,7,0,0,0,2,0
77,16,0,0,2,0,0,0.1688311689999999,0,148,9882,630,0,15,0,0,0,2,0
23,16,0,1,2,0,0,0.0,0,0,1057,0,0,5,0,0,0,2,1
30,21,0,0,2,0,0,0.0,0,47,3958,100148,0,6,0,0,0,1,0
61,21,0,0,3,0,0,0.098360656,0,283,2320,35081,0,12,0,0,1,2,0
21,14,0,1,2,0,0,0.0,0,71,2653,0,0,5,0,0,0,2,0
92,22,0,0,2,0,0,0.086956522,0,189,6326,272248,0,18,0,0,0,2,0
22,14,0,0,2,0,0,0.0,0,1905,4541,461428,0,5,0,0,0,1,0
88,14,1,1,1,1,0,0.215909091,3,57,244,0,1,11,0,0,0,2,1
41,15,0,0,2,0,1,0.0,0,266,9281,125,1,9,1,0,1,0,0
62,10,1,1,1,0,0,0.322580645,0,48,-1,0,1,7,0,0,1,2,1
26,18,0,1,2,1,0,0.0,0,28,4875,33632,0,7,0,0,2,2,0
61,23,0,1,3,0,0,0.0,0,142,5350,55182,0,10,0,0,1,1,0
74,27,0,0,2,0,0,0.108108108,0,193,6250,11380,1,13,0,0,1,1,0
68,38,0,1,2,1,0,0.0,0,216,6259,682,0,7,0,0,1,2,0
31,23,0,1,2,0,0,0.0,0,76,4771,144969,0,6,0,0,1,2,0
31,23,0,1,2,0,0,0.0,0,159,6044,0,0,6,0,0,1,1,0
81,24,0,1,3,0,0,0.0493827159999999,2,0,12710,2998,0,13,0,0,1,3,0
25,16,0,0,2,0,1,0.0,0,484,8596,572944,0,6,0,0,0,1,0
60,17,0,1,2,0,0,0.033333333,1,95,5132,1310,0,12,0,0,1,1,0
83,15,1,1,2,0,0,0.13253012,0,190,6598,1449,0,13,0,0,1,1,0
57,20,0,1,3,1,0,0.0,5,0,4193,0,1,11,0,0,0,2,1
63,25,0,1,3,0,0,0.126984127,0,8,1337,20989,1,8,0,1,1,0,1
38,13,0,0,2,0,0,0.0,0,151,6902,12299,0,7,0,0,1,0,0
30,21,0,0,2,1,0,0.0,0,206,3301,1027627,0,7,0,0,0,1,0
98,13,1,0,3,1,0,0.102040816,3,4,2618,0,1,20,0,0,1,1,1
23,14,0,0,2,0,0,0.0,0,95,-1,0,0,6,0,0,0,0,0
103,15,1,1,1,1,0,0.194174757,3,88,2047,0,1,13,0,0,0,1,1
27,20,0,1,2,0,0,0.0,0,104,5158,6676220,0,5,1,0,1,2,0
32,25,0,1,2,0,0,0.0,0,0,4300,0,0,5,0,0,0,2,0
49,26,0,1,3,0,0,0.0,0,109,5525,23046,0,7,0,0,1,1,0
29,21,0,1,3,0,0,0.0,0,57,-1,214765,0,7,0,0,0,2,0
81,14,0,1,3,0,0,0.0,0,13,8763,8308,1,14,0,0,1,1,0
75,37,0,0,3,0,0,0.106666667,0,0,7450,388,0,13,1,0,0,3,0
161,16,0,0,3,0,0,0.0,0,71,7805,6256,1,27,0,1,0,1,0
78,50,1,0,3,1,0,0.153846154,0,51,3992,5697976,1,11,0,1,0,2,1
60,21,0,1,3,0,0,0.0,0,57,-1,18999,0,10,0,0,1,2,0
34,15,0,1,1,0,0,0.0,0,19,3298,1074963,0,6,0,0,0,2,0
41,33,0,1,2,1,0,0.0,1,47,-1,77586,1,7,0,0,1,1,1
70,21,0,0,3,0,0,0.0,0,101,7996,26817,1,10,0,0,0,1,0
23,14,0,0,2,0,0,0.0,0,56,8002,2985090,0,6,0,0,0,1,0
63,9,0,1,1,1,0,0.0,0,38,2095,565103,1,12,0,0,2,0,0
30,21,0,0,2,0,0,0.033333333,0,34,3333,188793,0,6,0,0,0,2,0
30,23,0,1,2,0,1,0.1,0,14,7295,0,1,5,1,0,1,1,1
32,24,0,1,2,0,0,0.0,0,34,3795,666437,0,6,0,0,1,2,0
130,6,1,0,3,0,0,0.123076923,2,1,-1,24,0,25,0,1,1,2,1
31,22,0,0,2,0,1,0.0,0,768,7298,236183,0,6,1,0,0,2,0
61,27,0,0,3,0,1,0.131147541,0,38,7295,0,1,11,1,0,0,2,1
28,20,0,1,1,0,0,0.0,0,0,388,0,1,5,0,0,0,2,1
99,15,0,0,2,1,0,0.060606061,1,30,8347,1,1,12,1,0,0,2,1
42,15,0,0,2,0,0,0.071428571,0,53,5637,2,0,7,1,0,0,1,0
47,17,0,0,1,0,0,0.085106383,0,23,604,0,0,8,0,0,0,1,1
86,13,0,1,3,0,0,0.081395349,0,129,12126,1001,0,18,0,0,1,0,0
30,22,0,1,2,0,0,0.0,0,7,2567,0,0,6,0,0,1,1,0
40,31,0,0,2,0,0,0.075,0,31,1546,4639,1,6,0,0,0,2,1
36,17,0,0,3,0,0,0.0,0,62,5892,35,1,7,1,0,1,0,1
77,17,1,1,3,0,0,0.220779221,0,6,1116,0,0,12,0,0,0,1,1
106,19,0,1,2,0,0,0.056603774,0,93,7077,0,0,19,0,0,0,1,0
154,14,0,1,2,0,0,0.006493506,1,466,4775,112056,0,11,0,0,0,1,0
56,20,0,1,3,0,0,0.0,0,106,7668,301,0,9,0,0,1,1,0
47,17,0,1,2,0,0,0.0,1,9,-1,0,1,8,0,0,2,0,1
28,17,0,1,2,0,0,0.0,0,284,2649,468198,0,6,0,0,1,2,0
32,25,0,1,2,0,0,0.0,0,42,8510,0,0,5,0,1,3,0,1
26,19,0,1,2,0,0,0.0,0,12,7446,3690514,1,5,0,0,0,1,1
20,4,0,0,1,0,1,0.05,0,8,-1,1285481,1,5,0,0,1,1,1
78,22,0,1,3,0,0,0.064102564,0,0,6679,37803,0,11,0,0,0,3,0
32,25,0,1,2,0,0,0.0,0,6,7412,1561104,1,5,0,0,0,0,1
22,13,0,0,2,0,0,0.0,0,206,7011,907586,0,6,0,0,0,2,0
41,33,0,1,2,0,0,0.12195122,0,23,804,0,1,8,0,0,1,1,1
61,19,0,1,2,0,0,0.032786885,0,211,6669,6843,1,9,0,0,1,2,0
71,20,0,1,3,0,0,0.0,0,29,7724,654,1,10,0,0,1,2,0
35,28,0,1,2,0,1,0.0,0,14,7295,0,1,5,1,0,1,1,1
36,18,0,1,2,0,0,0.0,0,230,7810,29611,0,7,0,0,1,1,0
84,18,1,0,3,0,0,0.083333333,1,154,7626,52273,0,14,0,0,0,1,0
56,18,0,1,3,0,0,0.107142857,1,0,-1,75006,1,12,0,0,1,3,0
32,23,0,0,2,0,0,0.0,0,147,7393,431555,0,6,0,0,0,1,0
126,61,1,1,3,0,0,0.301587302,0,37,1669,1961063,1,15,0,0,0,2,1
152,24,1,1,3,0,0,0.125,4,2,-1,0,1,26,1,1,0,1,1
50,16,0,0,2,0,0,0.08,0,3148,7133,12,0,9,1,0,0,1,0
50,24,0,1,1,1,0,0.0,0,23,2867,12155,0,8,0,0,2,2,0
40,16,0,0,2,0,0,0.0,0,55,8518,8,0,6,1,0,0,0,0
142,32,0,1,2,1,1,0.063380282,0,7,8018,0,1,19,0,1,2,1,1
63,18,1,0,3,1,1,0.126984127,0,270,10677,23,1,12,1,0,3,2,0
51,12,0,1,2,1,0,0.019607843,3,8,-1,998801,1,10,0,0,1,1,1
33,25,0,1,2,0,0,0.0,0,0,727,0,0,6,0,0,0,0,0
34,27,0,1,2,0,0,0.0,1,7,-1,77586,1,7,0,0,0,1,1
34,26,0,1,2,1,0,0.0,0,82,2054,288962,0,7,0,0,1,2,0
72,23,0,1,2,0,0,0.194444444,1,91,8348,7421,1,13,0,0,1,2,1
30,22,0,1,2,0,0,0.0,0,88,3395,1036970,0,6,0,0,1,2,0
18,9,0,0,1,0,0,0.0,0,180,4320,246860,0,5,0,0,0,1,0
35,28,0,1,3,0,0,0.057142857,0,0,-1,0,0,6,0,0,0,1,1
66,18,0,0,2,1,0,0.0,2,4,2455,0,1,11,0,1,1,1,1
32,24,0,1,2,0,0,0.0,0,56,4472,0,0,6,0,0,0,2,0
43,21,0,1,2,0,0,0.069767442,0,0,2314,0,1,7,0,0,1,2,1
45,16,0,0,2,0,0,0.0,0,53,8520,8,0,6,1,0,0,2,0
36,29,0,1,2,0,1,0.0,0,14,7295,10294744,1,5,1,0,1,1,1
19,11,0,1,2,0,0,0.210526316,0,45,1658,0,1,6,0,0,0,2,1
21,6,0,1,1,0,1,0.095238095,0,113,-1,3523,1,5,0,0,2,2,1
34,25,0,0,2,0,0,0.0,0,39,1129,2209139,0,6,0,0,0,2,0
61,18,0,1,1,1,0,0.098360656,2,0,-1,0,1,11,0,0,0,2,1
28,19,0,0,2,0,0,0.0,0,55,7676,5849,0,6,0,0,0,1,0
20,7,0,1,1,1,0,0.05,0,34,1071,0,1,6,0,0,1,2,1
56,13,0,0,2,0,0,0.0,0,17,7419,285,1,11,0,1,1,0,0
34,25,0,0,2,0,0,0.0,1,47,-1,78870,1,9,0,0,0,1,1
85,18,0,1,2,0,0,0.0,1,136,4456,0,1,15,0,0,3,0,1
44,27,0,1,2,0,0,0.045454545,0,1,3133,413788,1,7,0,0,2,1,0
60,15,0,1,2,0,0,0.0,0,66,8829,2635,0,13,0,0,1,1,0
37,22,0,1,2,0,0,0.0,0,208,7584,974,0,6,0,0,1,2,0
131,27,0,0,2,1,1,0.030534351,0,26,8019,0,1,20,0,0,1,1,1
68,17,0,1,3,1,0,0.0,4,17,2802,0,1,11,0,0,0,1,1
21,12,0,0,1,0,0,0.0,0,87,4956,168708,0,5,0,0,0,2,0
36,29,0,1,2,0,0,0.0,0,16,5161,0,0,5,1,0,1,1,0
63,16,1,0,2,1,0,0.158730159,0,0,1784,0,1,11,0,0,2,2,1
23,15,0,1,2,0,0,0.0,0,20,8886,160130,0,6,0,0,1,2,0
68,18,0,0,3,1,0,0.0,0,109,7466,167663,0,13,0,0,0,0,0
78,15,0,1,2,1,0,0.051282051,0,165,8900,108560,0,15,0,0,1,2,0
66,18,0,1,2,0,0,0.0,0,94,4487,2870,0,12,0,0,1,1,0
29,22,0,1,2,0,0,0.0,0,83,2012,1107250,0,5,0,0,0,1,0
66,25,0,1,2,1,0,0.0,0,5,-1,0,1,11,0,0,1,1,1
157,14,1,0,2,0,0,0.114649682,0,63,5051,283,0,19,0,0,0,2,0
23,14,0,0,2,0,1,0.0,0,22,3701,116833,0,6,0,0,0,2,0
44,15,0,1,3,0,0,0.0,0,6,8922,309153,1,9,0,0,1,1,1
59,17,0,1,3,0,0,0.0,0,169,8144,12364,0,12,0,0,1,0,0
66,19,0,1,3,0,0,0.0,0,0,6166,1026621,0,10,0,0,0,2,0
55,22,0,1,2,0,0,0.0,0,67,8571,22056,0,8,0,0,1,2,0
31,22,0,0,2,0,0,0.0,0,8,2936,758604,0,6,0,0,0,1,0
29,21,0,1,2,0,0,0.0,0,103,5892,1609117,1,6,0,0,1,2,1
43,24,0,0,3,0,1,0.046511628,2,21,5615,0,1,9,0,0,0,2,1
50,14,0,1,3,0,0,0.02,0,19,4326,122153,0,10,0,0,0,2,0
36,23,0,1,3,0,0,0.0,1,12,-1,5552417,0,8,0,0,1,1,0
34,11,0,0,2,0,0,0.0,0,124,10524,673,1,7,0,1,3,1,0
261,13,0,1,3,0,0,0.157088123,3,9,31,0,1,13,0,1,0,1,1
34,13,1,1,3,0,0,0.294117647,0,39,-1,0,0,9,0,1,0,1,1
27,13,0,1,2,0,0,0.111111111,0,29,3910,0,1,7,0,0,0,1,1
37,16,0,0,2,0,0,0.162162162,0,191,6218,337,0,8,0,0,0,2,0
73,15,0,0,3,0,0,0.0,0,200,6053,14268,1,12,0,0,2,0,0
41,13,0,0,2,0,0,0.0,0,587,-1,0,1,9,0,0,2,2,1
86,16,0,1,2,1,0,0.0,3,32,760,0,1,14,0,0,0,2,1
21,12,0,0,2,0,0,0.0,0,346,5461,1435312,0,6,0,0,0,0,0
33,25,0,0,2,0,0,0.0,0,29,1720,1257570,0,6,0,0,0,1,0
122,17,0,1,3,0,0,0.049180328,1,28,-1,0,1,23,1,0,0,2,1
53,40,0,1,3,0,1,0.0,1,22,5626,0,1,10,0,0,0,2,1
28,20,0,1,2,0,0,0.0,0,28,1588,1905203,0,6,0,0,1,1,0
36,25,0,1,2,0,0,0.222222222,0,8,1338,22211,1,6,0,1,1,0,1
41,16,0,1,3,0,0,0.097560976,0,13,96,0,1,9,0,0,0,2,1
39,30,0,0,2,0,0,0.0,0,1,7087,18105,1,6,0,0,0,2,1
213,14,1,0,3,1,0,0.117370892,1,1,8348,1,0,41,1,1,0,1,1
34,26,0,1,2,0,0,0.0,0,106,6875,0,0,6,0,0,0,1,0
36,19,0,0,3,0,0,0.0,0,35,5129,743224,1,7,0,0,1,1,1
129,18,1,0,2,1,0,0.085271318,5,36,2500,0,1,21,0,0,0,1,1
59,41,0,0,3,0,1,0.0,0,83,5612,0,1,9,0,0,0,2,1
23,15,0,1,1,0,0,0.0,0,27,7,0,1,5,0,0,2,2,1
33,23,0,1,2,0,0,0.060606061,1,24,-1,0,0,8,0,0,1,1,1
24,17,0,1,1,0,0,0.0,0,0,-1,0,0,4,0,0,0,1,0
26,18,0,1,2,0,0,0.0,0,309,7068,2788969,0,6,0,0,1,2,0
44,15,0,1,3,0,0,0.1363636359999999,0,732,7158,2294,0,9,0,1,1,2,0
50,14,0,1,2,0,0,0.0,0,51,2305,541454,1,8,0,0,0,1,1
123,17,1,1,3,0,1,0.162601626,1,150,2411,174498,0,22,0,0,0,1,0
21,13,0,1,2,0,0,0.095238095,0,265,-1,745423,0,6,0,0,1,0,0
23,15,0,1,1,0,0,0.0,0,596,7682,0,0,5,0,0,2,1,1
55,16,1,1,1,0,0,0.345454545,1,106,7300,24283,0,8,0,0,1,1,0
25,12,0,0,2,0,0,0.0,0,13,-1,3426017,0,6,0,0,1,0,1
46,32,0,1,3,0,1,0.108695652,0,21,5627,0,1,9,0,0,0,2,1
24,5,0,1,1,0,0,0.125,0,76,-1,136698,1,5,0,0,3,1,1
102,16,0,1,2,1,0,0.049019608,2,132,1706,4830221,1,16,0,0,3,2,1
32,16,0,0,1,0,0,0.0,0,23,-1,0,1,6,0,0,0,1,1
38,14,0,1,3,1,0,0.0,0,10,62,0,1,9,0,0,0,1,1
127,50,1,0,3,1,0,0.173228346,0,51,3993,5707171,1,18,0,1,1,2,1
60,28,0,1,2,1,0,0.0,4,32,-1,0,1,10,0,1,0,1,1
29,14,0,1,2,0,0,0.0,0,28,2881,5754,1,6,0,0,0,0,1
73,19,0,1,1,1,0,0.0,4,0,2381,0,1,11,0,0,0,2,1
56,48,0,1,2,0,0,0.053571429,0,103,7128,8386524,1,9,0,0,1,2,1
55,13,0,0,3,0,0,0.109090909,0,25,-1,1035,1,9,0,0,1,1,0
23,14,0,0,2,0,0,0.0,0,71,6318,0,0,6,0,0,0,2,0
47,20,0,1,2,0,0,0.0,1,320,6196,84671,0,8,0,0,1,2,0
74,26,0,1,3,0,0,0.0,0,107,7521,10660,0,11,0,0,0,1,0
50,22,0,1,3,0,0,0.0,1,95,4341,0,1,9,0,0,0,2,1
104,20,0,1,3,0,0,0.057692308,0,32,254,0,0,12,0,0,1,2,1
117,42,1,1,3,0,0,0.222222222,0,51,3992,5697976,1,18,0,1,0,2,1
147,18,0,1,2,0,0,0.054421769,2,42,-1,0,1,25,0,1,0,1,1
34,26,0,1,2,0,0,0.0,0,18,1724,0,0,6,0,0,0,1,0
32,23,0,0,2,0,0,0.0,0,242,-1,7910366,0,6,0,0,0,2,0
80,15,0,1,3,0,0,0.0125,0,106,8973,10626,1,13,0,1,2,0,0
27,19,0,1,3,0,0,0.0,0,219,7936,47133,0,7,0,0,1,1,0
25,11,0,1,1,0,0,0.0,0,1,2197,0,1,6,0,0,0,2,1
30,23,0,1,2,0,1,0.066666667,0,14,7295,0,1,5,1,0,1,1,1
38,18,0,0,3,1,0,0.026315789,0,95,7681,295329,0,8,0,0,0,1,0
30,12,0,0,2,0,0,0.0,0,242,9161,960,1,7,0,0,1,1,0
61,25,0,1,3,0,0,0.131147541,0,0,9379,4068,1,11,0,0,1,3,0
32,24,0,1,3,0,0,0.0,0,185,-1,361673,0,7,0,0,0,0,0
68,11,0,1,3,0,0,0.176470588,0,0,-1,589615,0,16,0,0,1,3,0
60,14,0,1,2,1,0,0.0,2,4,3116,0,1,10,0,0,1,1,1
79,26,0,1,2,1,0,0.0,2,15,2295,0,1,12,0,0,0,1,1
132,54,1,0,3,1,0,0.143939394,0,4,4003,5816617,1,20,0,1,1,1,1
85,19,0,0,3,0,1,0.0,0,4,913,0,1,11,0,1,1,1,1
49,23,0,1,3,0,0,0.0,0,305,6631,1083895,0,8,0,0,2,2,0
37,17,0,1,1,0,0,0.0,1,32,2675,0,0,7,0,0,0,0,1
25,17,0,1,3,0,0,0.0,0,108,-1,2398123,0,7,0,0,0,1,0
21,14,0,1,1,0,0,0.047619048,0,115,2,0,1,5,0,0,2,2,1
32,25,0,1,2,0,1,0.03125,0,14,7295,0,1,5,1,0,1,1,1
32,16,0,0,2,0,1,0.0,0,152,4800,134,0,6,0,0,2,0,0
115,34,0,0,2,1,1,0.060869565,0,26,8019,0,1,15,0,0,1,1,1
68,42,1,1,3,0,0,0.191176471,0,51,3992,5697976,1,9,0,1,1,2,1
54,27,1,1,2,0,0,0.12962963,0,68,7159,2320,1,10,0,1,1,2,0
51,33,0,0,3,0,0,0.0,1,19,232,0,1,7,0,0,0,2,1
94,20,1,1,3,0,0,0.074468085,0,207,5051,4813,0,18,0,0,1,2,0
42,25,0,1,2,0,0,0.0,0,370,6256,688,0,6,0,0,1,2,0
38,25,0,0,2,1,0,0.0,0,0,5158,0,1,10,1,0,0,2,1
29,22,0,1,2,0,1,0.068965517,0,14,7295,0,1,5,1,0,1,1,1
53,21,0,1,2,0,0,0.0,0,61,3747,774723,1,8,0,0,1,1,0
68,24,0,1,3,1,0,0.0,0,40,-1,435362,0,11,0,0,0,2,0
82,15,1,0,2,0,1,0.207317073,0,278,9283,124,0,13,1,0,0,0,0
72,16,0,1,2,1,0,0.0,2,132,-1,0,1,13,0,0,1,1,1
26,19,0,1,2,0,0,0.0,0,14,5160,0,0,5,1,0,1,1,0
72,20,1,1,3,1,0,0.138888889,2,185,495,0,1,12,0,0,2,2,1
24,16,0,1,2,0,0,0.0,0,58,7603,907,0,6,0,0,0,1,0
41,22,0,0,3,1,0,0.024390244,0,4,13,0,1,10,0,0,1,1,1
82,16,0,0,2,0,0,0.06097561,1,10,8348,1,1,13,1,0,0,0,1
65,16,0,0,2,0,0,0.061538462,0,10,8348,1,1,10,1,0,0,0,1
29,20,0,0,2,0,0,0.034482759,0,13,1350,19778,1,6,0,0,0,2,1
40,15,0,1,2,0,0,0.0,0,10,6802,1577923,1,10,0,0,0,1,0
60,20,0,1,3,1,0,0.0,0,13,4670,0,0,11,0,0,0,1,0
45,20,0,1,2,1,0,0.0,0,83,7914,2450,0,9,0,0,1,1,0
27,18,0,0,2,0,0,0.0,0,247,7424,29440,0,6,0,0,0,1,0
38,31,0,1,2,0,1,0.0,0,14,7295,0,1,5,1,0,1,1,1
439,14,1,1,3,0,0,0.480637813,0,0,-1,0,1,18,0,0,0,2,1
47,14,0,1,3,0,0,0.042553191,0,6,7501,628638,0,9,0,0,1,1,0
40,13,1,1,3,0,0,0.25,0,4,-1,0,1,10,0,1,0,1,1
72,23,0,1,3,1,0,0.027777778,2,0,6006,0,1,13,0,0,0,3,0
36,20,0,0,2,0,0,0.0,1,0,1561,0,0,6,0,0,0,2,1
32,12,0,1,1,1,0,0.0,0,137,-1,47038,0,8,1,0,1,2,0
40,22,0,1,1,0,0,0.025,1,19,4058,0,1,6,0,0,2,1,1
77,23,1,1,1,0,0,0.285714286,0,30,5767,0,1,7,0,0,1,1,1
52,15,0,1,3,0,0,0.0,0,17,-1,0,1,9,0,0,0,1,0
109,14,0,0,2,0,0,0.073394495,1,17,9896,180,0,20,0,0,0,2,0
109,15,0,1,3,1,0,0.04587156,1,0,-1,93245,1,19,0,0,0,1,1
361,20,0,0,3,0,0,0.063711911,6,90,187,0,1,12,0,0,0,1,1
118,42,1,1,3,0,0,0.177966102,0,51,3993,5707171,1,17,0,1,1,2,1
55,14,1,1,1,0,0,0.381818182,0,0,5233,10313348,1,6,0,0,0,2,1
43,26,0,1,3,0,0,0.0,1,103,7050,1222496,1,8,0,0,1,2,1
27,15,0,0,2,0,0,0.0,0,52,5901,58597,0,7,0,0,0,0,0
123,23,0,0,3,0,0,0.081300813,0,11,-1,105946,1,25,0,1,0,1,1
58,21,0,1,2,1,0,0.0,0,91,6622,181216,1,10,0,0,1,0,0
44,36,0,1,2,0,1,0.0,0,306,7298,0,0,6,1,1,0,2,0
24,15,0,0,3,0,0,0.0,0,379,2544,2369609,0,7,0,0,0,0,0
57,24,0,0,3,0,0,0.0,0,84,7939,33059,0,9,0,0,0,2,0
359,23,0,1,3,0,0,0.019498607,2,0,1709,0,1,75,1,0,0,2,1
23,14,0,0,2,0,0,0.260869565,0,9,867,0,0,6,0,0,0,2,1
25,16,0,0,2,0,0,0.0,0,17,4169,79428,0,6,0,0,0,0,0
113,15,0,0,2,1,0,0.088495575,1,25,8347,1,1,14,1,0,1,2,1
25,16,0,0,2,0,0,0.0,0,173,2901,324756,0,6,0,0,1,0,0
25,16,0,0,2,0,0,0.0,0,105,7048,576752,0,6,0,0,0,2,0
33,24,0,0,2,0,0,0.0,0,22,2835,0,1,6,0,0,0,1,1
57,21,0,0,2,0,0,0.0,0,628,6340,293,0,9,0,0,0,1,0
69,17,0,1,3,1,0,0.0,3,8,5804,0,1,12,0,1,1,2,1
34,26,0,1,2,0,0,0.0,0,21,7081,311717,0,6,0,0,1,0,0
73,26,0,0,3,0,0,0.04109589,0,7,9129,15733,0,10,0,0,0,2,0
23,16,0,1,2,0,0,0.0,0,122,4329,158136,0,5,0,0,0,1,0
135,32,0,0,2,1,1,0.074074074,0,7,8018,0,1,18,0,1,1,1,1
35,26,0,0,2,1,0,0.0,0,0,2837,0,1,7,0,0,0,1,1
93,14,1,1,2,0,0,0.215053763,0,12,2996,4189860,1,10,0,0,1,1,1
73,17,1,1,1,0,0,0.095890411,0,305,6056,41,0,10,1,0,1,2,0
77,20,0,1,3,0,0,0.0,1,73,916,0,1,14,0,1,1,1,1
45,15,0,1,2,0,0,0.0,1,4,3094,408089,0,8,0,0,1,2,1
31,23,0,1,2,0,0,0.0,0,202,4991,239038,0,6,0,0,1,1,0
75,18,0,0,2,1,1,0.0,0,64,10674,23,0,14,1,0,1,0,0
64,12,0,0,1,0,1,0.0,0,99,5349,10753,0,10,0,0,0,1,0
31,22,0,0,2,0,0,0.0,0,8,1170,0,1,6,0,0,0,1,0
45,15,0,1,2,1,0,0.0,0,242,9074,15117,0,10,0,0,1,0,0
47,18,1,0,2,0,0,0.255319149,1,480,-1,0,1,9,0,0,0,2,1
61,21,0,1,3,0,0,0.0,0,189,7351,22839,0,11,0,0,1,1,0
23,14,0,0,2,0,0,0.0,0,31,5445,6496,0,6,0,0,1,1,0
26,18,0,1,2,0,0,0.0,0,14,5029,2839278,0,6,0,0,0,1,0
78,10,0,1,3,0,0,0.0,0,8,-1,3940522,1,14,0,0,0,1,1
39,30,0,0,2,0,0,0.0,0,147,6962,211607,0,6,0,0,0,1,0
46,18,0,1,3,0,1,0.108695652,1,0,4182,9974,1,10,0,0,0,3,1
22,13,0,0,2,0,0,0.0,0,83,9163,210636,0,6,0,0,0,0,0
87,21,0,0,3,1,0,0.0,2,1,919,0,1,16,0,1,0,2,1
64,15,0,1,2,0,0,0.0,0,66,8833,2717,0,14,0,0,1,1,0
57,30,0,1,2,0,1,0.0,0,140,7619,2192,0,7,0,0,1,1,0
63,15,0,1,2,0,0,0.0,1,13,5056,0,0,10,0,0,0,1,1
190,13,0,1,3,0,1,0.205263158,0,14,4564,7504096,1,31,1,0,1,1,1
32,14,0,1,1,0,0,0.1875,0,151,496,493686,1,6,0,0,0,2,1
25,16,0,0,2,0,0,0.0,0,95,6964,318509,0,6,0,0,0,0,0
263,214,0,1,3,0,1,0.19391635,2,5,2660,0,1,21,0,0,0,2,1
80,17,0,1,3,0,0,0.0625,0,78,7292,1008,0,14,0,0,1,2,0
30,22,0,1,1,0,0,0.0,0,32,-1,0,0,5,0,0,0,1,0
28,20,0,0,2,0,0,0.0,0,186,4460,0,0,6,0,0,2,1,0
21,14,0,1,2,0,0,0.0,0,12,7253,943419,1,5,0,0,0,1,1
24,5,0,1,1,0,0,0.083333333,0,0,-1,134401,1,5,0,0,1,2,1
26,11,0,0,1,0,0,0.0,0,37,519,0,1,6,0,0,1,1,1
46,15,0,1,2,0,0,0.0,2,40,3534,0,1,8,0,0,0,1,1
63,22,0,1,3,0,0,0.0,0,0,6391,0,1,11,0,0,0,2,1
22,15,0,1,2,0,0,0.0,0,25,1112,2209849,0,5,0,0,0,2,0
84,17,0,1,2,0,0,0.011904762,2,95,5136,1300,0,16,0,0,1,1,0
70,16,0,1,2,0,0,0.0,1,17,8030,6256,0,10,0,0,1,0,0
31,22,0,0,2,0,1,0.032258065,0,14,7295,0,1,6,1,0,0,1,1
45,28,0,1,3,0,1,0.0,0,83,5613,0,1,9,0,0,0,2,1
119,25,0,0,1,0,0,0.092436975,0,7,5,0,1,16,0,0,0,1,1
58,18,1,1,2,0,0,0.396551724,0,0,4941,0,1,6,0,0,1,2,1
121,46,1,1,3,0,0,0.148760331,0,51,3992,5697976,1,19,0,1,0,2,1
53,17,0,0,3,0,0,0.0,0,200,8833,6042,0,10,0,0,0,1,0
21,6,0,1,1,0,1,0.142857143,0,14,-1,3523,1,5,0,0,2,1,1
21,12,0,0,2,0,0,0.0,0,58,3851,328255,0,6,0,0,0,2,0
186,16,1,1,2,1,0,0.268817204,3,32,-1,0,1,22,0,0,1,1,1
51,28,0,1,3,0,0,0.0,0,44,3164,1323816,0,10,0,0,0,1,0
20,11,0,0,1,0,0,0.0,0,27,4,0,1,5,0,0,1,2,1
22,13,0,0,2,0,0,0.0,0,44,-1,442024,0,6,0,0,0,0,0
41,24,0,1,3,0,0,0.048780488,1,103,7189,490968,1,9,0,0,1,2,1
124,50,1,1,3,1,0,0.201612903,0,51,3993,5707171,1,18,0,1,1,2,1
30,22,0,1,2,0,0,0.0,0,51,269,0,1,6,0,0,0,1,0
60,35,0,1,2,0,0,0.016666667,0,181,6255,688,0,6,0,0,1,2,0
124,50,1,1,3,1,0,0.161290323,0,51,3993,5707171,1,18,0,1,1,2,1
75,14,1,0,1,0,0,0.253333333,0,88,2192,0,1,8,0,0,1,1,1
19,10,0,0,2,0,0,0.0,0,173,-1,1145762,0,6,0,0,0,2,0
123,17,0,1,3,1,0,0.0,4,6,4609,0,1,20,0,0,0,1,1
65,29,0,1,2,0,0,0.153846154,0,0,580,0,1,9,0,0,0,2,1
38,30,0,1,2,0,1,0.0,0,21,7297,0,0,6,1,0,0,1,0
24,16,0,1,2,1,0,0.0,0,186,3987,834691,0,7,0,0,1,1,0
73,11,0,1,1,0,0,0.0821917809999999,0,163,8121,6950,0,12,0,0,1,2,0
16,9,0,1,1,0,0,0.0,0,52,4050,0,0,4,0,0,1,1,0
44,14,0,0,2,0,0,0.045454545,0,136,7480,628,0,9,0,0,0,1,0
57,35,0,1,2,0,1,0.0,0,91,7615,2188,0,7,0,0,1,1,0
37,28,0,0,2,0,0,0.0,0,115,4544,976135,0,8,0,0,0,1,0
51,25,0,0,3,1,0,0.0,0,0,2072,1453088,1,9,0,0,1,2,1
103,31,0,1,2,1,0,0.048543689,2,4,1570,5697557,1,14,0,0,1,1,1
28,19,0,0,2,0,1,0.0,0,0,164,0,1,6,0,0,0,2,1
59,37,0,1,2,0,0,0.13559322,0,4,1834,0,1,7,0,0,1,1,1
33,16,0,0,1,1,0,0.0,0,44,1077,2739155,0,7,0,0,0,2,1
28,19,0,0,2,0,0,0.0,0,7,3252,659809,0,6,0,0,0,0,0
64,18,1,0,3,1,1,0.140625,0,35,10678,23,1,12,1,0,2,0,0
88,14,0,0,2,0,1,0.0,0,252,5442,8797,0,13,0,0,0,0,0
107,19,1,1,2,1,0,0.14953271,3,88,2047,0,1,14,0,0,0,1,1
79,19,0,1,2,0,0,0.0,0,116,9120,4277015,0,13,0,0,1,2,0
35,12,0,0,1,1,0,0.028571429,2,0,1220,0,1,8,0,0,1,2,1
44,13,0,1,2,0,0,0.0,1,501,9226,771,1,8,0,0,2,0,0
57,16,0,0,3,0,0,0.0,0,41,7069,77644,0,10,0,0,0,1,0
35,27,0,1,3,0,0,0.0,0,62,4827,0,0,7,0,0,0,1,0
30,11,0,1,2,0,0,0.033333333,0,0,1111,0,1,6,0,0,0,2,1
32,23,0,0,2,0,0,0.0,0,33,-1,2773089,0,6,0,0,0,2,0
48,39,0,0,2,1,0,0.0,0,23,523,8721545,0,7,0,0,0,2,1
36,11,0,1,2,0,0,0.0,1,11,1015,0,1,7,0,0,0,1,1
66,14,0,1,1,1,0,0.0,0,37,1756,0,0,9,0,0,1,2,0
114,21,0,1,3,1,0,0.0,4,6,4621,0,1,20,0,0,0,1,1
24,16,0,1,2,0,0,0.0,0,72,2705,211021,0,6,0,0,1,0,0
72,27,0,1,1,0,0,0.0,0,13,431,8509505,1,12,0,0,0,1,1
39,17,0,1,2,0,0,0.0,0,156,6076,0,1,8,0,0,2,2,1
55,15,1,1,3,0,0,0.6181818179999999,0,0,-1,0,1,7,0,1,2,2,1
28,20,0,1,2,0,0,0.0,0,100,8350,1312,0,6,0,0,1,2,0
79,13,1,0,3,1,0,0.126582278,3,4,2618,0,1,15,0,0,1,1,1
34,16,0,0,2,0,0,0.0,0,831,7131,12,0,7,1,0,0,1,0
27,17,0,1,2,1,0,0.0,0,0,2307,0,1,8,0,0,0,2,1
51,15,0,1,2,0,0,0.0,0,198,5885,183,0,12,0,0,1,0,0
63,13,0,0,2,0,0,0.0,0,17,7421,286,0,12,0,1,0,0,0
35,27,0,1,3,1,0,0.0,1,0,7,0,1,8,0,0,1,2,1
27,18,0,0,2,0,0,0.0,0,92,3737,50580,0,6,0,0,0,1,0
31,22,0,0,2,1,0,0.0,0,1,2529,0,0,7,0,0,1,2,0
36,29,0,1,2,0,1,0.0,0,61,7298,5498369,0,5,1,0,0,1,0
21,13,0,1,2,0,0,0.0,0,373,7501,408392,0,6,0,0,1,2,0
34,13,0,1,1,0,0,0.0,0,44,1400,0,1,7,0,0,0,2,1
24,16,0,1,2,0,0,0.0,0,213,5637,511701,0,6,0,0,1,2,0
32,25,0,1,2,0,1,0.09375,0,14,7295,0,1,5,1,1,1,1,1
62,26,0,1,3,0,1,0.064516129,0,21,5627,0,1,12,0,0,0,2,1
43,35,0,1,3,1,0,0.023255814,0,10,-1,0,1,9,1,0,0,0,1
78,29,0,1,3,0,0,0.012820513,0,1,7083,17964,1,13,0,1,0,2,1
46,17,0,1,2,1,0,0.0,0,14,3029,2349295,0,8,0,0,0,0,0
118,42,1,1,3,0,0,0.127118644,0,4,4003,5816617,1,17,0,1,1,1,1
30,22,0,1,2,0,0,0.0,0,283,3303,2894528,0,6,0,0,0,1,0
128,50,1,0,3,1,0,0.1484375,0,51,3993,5707171,1,19,0,1,0,2,1
21,13,0,1,2,0,0,0.0,0,28,2598,0,0,6,0,0,0,1,0
58,16,0,1,1,0,0,0.0,4,12,1857,0,1,12,0,0,3,1,1
40,24,0,1,3,1,0,0.0,0,9,2188,15984,1,8,0,0,0,1,1
126,50,1,0,3,1,0,0.198412698,0,51,3992,5707171,1,19,0,1,0,2,1
20,11,0,1,2,0,0,0.0,0,102,5351,8732354,0,7,0,0,2,2,0
63,15,1,0,2,0,0,0.111111111,0,4,2188,0,1,11,0,0,1,1,1
92,36,0,0,2,1,0,0.086956522,0,13,3828,0,1,11,0,0,1,2,1
29,21,0,1,2,0,0,0.0,0,25,-1,8061018,0,6,0,0,1,2,0
63,27,0,1,3,0,0,0.111111111,0,66,7156,2250,1,14,0,1,1,2,0
54,21,0,0,2,0,0,0.0,0,166,6340,291,1,8,0,0,0,1,0
61,31,0,1,2,0,1,0.0,0,85,7616,2190,0,8,0,0,1,1,0
66,12,0,1,3,1,0,0.0,1,7,91,0,1,13,0,0,0,0,1
33,25,0,1,2,0,1,0.0,0,64,37,0,1,6,0,0,0,2,1
90,19,0,0,3,0,0,0.011111111,0,27,-1,9273,0,16,1,0,0,0,0
114,26,1,1,3,1,0,0.210526316,2,22,2300,0,1,15,0,0,2,2,1
70,16,0,0,2,1,0,0.042857143,0,1,8348,1,1,11,1,0,1,1,1
41,11,0,0,2,0,0,0.073170732,0,133,-1,1009,0,9,0,0,0,1,0
33,15,0,0,2,0,0,0.0,0,42,-1,297716,1,7,0,0,0,1,0
77,22,0,1,3,0,0,0.0,0,0,6426,1886126,0,11,0,0,0,3,0
79,14,1,1,2,0,0,0.189873418,0,0,4377,0,1,11,0,0,0,2,1
96,14,1,1,2,1,0,0.197916667,3,59,244,0,1,12,0,0,0,2,1
49,18,0,1,2,0,0,0.0,0,121,7351,152882,0,10,0,0,1,2,0
106,14,0,1,3,1,0,0.037735849,0,0,8391,0,0,15,0,0,0,3,0
73,29,0,0,2,1,0,0.0,1,83,1819,0,1,11,0,0,0,2,1
53,36,0,1,3,0,1,0.113207547,0,83,5616,0,1,11,0,0,0,2,1
30,22,0,1,2,0,1,0.0,0,29,7297,613996,0,6,1,0,0,1,0
28,19,0,0,2,0,1,0.142857143,0,0,5614,0,1,6,0,0,0,2,1
50,14,1,1,3,1,0,0.22,3,12,-1,0,1,12,0,1,0,1,1
41,21,0,1,3,0,0,0.0,0,0,5568,104444,1,10,0,0,0,2,1
27,18,0,0,2,0,0,0.0,0,754,6112,157596,0,6,0,0,0,1,0
25,17,0,1,2,0,0,0.0,0,19,7106,0,0,6,0,0,1,1,0
86,21,1,1,2,1,0,0.418604651,2,20,-1,0,1,11,0,0,1,2,1
48,17,0,0,3,0,0,0.104166667,0,78,6490,4053232,0,9,0,0,1,1,1
34,26,0,1,2,0,1,0.0,0,67,7299,0,0,8,1,0,0,2,0
26,17,0,0,2,0,0,0.0,0,308,6140,1177815,0,6,0,0,0,0,0
32,11,0,0,1,0,0,0.0,0,549,-1,31757,0,6,0,0,0,1,0
123,26,0,0,2,1,1,0.056910569,0,7,8019,0,1,19,0,0,1,1,1
59,26,0,1,3,0,0,0.0,0,5,6889,0,1,8,0,0,0,1,0
26,17,0,0,2,0,0,0.0,0,121,2651,386861,0,6,0,0,0,0,0
27,18,0,0,2,1,0,0.0,0,292,1844,6577026,1,7,0,0,0,2,1
18,9,0,0,2,0,0,0.0,0,203,-1,96708,0,6,0,0,0,1,0
63,21,0,1,1,0,0,0.0,0,135,-1,495795,0,9,0,0,2,2,0
109,23,0,0,2,0,0,0.0,1,64,4428,1059659,0,17,0,0,0,2,0
51,16,0,1,2,0,0,0.0,0,0,2046,0,0,7,0,0,0,1,1
102,13,0,1,3,0,0,0.0,0,150,12123,1006,0,19,0,0,1,0,0
52,15,0,0,2,0,0,0.0,0,114,4288,218205,1,9,0,0,0,1,0
69,14,0,1,3,0,0,0.028985507,1,50,7471,0,1,12,0,0,0,2,1
218,12,1,1,3,1,0,0.371559633,4,6,-1,0,1,20,0,0,0,1,1
34,16,0,0,2,0,0,0.0,0,146,8516,8,0,6,1,0,0,0,0
39,20,0,0,2,0,0,0.051282051,0,116,6606,899,1,8,0,0,1,0,1
26,17,0,0,2,0,0,0.0,0,61,4161,405645,0,6,0,0,0,0,0
32,23,0,0,2,0,1,0.09375,0,14,7295,0,1,6,1,0,0,1,1
32,18,0,1,2,0,0,0.0,0,475,7906,9378,0,7,0,0,0,0,0
28,20,0,1,2,0,0,0.0,0,130,-1,0,0,6,0,0,1,2,0
158,38,0,1,3,0,0,0.006329114,2,1,3157,0,1,27,0,0,0,2,1
58,13,0,1,2,0,0,0.0,0,0,-1,0,1,6,0,1,1,2,1
57,16,0,1,3,1,0,0.0,0,31,5911,86615,0,11,0,0,1,1,0
243,25,1,1,3,1,0,0.255144033,3,0,328,0,1,42,0,0,0,1,1
77,23,1,1,1,0,0,0.298701299,0,30,5756,0,1,7,0,0,1,1,1
130,54,1,1,3,1,0,0.161538462,0,51,3992,5697976,1,19,0,1,1,2,1
23,14,0,0,1,1,0,0.0,0,27,5,0,1,6,0,0,1,2,1
43,24,0,1,1,0,0,0.0,0,0,7192,0,1,7,0,0,0,2,1
119,42,1,1,3,0,0,0.151260504,0,51,3992,5697976,1,18,0,1,0,2,1
43,15,0,0,2,0,0,0.0,0,52,5635,2,0,8,1,0,0,1,0
30,22,0,1,2,0,0,0.0,0,19,1967,7158525,0,6,0,0,0,0,0
41,23,0,0,3,1,0,0.0,0,428,284,0,1,10,0,0,2,2,1
24,15,0,0,2,0,0,0.0,0,334,10048,31916,0,6,0,0,0,1,0
41,13,0,1,2,0,0,0.0,0,6,1335,0,1,8,0,0,1,1,1
35,26,0,0,2,0,1,0.0,0,44,7299,0,0,6,1,0,0,2,0
40,26,0,1,3,0,0,0.0,1,0,3791,279260,1,8,0,0,0,2,1
43,14,0,0,2,0,0,0.139534884,0,4,1967,4657,1,6,0,0,0,2,1
48,17,0,1,3,0,0,0.0,0,171,8145,12364,0,10,0,0,1,0,0
117,42,1,1,3,0,0,0.170940171,0,51,3992,5697976,1,18,0,1,0,2,1
41,13,0,1,2,0,0,0.0,0,0,3340,0,1,8,0,0,0,2,1
31,24,0,1,2,0,0,0.0,0,1,134,0,1,5,0,0,0,1,1
51,16,0,0,2,0,0,0.0,0,741,7130,12,0,10,1,0,0,0,0
32,24,0,0,2,0,0,0.0,0,0,5157,0,1,5,1,0,0,2,1
54,24,0,1,2,1,1,0.037037037,0,321,7119,32633,1,11,0,0,0,2,0
27,18,0,0,2,0,0,0.0,0,50,7421,728979,0,6,0,0,0,1,0
73,14,0,0,3,0,0,0.054794521,0,5,5160,114,1,15,1,1,0,0,0
28,19,0,0,2,0,0,0.0,0,95,-1,28560,0,6,0,0,0,2,0
33,25,0,1,3,0,0,0.0,0,18,-1,143848,0,7,0,0,1,1,0
49,11,0,1,2,1,0,0.0,0,43,9396,6879,1,11,0,0,1,0,0
37,19,0,1,2,0,0,0.0,0,2,606,1172123,0,7,0,0,0,2,1
28,19,0,0,2,0,0,0.0,0,75,7092,0,0,6,0,0,0,2,0
68,22,1,0,2,0,0,0.338235294,0,18,5990,187079,1,7,0,0,0,1,1
91,36,0,1,2,1,0,0.087912088,0,13,3815,0,1,11,0,0,1,2,1
38,26,0,1,2,0,0,0.0,0,0,199,0,1,7,0,0,0,2,1
80,14,1,1,2,0,0,0.325,0,0,-1,0,1,11,0,0,0,2,1
125,50,1,1,3,1,0,0.144,0,51,3992,5707171,1,19,0,1,0,2,1
43,35,0,1,2,0,1,0.0,0,183,7298,1382862,0,8,1,0,0,2,0
50,17,0,1,2,1,0,0.02,1,23,3072,0,1,9,0,0,0,1,1
23,14,0,0,2,0,0,0.0,0,164,5731,10466422,0,6,0,0,0,1,0
49,32,0,1,1,1,0,0.0,2,0,4175,0,1,7,0,0,1,1,1
35,14,1,0,2,0,0,0.2,0,229,7027,15325,0,7,0,0,0,0,0
52,16,0,0,2,0,0,0.0,0,378,7130,12,0,9,1,0,0,1,0
60,22,0,1,1,1,0,0.1,2,22,2300,0,1,11,0,0,2,2,1
55,13,0,0,3,0,1,0.054545455,0,14,4565,7521365,1,14,1,0,2,2,1
125,50,1,0,3,1,0,0.144,0,51,3992,5697976,1,18,0,1,1,2,1
111,15,1,1,2,1,0,0.207207207,3,123,2048,0,1,14,0,0,1,2,1
111,17,0,1,2,0,1,0.036036036,0,226,3346,23006,0,18,0,0,1,2,0
87,16,1,1,3,0,0,0.24137931,0,0,8407,9678243,1,10,0,0,0,2,1
27,18,0,0,2,0,0,0.0,0,135,4106,8362,0,6,0,0,0,1,0
25,17,0,1,1,0,0,0.0,0,0,396,0,1,5,0,0,0,2,1
54,18,0,1,2,0,0,0.185185185,0,0,2541,0,1,9,0,0,0,2,1
29,20,0,0,2,0,0,0.0,0,62,5231,0,0,6,0,0,0,1,0
98,26,1,1,2,1,0,0.275510204,2,22,2300,0,1,14,0,0,2,2,1
27,20,0,1,2,0,0,0.0,0,64,3237,713698,0,5,0,0,0,2,0
86,19,1,1,3,0,0,0.360465116,0,0,-1,0,1,9,0,0,0,2,1
37,16,0,0,2,0,0,0.162162162,0,203,6217,337,0,8,0,0,0,2,0
57,14,0,1,1,1,0,0.0,3,0,2130,0,1,10,0,0,0,2,1
86,23,1,0,3,1,0,0.11627907,3,29,-1,0,1,15,0,0,0,1,1
50,16,0,1,3,0,0,0.04,0,185,3151,0,1,8,0,1,0,2,1
43,14,0,1,3,0,0,0.139534884,0,65,7157,2272,1,9,0,0,2,2,0
24,15,0,0,2,1,0,0.0,0,56,1976,1029187,0,7,0,0,0,0,0
72,17,0,0,1,0,0,0.0,0,116,6137,0,1,10,0,0,3,2,0
33,24,0,0,2,0,0,0.0,0,12,-1,784246,0,6,0,0,0,0,0
75,39,0,1,3,1,0,0.08,0,3,11,0,1,12,0,0,1,1,1
33,19,0,1,2,0,0,0.0,0,0,-1,0,1,6,0,0,0,2,1
40,20,0,0,3,0,0,0.025,0,8,1338,22211,1,7,0,0,0,0,1
30,15,0,0,2,0,0,0.0,0,0,2975,0,1,7,0,0,1,2,1
81,19,1,1,2,0,0,0.296296296,0,0,535,7375648,1,10,0,0,0,2,1
56,16,0,0,2,0,0,0.0,0,125,7133,12,0,10,1,0,0,0,0
73,14,0,1,3,1,0,0.0,4,10,3228,0,1,13,0,0,1,1,1
47,12,0,1,2,0,0,0.0,0,189,9121,48,1,9,1,0,2,1,0
84,11,0,1,3,0,0,0.166666667,0,0,8143,704437,0,17,0,0,0,3,0
85,18,1,1,3,0,0,0.329411765,0,0,-1,0,1,9,0,0,0,2,1
42,34,0,0,2,0,0,0.0,0,380,5939,670999,0,5,0,0,1,2,1
100,31,0,1,2,0,1,0.0,0,90,7615,2188,0,13,0,1,1,1,0
94,21,0,0,2,1,0,0.0,0,222,8217,213,0,15,0,0,0,2,0
59,10,0,1,3,1,0,0.0,2,0,-1,0,1,11,0,0,0,1,1
27,18,0,0,2,0,0,0.0,0,13,-1,0,1,6,0,0,1,0,0
27,18,0,0,2,0,0,0.0,0,36,5028,9583,0,6,0,0,0,2,0
65,57,0,1,3,0,0,0.076923077,1,4,1804,0,1,9,0,1,1,1,1
33,12,0,0,1,0,0,0.03030303,0,14,-1,2087703,0,6,0,0,0,2,0
24,15,0,0,2,0,0,0.0,0,80,-2,167733,0,6,0,0,0,1,0
29,20,0,0,3,0,0,0.0,0,43,-1,3520923,0,7,0,0,1,2,0
24,16,0,1,2,0,0,0.0,0,32,3091,0,0,6,0,0,0,2,0
103,15,1,1,1,1,0,0.223300971,3,123,2048,0,1,13,0,0,1,2,1
39,16,0,0,2,0,0,0.0,0,129,8517,8,0,6,1,0,0,0,0
91,11,0,1,2,1,0,0.0,0,4,1546,9488655,1,14,0,0,0,1,0
43,16,0,0,2,0,0,0.0,0,593,7133,12,0,8,1,0,0,1,0
30,21,0,0,2,0,1,0.0,0,32,3066,3617,0,6,1,0,2,0,0
45,26,1,1,2,0,0,0.1555555559999999,0,201,7874,1457,0,8,0,0,1,2,0
22,12,0,1,1,0,0,0.0,0,0,-1,0,1,6,0,0,1,2,1
32,23,0,0,2,0,1,0.09375,0,14,7295,0,1,6,1,0,0,1,1
38,30,0,1,2,0,0,0.0,0,6,8431,0,1,6,0,0,0,1,0
59,25,0,1,3,0,0,0.0,0,225,8919,332188,1,9,0,0,2,1,0
62,29,0,1,3,0,0,0.0,2,0,2335,0,1,10,0,0,1,2,1
61,13,0,1,1,0,0,0.081967213,1,85,9052,2790,0,11,0,0,1,0,0
37,10,0,1,2,0,0,0.0,0,0,6153,0,1,8,0,0,0,2,1
62,12,0,0,1,0,0,0.0,0,1326,4812,287489,0,10,0,1,0,1,0
31,16,0,1,2,0,0,0.0,0,107,9325,1394,0,7,1,0,1,0,0
23,15,0,1,2,0,0,0.0,0,206,1059,629814,0,6,0,0,1,2,0
55,33,0,0,3,0,0,0.0,0,26,1,0,1,11,0,0,0,3,1
22,13,0,0,2,0,0,0.0,0,184,7542,543661,0,6,0,0,1,0,0
50,23,0,0,2,1,0,0.0,0,281,7839,606,0,8,0,0,0,1,0
29,13,0,1,1,0,0,0.0,2,133,1899,507771,1,7,0,0,1,1,1
31,20,0,1,2,0,0,0.096774194,0,14,111,2847770,0,7,0,0,2,1,1
64,12,0,0,3,0,0,0.0,0,0,-1,15992,0,12,0,0,0,3,0
41,16,0,0,2,0,0,0.0,0,1133,7132,12,0,8,1,0,0,1,0
46,21,1,1,2,0,0,0.195652174,0,184,2824,0,1,8,0,0,1,1,1
65,15,0,0,2,0,0,0.030769231,0,0,603,0,1,15,0,0,0,2,1
61,17,0,1,3,0,1,0.0,0,261,6708,67890,0,10,0,0,1,0,0
78,14,1,1,2,0,0,0.192307692,0,0,4377,0,1,11,0,0,0,2,1
58,24,0,0,3,0,1,0.051724138,0,22,5627,0,1,10,0,1,0,2,1
39,30,0,0,2,0,0,0.0,0,70,-1,0,0,8,0,0,0,2,0
21,12,0,0,2,0,0,0.0,0,172,8854,330836,0,6,0,0,0,2,0
37,30,0,1,3,0,1,0.0,0,0,129,0,1,7,0,1,0,2,1
36,15,0,1,2,0,0,0.0,0,0,7419,0,1,8,0,0,0,2,1
53,12,0,1,1,0,0,0.150943396,0,168,5484,1338,0,11,0,0,1,1,0
32,24,0,1,2,0,0,0.0,0,33,-1,461672,0,6,0,0,1,2,0
52,14,0,0,2,0,0,0.057692308,0,0,1953,4365,1,8,0,0,0,2,1
35,27,0,1,2,0,1,0.085714286,0,22,7298,0,1,6,1,0,0,1,1
164,24,0,1,2,1,0,0.06097561,2,0,1282,0,1,14,0,0,0,2,1
48,23,0,1,3,0,0,0.020833333,1,18,3,0,1,9,0,0,0,1,1
99,25,0,1,3,1,0,0.01010101,0,99,7455,0,0,14,0,1,4,2,0
83,31,0,0,3,1,0,0.0,0,335,5119,41424,0,11,0,0,0,2,0
54,16,0,1,2,0,0,0.0,0,18,1731,2301844,1,9,0,0,0,2,1
32,24,0,1,2,0,0,0.0,0,22,5058,77435,0,6,0,0,0,2,1
32,24,0,1,2,0,0,0.0,0,49,2329,3474559,0,6,0,0,0,3,0
121,46,1,0,3,0,0,0.165289256,0,4,4004,5828815,1,18,0,1,1,1,1
54,18,0,1,3,0,0,0.0,0,130,-1,8902890,1,9,0,0,1,2,1
51,10,0,0,3,1,0,0.0,2,78,2791,9050107,1,13,0,0,0,1,1
43,24,0,0,2,0,0,0.023255814,0,35,6867,306936,1,7,0,0,0,1,1
32,11,0,1,1,0,0,0.0,0,0,3493,0,1,7,0,0,0,2,1
35,27,0,1,2,0,0,0.0,1,7,-1,77586,1,8,0,0,0,1,1
55,29,0,1,3,1,1,0.018181818,3,21,5616,0,1,11,0,0,0,2,1
53,19,0,1,2,0,0,0.037735849,0,212,6672,6923,1,9,0,0,1,2,0
57,16,0,0,2,0,0,0.0,0,686,7133,12,0,10,1,0,0,1,0
32,24,0,1,2,0,0,0.0,0,110,5092,969082,0,6,0,0,1,1,0
96,17,0,1,2,1,0,0.0,4,6,4609,0,1,15,0,0,0,1,1
486,11,1,0,3,0,0,0.456790123,0,17,-2,0,1,36,0,0,0,1,1
78,16,0,1,3,1,0,0.0,0,0,342,0,1,15,0,1,0,1,1
127,50,1,0,3,1,0,0.165354331,0,51,3992,5697976,1,18,0,1,1,2,1
89,19,0,0,1,0,0,0.02247191,0,44,2041,493547,1,13,0,0,0,2,0
37,29,0,1,2,0,0,0.0,0,63,4108,0,0,6,0,0,2,2,0
59,31,0,1,2,0,1,0.0,0,78,7615,2188,0,7,0,0,1,1,0
71,14,0,0,2,0,0,0.056338028,0,11,7199,1778,0,13,1,1,1,3,0
54,17,1,1,3,0,0,0.240740741,0,709,9293,148445,0,9,0,0,1,1,0
59,21,0,1,3,0,0,0.06779661,0,0,12648,4424,0,11,0,0,0,3,0
51,16,0,1,3,1,0,0.0,0,37,5910,86615,0,9,0,0,1,1,0
76,21,0,1,2,1,0,0.013157895,4,45,175,0,1,13,0,0,1,1,1
61,21,1,0,2,0,0,0.147540984,0,158,12210,50,0,11,1,0,1,0,0
29,21,0,1,2,0,0,0.0,0,30,7246,1115708,0,6,0,0,1,1,0
71,28,0,1,2,0,1,0.0,0,113,7617,2187,0,10,0,0,1,1,0
45,15,0,0,1,1,0,0.088888889,0,73,1726,167115,1,7,0,0,0,0,1
104,23,0,1,2,0,0,0.0,0,149,8434,3790,0,18,0,0,1,2,0
38,12,1,1,2,0,0,0.184210526,0,1067,8965,70,1,8,1,1,3,1,0
51,23,0,0,2,1,0,0.0,0,237,4,0,1,10,0,0,0,2,1
85,21,0,0,2,1,0,0.0,0,340,8215,216,0,14,0,0,0,2,0
34,26,0,1,2,0,1,0.0,0,222,6512,0,0,6,0,0,2,1,0
52,20,0,0,3,1,1,0.057692308,0,7,560,0,1,12,0,0,0,1,1
76,15,0,0,2,1,0,0.0,0,72,9504,2040,0,12,0,0,0,0,0
35,9,0,1,3,0,0,0.0,0,111,7975,326461,1,8,0,0,0,2,0
41,17,0,1,2,0,0,0.0,1,0,4041,0,1,8,0,0,0,2,1
31,22,0,0,2,0,0,0.0,0,189,4567,1077782,0,8,0,0,0,2,0
110,15,1,1,2,0,0,0.1,0,147,5339,11068,0,19,0,0,1,2,0
75,14,0,0,3,0,0,0.053333333,0,5,5160,115,1,16,1,1,0,0,0
33,26,0,1,2,0,1,0.0,0,204,7296,875896,0,5,1,0,0,1,0
69,15,0,1,2,1,0,0.0,2,40,1884,0,1,11,0,1,0,2,1
29,20,0,0,2,0,1,0.0,0,8,1337,20989,1,6,0,0,0,0,1
32,23,0,0,2,1,1,0.0,0,84,7298,0,0,7,1,0,0,0,0
42,20,0,0,3,0,0,0.0,0,102,-1,4248,0,10,0,0,1,1,0
46,33,0,0,2,0,0,0.0,0,22,5160,0,0,9,1,0,0,1,0
52,14,0,1,3,0,0,0.0,0,37,5290,1547,1,8,0,1,1,0,0
40,19,0,1,3,0,0,0.0,1,11,2241,0,1,8,0,0,0,1,1
60,24,0,1,3,0,0,0.0,0,421,-1,837228,1,12,0,0,1,2,1
20,4,0,0,1,0,1,0.15,0,0,-1,1083622,1,5,0,0,1,1,1
40,32,0,1,2,1,0,0.05,0,0,86,0,1,7,0,0,0,2,1
44,28,0,1,2,0,0,0.0,0,22,2724,0,1,7,0,0,1,2,1
27,15,0,0,2,0,0,0.0,0,10,5958,0,0,7,0,0,0,0,0
44,18,0,0,1,0,0,0.0,0,13,261,8774851,1,7,0,0,0,1,1
42,34,0,1,2,1,1,0.0,0,115,7296,603548,0,7,1,0,1,1,0
49,22,0,0,3,1,0,0.0,1,11,8157,2390594,1,10,0,0,0,2,1
39,16,0,1,1,0,0,0.102564103,0,0,-1,0,1,8,0,0,0,2,1
19,11,0,1,2,0,0,0.1578947369999999,0,45,1733,0,1,6,0,0,0,2,1
64,39,0,0,3,1,1,0.0,0,23,-1,0,1,11,0,1,0,2,1
52,16,0,0,2,0,1,0.076923077,0,254,6298,5126,0,10,0,0,0,0,0
42,34,0,1,3,0,1,0.0,0,10,657,0,1,9,0,1,0,0,1
22,13,0,0,2,0,0,0.0,0,64,3122,1237904,0,6,0,0,0,2,0
52,26,0,1,2,0,0,0.0,0,137,6681,12866,0,7,0,0,1,2,0
59,21,0,1,2,0,0,0.0,0,207,5511,1300,0,12,0,0,1,1,0
51,42,0,0,2,0,0,0.0,0,7,2155,0,0,8,0,0,0,1,1
61,28,0,1,2,0,0,0.0,0,177,6977,1264128,0,9,0,0,3,1,0
51,23,0,0,2,1,0,0.0,2,0,3747,0,0,9,0,0,0,2,1
49,14,0,1,1,0,0,0.0,0,7,-1,4956499,1,9,0,0,1,1,0
102,13,0,1,2,1,0,0.049019608,3,0,3632,0,1,15,0,0,0,2,1
41,20,0,1,3,0,0,0.048780488,0,8,1337,20989,1,7,0,0,1,0,1
103,18,1,1,3,1,0,0.067961165,0,128,8759,5347,1,21,0,0,2,1,0
93,14,1,1,3,1,0,0.290322581,0,10,62,0,1,11,0,0,0,1,1
26,8,0,1,1,0,0,0.0,1,33,-1,1782754,1,6,0,0,0,0,0
59,19,0,1,2,1,0,0.0,2,4,2249,0,1,9,0,1,1,1,1
36,21,0,0,1,0,0,0.027777778,0,47,1276,0,1,5,0,1,1,2,1
51,16,0,0,2,0,0,0.0,0,560,7131,12,0,9,1,0,0,1,0
47,13,1,1,3,0,0,0.127659574,0,83,-1,0,1,9,0,0,0,1,1
62,20,0,1,2,0,0,0.0,1,146,3910,0,1,9,0,0,3,2,1
28,19,0,0,2,1,0,0.0,0,809,4502,73540,0,7,0,0,0,1,0
48,16,0,0,1,0,0,0.0,0,299,5057,106451,0,7,0,0,0,1,0
63,31,0,1,2,0,1,0.0,0,113,7618,2192,0,8,0,0,1,1,0
36,16,0,0,2,0,0,0.0,0,53,8520,8,0,6,1,0,0,2,0
77,18,1,0,2,0,0,0.116883117,0,190,5224,136,0,10,0,0,0,2,0
51,10,1,1,1,0,0,0.352941176,0,0,2120,0,1,6,0,0,0,2,1
17,10,0,1,2,0,0,0.0,0,104,5273,244512,0,5,0,0,0,1,0
77,23,1,1,1,0,0,0.311688312,0,30,5767,0,1,7,0,0,1,1,1
84,27,0,1,3,1,0,0.107142857,0,39,2079,3621446,0,16,0,0,0,1,0
33,25,0,1,2,0,0,0.0,0,24,2479,707722,0,6,0,0,1,1,0
122,33,0,0,3,0,0,0.049180328,0,101,7836,13186,0,16,0,0,0,2,0
60,17,0,0,1,1,0,0.0,3,13,-1,6104856,1,11,0,0,1,1,1
38,21,0,1,3,0,0,0.026315789,1,103,6255,1416696,1,7,0,0,1,2,1
26,19,0,1,2,0,0,0.0,0,84,2308,512629,0,5,0,0,1,2,0
34,20,0,1,2,0,0,0.058823529,0,0,142,0,1,6,0,0,0,2,1
43,19,0,1,3,1,0,0.046511628,0,24,7715,0,1,11,0,0,0,1,1
203,14,0,0,3,0,0,0.0591133,1,0,8347,1,0,34,1,1,0,2,1
30,22,0,0,2,0,0,0.0,0,12,-1,378774,0,5,0,0,0,2,0
69,25,0,1,3,0,0,0.0,0,16,4924,321794,0,12,0,0,0,1,0
44,22,0,1,2,1,0,0.022727273,0,175,5908,14227,0,9,0,0,1,2,0
64,29,0,1,3,0,0,0.0,0,88,4027,0,0,11,0,0,1,2,0
32,24,0,1,2,0,0,0.0,0,45,5701,763318,0,6,0,0,1,2,0
32,9,0,1,2,0,0,0.0,0,15,-1,0,1,7,0,0,1,2,1
68,31,0,1,3,1,0,0.0,1,31,1015,1196152,0,11,0,1,0,1,1
49,17,0,1,2,0,0,0.081632653,0,13,2573,0,1,8,0,0,0,1,1
25,12,0,0,1,1,0,0.12,0,103,537,0,1,7,0,0,0,1,1
552,22,1,1,3,0,0,0.170289855,0,23,7154,0,1,27,0,0,1,2,1
29,20,0,0,2,0,1,0.034482759,0,8,1337,20989,1,6,0,0,0,0,1
29,21,0,1,2,0,0,0.0,0,45,1535,1758310,0,6,0,0,1,1,0
82,11,0,0,1,0,0,0.134146341,0,66,4949,6019,0,16,0,0,0,0,0
41,16,0,0,2,0,0,0.0,0,737,7131,12,0,9,1,0,1,1,0
91,19,0,0,3,0,0,0.0,0,1,899,0,1,15,0,0,0,2,1
23,14,0,0,2,0,0,0.0,0,139,3916,2819002,0,6,0,0,0,0,0
28,12,0,0,2,0,0,0.0,0,19,8934,8858690,1,7,0,0,0,0,0
26,14,0,1,2,0,0,0.0,0,0,7685,1096263,0,7,0,0,0,2,0
32,20,0,0,2,0,0,0.09375,0,14,112,2851324,0,7,0,0,1,1,1
49,12,0,1,2,0,0,0.0,0,38,8941,33,1,9,1,0,2,1,0
37,25,0,0,2,0,0,0.216216216,0,8,1338,22211,1,6,0,1,0,0,1
129,73,1,0,3,1,0,0.317829457,0,0,3509,6974,0,13,0,0,0,3,1
54,17,0,1,1,0,0,0.0,0,0,3017,0,1,9,0,0,0,2,0
49,19,0,1,3,0,0,0.081632653,0,0,187,0,1,8,0,0,0,2,1
27,18,0,0,2,0,0,0.0,0,134,3419,2320287,0,6,0,0,0,1,0
20,11,0,0,1,0,0,0.0,0,9,-1,600126,0,5,0,0,0,2,0
15,6,0,0,1,0,0,0.0,0,38,7650,665238,0,5,0,0,0,1,0
30,21,0,0,2,0,0,0.0,0,167,-1,531106,0,6,0,0,0,2,0
113,15,0,1,3,0,0,0.0,1,21,7603,14674,1,19,0,0,1,1,0
21,8,0,1,1,0,0,0.238095238,0,4,-1,0,1,6,0,0,1,1,1
23,15,0,1,2,0,0,0.0,0,107,9173,3535732,0,6,0,0,0,1,0
23,16,0,1,2,0,0,0.043478261,0,26,2695,4046162,0,5,1,0,0,1,0
83,11,0,0,1,0,0,0.072289157,0,76,4160,240533,0,18,0,0,0,0,0
30,22,0,0,2,0,1,0.066666667,0,14,7295,0,1,5,1,0,0,1,1
46,16,0,0,2,0,0,0.0,0,853,7131,12,0,9,1,0,0,1,0
40,13,1,1,3,0,0,0.25,1,0,-1,0,1,12,0,1,0,2,1
48,18,0,0,2,0,0,0.0,0,244,8708,3629,0,7,0,0,0,0,0
75,14,0,1,3,0,0,0.0,0,1,12203,22046,0,11,0,0,1,1,0
31,22,0,0,2,0,0,0.0,0,81,8422,471755,0,8,0,0,0,2,0
78,69,1,0,3,0,1,0.115384615,0,0,5626,0,1,10,0,0,0,2,1
50,25,0,1,2,1,0,0.0,0,4,3639,0,1,11,0,0,1,1,1
80,27,1,0,3,0,0,0.3125,0,73,152,5008870,1,8,0,0,0,1,1
32,23,0,0,3,0,0,0.0,0,118,-1,9627807,0,7,0,0,0,2,0
33,24,0,0,2,0,1,0.0,0,406,4537,1099626,0,6,0,0,0,2,0
43,24,0,1,3,0,0,0.023255814,0,13,4973,460221,1,7,0,1,0,2,0
37,28,0,0,2,0,0,0.0,0,126,3052,538542,0,6,0,0,0,2,0
31,24,0,1,2,0,0,0.0,1,12,3596,244386,0,5,0,0,0,1,0
24,15,0,0,2,0,0,0.0,0,130,3469,207870,0,6,0,0,0,0,0
25,16,0,0,2,0,0,0.0,0,266,2652,0,0,6,0,0,0,0,0
126,38,0,0,2,1,0,0.0,4,0,322,126941,1,11,0,0,0,2,1
26,18,0,1,2,0,0,0.0,1,28,4489,0,0,6,0,0,1,1,1
68,13,0,1,2,0,0,0.0,0,137,7611,3706,0,12,0,0,1,1,0
19,4,0,0,1,0,1,0.0,0,1,-1,35701,1,5,0,0,0,1,1
35,20,0,0,2,1,0,0.0,0,168,7233,461551,1,8,0,0,1,1,0
23,16,0,1,1,0,0,0.0,0,19,-1,0,0,4,0,0,2,2,0
37,25,0,1,2,0,0,0.216216216,0,8,1338,22211,1,7,0,1,1,0,1
39,20,0,1,3,0,0,0.025641026,0,8,1338,22211,0,7,0,0,1,0,1
28,15,0,1,2,0,0,0.035714286,0,416,9803,73,1,6,0,0,2,0,0
56,17,0,1,3,0,0,0.053571429,0,0,9239,13076,1,9,0,0,2,1,0
28,19,0,0,2,0,0,0.0,0,130,5093,0,0,6,0,0,0,2,0
74,28,1,0,3,1,0,0.162162162,1,4,7100,3866,1,12,0,0,1,1,1
66,23,0,1,1,0,0,0.0,1,1,4757,0,1,9,0,1,1,1,1
40,25,0,1,2,0,0,0.0,0,218,6257,689,0,6,0,0,1,2,0
71,24,0,1,2,1,0,0.056338028,3,38,778,0,1,12,0,0,0,2,1
77,14,0,0,3,0,0,0.051948052,0,5,5160,115,1,15,1,1,0,0,0
30,23,0,1,2,0,1,0.0,0,14,7295,0,1,5,1,1,1,1,1
24,16,0,1,2,0,0,0.0,0,2,6240,0,0,6,0,0,1,1,0
57,16,0,1,2,0,0,0.01754386,0,23,-1,0,1,10,0,1,3,2,1
38,29,0,0,2,1,0,0.0,0,21,1080,136428,1,7,0,0,0,2,1
84,13,0,1,3,0,0,0.047619048,0,0,8872,1883895,1,15,0,0,0,3,0
243,60,1,1,3,0,0,0.349794239,2,3,1658,0,1,23,0,0,1,1,1
43,14,0,1,3,0,0,0.139534884,0,67,7159,2336,1,9,0,0,2,1,0
31,23,0,1,2,0,0,0.0,0,47,2925,9400344,0,6,0,0,1,2,0
49,17,0,1,3,0,0,0.0,1,0,3339,7115751,1,11,0,0,0,2,1
42,17,0,1,2,1,0,0.023809524,1,4,-1,0,1,9,0,0,1,1,1
79,22,1,1,2,0,1,0.316455696,0,0,5783,50436,1,10,0,1,1,2,1
25,17,0,1,2,0,0,0.0,0,502,2756,2112856,0,6,0,0,0,0,0
123,46,1,0,3,0,0,0.12195122,0,4,4003,5816617,1,18,0,1,1,1,1
38,25,0,0,2,0,0,0.210526316,0,8,1338,22211,1,7,0,1,0,0,1
51,43,1,1,3,0,0,0.196078431,0,5,3229,0,1,9,0,1,0,2,1
73,15,0,1,3,1,0,0.0,1,16,2783,0,1,13,0,1,0,1,1
41,22,0,1,2,0,0,0.073170732,0,225,-1,226699,0,8,0,0,0,1,0
56,23,0,1,1,0,0,0.0,2,27,-1,0,1,13,0,0,0,2,1
53,18,0,1,3,0,0,0.0,0,102,-1,13812,0,9,0,0,1,2,0
19,12,0,1,1,0,0,0.0,0,184,8,0,1,5,0,0,1,2,1
106,45,1,1,3,1,0,0.169811321,1,17,-1,0,1,14,1,0,1,1,1
34,12,1,1,3,0,0,0.264705882,1,13,-1,0,1,9,0,1,0,1,1
125,50,1,0,3,1,0,0.144,0,51,3992,5707171,1,18,0,1,1,2,1
52,19,0,0,3,0,1,0.0,0,5,1087,0,1,11,0,1,0,1,1
72,14,1,1,2,0,0,0.180555556,0,0,4376,0,1,9,0,0,0,2,1
34,25,0,0,2,0,0,0.0,0,192,6220,113965,0,6,0,0,0,1,0
74,30,0,0,2,1,0,0.0,3,118,2539,2025445,1,11,0,0,0,2,1
128,50,1,0,3,1,0,0.1875,0,4,4003,5816617,1,19,0,1,1,1,1
35,28,0,1,2,0,1,0.0,0,14,7295,0,1,5,1,0,1,1,1
58,22,0,1,3,0,0,0.0,2,107,1527,3830391,0,10,0,1,1,2,1
99,11,0,1,1,0,1,0.121212121,0,92,227,0,1,7,0,0,0,1,1
68,48,0,1,3,0,0,0.0,0,12,5193,0,1,10,0,0,0,1,1
77,22,0,1,2,0,0,0.038961039,0,35,3952,2586888,0,12,0,0,0,1,0
77,16,0,1,3,0,0,0.012987013,0,170,7840,3993,1,16,0,0,1,0,0
105,32,0,1,3,1,0,0.0,3,22,284,0,1,15,0,1,0,1,1
119,42,1,1,3,0,0,0.218487395,0,4,4003,5816617,1,18,0,1,1,1,1
47,19,0,1,2,0,0,0.0,0,209,6668,6843,0,7,0,0,1,2,0
40,10,0,1,2,0,0,0.0,0,0,8683,0,1,8,0,0,0,2,1
54,13,1,1,2,0,0,0.481481481,0,0,-1,318914,1,7,0,0,0,2,1
25,16,0,0,2,1,0,0.0,0,27,1038,3186834,0,7,0,0,0,2,0
178,26,1,0,3,0,0,0.191011236,0,31,2777,0,1,25,1,0,0,2,1
35,18,0,1,2,0,0,0.0,0,67,3044,247225,1,7,0,0,2,2,1
43,35,0,1,2,0,1,0.0,0,35,7621,56198,0,6,0,0,0,2,1
59,18,0,1,2,1,1,0.0,0,118,8465,326140,1,10,0,0,2,2,0
59,15,1,1,1,0,0,0.288135593,1,0,3763,0,1,7,0,0,0,2,1
17,9,0,1,1,0,0,0.117647059,0,6,-1,0,0,5,0,1,1,1,1
40,33,0,1,2,0,0,0.0,0,5,5159,0,0,5,1,0,2,0,0
30,23,0,1,2,0,1,0.1,0,14,7295,0,1,5,1,0,1,1,1
24,15,0,0,2,0,0,0.0,0,90,2910,142338,0,6,0,0,0,0,0
60,20,0,1,2,0,0,0.0,0,0,7957,0,1,10,0,0,0,0,0
68,22,0,0,3,1,0,0.058823529,3,0,-1,0,1,12,0,1,0,2,1
51,15,0,1,3,0,0,0.019607843,0,108,8973,10626,1,9,0,1,3,0,0
52,44,1,1,3,0,1,0.211538462,0,21,5627,0,1,8,0,0,0,2,1
33,25,1,1,3,0,0,0.272727273,1,74,3698,179705,1,7,0,0,0,1,1
52,16,0,0,2,0,0,0.0,0,820,7132,12,0,9,1,0,0,1,0
69,16,0,1,2,0,0,0.0,0,210,7837,4114,0,13,0,0,1,0,0
39,25,0,1,2,0,0,0.0,0,403,6260,684,0,6,0,0,1,2,0
41,24,0,1,3,0,0,0.0,0,289,8466,16226,0,7,0,0,1,2,0
34,25,0,0,2,0,0,0.0,0,76,8768,180067,0,6,0,0,0,2,0
68,16,0,0,2,0,0,0.0,0,798,7133,12,0,11,1,0,0,1,0
40,10,0,1,2,1,0,0.0,0,26,3262,383748,1,9,0,0,1,1,1
33,26,0,1,1,0,0,0.03030303,0,0,0,0,1,7,0,0,1,2,1
48,18,0,1,2,0,0,0.0,0,565,8645,11963,1,8,0,0,2,0,0
210,18,1,0,2,0,0,0.323809524,2,22,3750,0,1,16,0,0,0,1,1
66,19,0,0,3,1,0,0.045454545,3,4,2074,4484551,1,11,0,0,0,1,1
61,15,0,1,3,0,0,0.016393443,0,94,4110,6595652,0,11,0,0,0,1,0
58,17,0,1,3,0,0,0.327586207,0,238,8455,413,0,12,0,0,3,0,0
31,23,0,1,2,0,0,0.0,0,114,3179,131196,0,6,0,0,1,2,0
51,23,0,1,2,1,0,0.0,0,184,6070,14420,0,9,0,0,1,1,0
210,18,1,0,2,0,0,0.380952381,2,22,3750,0,1,16,0,0,0,1,1
77,16,0,0,2,0,0,0.038961039,1,10,8348,1,1,11,1,0,0,0,1
45,19,0,1,3,0,0,0.0,0,43,5454,1885,0,8,0,0,1,2,0
117,37,0,0,2,0,0,0.042735043,0,109,4057,98,0,16,1,1,0,2,0
25,16,0,0,2,0,0,0.0,0,71,2484,1283116,0,6,0,0,0,2,0
61,11,1,1,3,0,0,0.213114754,0,171,-1,8844492,1,9,0,0,0,1,1
49,14,0,1,3,1,0,0.0,1,1,-1,0,1,13,0,1,1,1,1
69,12,1,1,3,0,0,0.101449275,0,78,7919,5638,1,12,0,0,2,1,0
82,16,0,0,2,0,0,0.073170732,1,10,8348,1,1,12,1,0,0,0,1
54,23,0,1,2,1,0,0.018518519,0,75,135,0,1,9,0,0,0,2,1
64,19,1,1,2,0,0,0.171875,0,4,-1,0,1,13,0,0,0,2,1
34,25,0,0,2,0,0,0.0,0,99,-1,3481179,0,6,0,0,0,2,0
63,18,0,1,2,0,0,0.015873016,0,17,-1,0,1,12,0,0,3,1,1
28,15,0,1,2,0,0,0.071428571,0,61,8571,98707,0,6,0,0,0,1,0
61,22,0,1,3,0,0,0.0,0,51,4378,73732,0,10,0,0,2,1,0
35,16,0,1,2,0,0,0.085714286,0,56,-1,0,1,7,0,0,1,1,1
23,14,0,0,2,0,0,0.0,0,72,4307,84997,0,6,0,0,0,1,0
26,19,0,1,2,0,0,0.0,0,38,7380,0,0,5,0,0,0,1,0
65,31,0,1,3,0,1,0.046153846,0,22,5627,3532926,1,11,0,1,0,2,1
28,19,0,0,2,0,0,0.0,0,19,5078,2617136,0,6,0,0,0,1,0
37,17,0,1,2,1,0,0.0,0,12,1771,0,1,9,0,0,1,1,1
30,23,0,1,2,0,1,0.0,0,14,7295,0,1,5,1,0,1,1,1
127,50,1,1,3,1,0,0.125984252,0,51,3992,5707171,1,19,0,1,0,2,1
21,8,0,0,1,0,0,0.047619048,0,61,-1,8876061,1,5,0,0,2,2,1
33,24,0,0,2,0,1,0.03030303,0,14,7295,0,1,6,1,0,0,1,1
34,15,0,1,1,0,0,0.0,0,37,1369,0,1,7,0,0,0,1,1
30,22,0,1,2,0,0,0.0,0,51,1527,775330,0,6,0,0,1,1,0
78,37,0,1,3,0,0,0.0,1,33,2105,0,1,10,0,0,0,2,1
30,22,0,1,2,1,0,0.0,0,103,7062,1760637,1,7,0,0,1,2,1
58,28,0,1,3,1,0,0.0,0,0,7726,7010277,1,11,0,0,0,2,1
49,23,0,0,2,1,0,0.0,0,252,7836,600,0,9,0,0,0,0,0
29,22,0,1,2,0,1,0.068965517,0,14,7295,0,1,5,1,0,1,1,1
64,14,0,1,3,0,0,0.09375,0,4,9806,66583,0,10,0,0,0,1,0
61,19,0,1,3,1,0,0.016393443,1,122,3671,0,1,11,0,0,0,1,1
22,13,0,0,2,0,0,0.0,0,151,6111,0,0,6,0,0,0,2,0
27,16,0,1,1,0,0,0.0,0,0,5090,0,1,6,0,0,0,2,1
19,10,0,0,1,0,0,0.0,0,498,-1,407033,0,5,0,0,0,1,0
32,25,0,1,2,0,1,0.0,0,14,7295,0,1,5,1,0,1,1,1
52,16,0,1,2,0,0,0.0,0,55,2390,1634,0,12,0,0,0,1,0
69,18,0,0,3,0,0,0.0,0,49,8778,372124,0,11,0,0,0,1,0
41,16,0,0,2,0,0,0.0,0,146,7133,12,0,9,1,0,0,2,0
60,23,0,1,3,0,0,0.1,0,313,3358,2330327,0,9,0,0,0,2,0
43,11,0,1,2,0,0,0.046511628,0,40,19,0,0,8,0,0,0,2,1
33,24,0,0,2,0,0,0.0,0,57,1918,5268681,0,6,0,0,0,1,0
43,15,0,0,2,0,0,0.023255814,1,42,5640,2,0,8,1,0,0,3,0
24,5,0,1,1,0,1,0.0,0,9,-1,138139,1,5,0,0,1,0,1
43,16,0,0,2,0,0,0.0,0,122,8516,8,0,6,1,0,0,0,0
112,71,0,1,3,0,0,0.1607142859999999,0,4,1837,0,1,18,0,0,1,1,1
26,17,0,0,2,0,0,0.0,1,15,1731,532418,0,6,0,0,0,0,0
49,17,0,1,1,1,0,0.0,3,3,4629,0,1,10,0,0,0,1,1
44,13,0,0,2,0,0,0.0,1,59,3778,6315,0,8,0,0,0,2,0
62,18,0,0,2,0,0,0.0,0,141,2238,289244,0,10,0,0,0,2,0
84,17,0,1,3,1,1,0.035714286,0,61,6416,187558,1,16,0,1,0,1,0
70,15,0,1,3,0,0,0.014285714,0,26,7379,893829,0,10,0,0,0,2,0
17,8,0,0,1,0,0,0.0,0,45,5819,10594355,0,5,0,0,0,0,0
35,26,0,0,3,0,0,0.0,0,90,5178,0,0,7,0,0,0,2,0
40,33,0,1,2,0,1,0.0,0,14,7295,0,1,5,1,0,1,1,1
75,10,0,1,3,0,0,0.0,0,79,-1,2634,1,10,0,0,2,2,0
43,25,0,1,2,0,0,0.0,0,624,6256,689,0,6,0,0,1,2,0
24,15,0,0,2,0,0,0.0,0,140,-1,428294,0,6,0,0,0,1,0
230,23,1,1,3,1,0,0.347826087,5,15,-1,0,1,20,0,0,1,1,1
94,12,0,0,2,1,1,0.0,3,7,5838,8227812,1,15,0,1,0,1,1
23,14,0,0,2,0,0,0.0,0,1219,5763,2374842,0,6,0,0,0,1,0
23,15,0,1,2,0,0,0.0,0,1187,2475,3234267,0,6,0,0,0,3,0
40,15,0,1,2,0,0,0.0,1,23,-12,0,1,8,0,0,0,1,1
61,20,0,1,2,1,0,0.0,2,3,216,0,1,11,0,0,0,1,1
73,18,0,1,3,0,0,0.02739726,0,14,7802,0,1,11,0,1,0,1,1
76,22,1,1,3,0,0,0.223684211,1,0,359,0,1,12,0,0,0,2,1
127,27,1,0,3,1,0,0.204724409,0,1,7087,18105,1,22,0,0,0,2,1
23,16,0,1,2,0,0,0.0,0,0,-1,5473793,0,6,0,0,0,1,0
51,43,0,1,2,0,0,0.0,0,24,1448,485297,1,8,0,0,0,2,1
53,25,0,1,2,0,0,0.0,0,144,3709,106159,0,8,0,0,0,2,0
63,11,0,1,2,1,0,0.0,3,19,-1,6734931,0,12,0,0,2,2,1
57,15,0,1,2,0,0,0.0,0,734,3192,180227,0,11,0,0,2,0,0
55,19,0,0,2,0,0,0.0,0,81,-1,283306,0,11,0,0,0,3,0
92,15,1,1,3,0,0,0.25,0,1,2414,0,1,13,0,0,1,1,1
33,25,0,1,3,0,0,0.0,0,224,4911,0,0,7,0,0,1,2,0
25,17,0,1,2,0,0,0.0,0,249,3837,0,0,6,0,0,0,1,0
93,22,1,1,1,1,0,0.279569892,2,22,2300,0,1,13,0,0,2,2,1
142,25,0,0,3,0,1,0.126760563,0,19,5613,0,1,15,0,0,0,2,1
58,17,0,1,3,0,0,0.0172413789999999,0,27,12561,13684,0,11,0,0,1,2,0
39,31,0,1,2,0,0,0.0,1,47,1950,341948,1,6,0,0,1,1,1
28,11,0,1,3,0,0,0.142857143,1,103,7063,767936,1,7,0,1,1,2,1
41,16,0,0,2,0,0,0.0,0,387,7133,12,0,9,1,0,0,1,0
46,13,0,1,3,0,0,0.0,0,259,9803,72,0,10,0,0,1,1,0
79,18,1,0,3,1,1,0.101265823,0,29,10676,23,1,14,1,0,3,0,0
25,17,0,1,2,1,1,0.0,0,161,5380,415941,0,7,0,0,0,2,0
46,15,0,1,3,0,0,0.086956522,0,10,-1,0,1,12,0,0,1,1,1
85,30,0,0,3,0,0,0.035294118,2,0,4258,0,1,15,0,0,1,1,1
44,22,0,1,2,1,0,0.045454545,0,15,333,0,1,8,0,0,1,2,1
32,23,0,0,2,0,0,0.0,0,511,-1,49987,0,6,0,0,0,2,0
50,20,0,1,2,0,0,0.0,0,521,6656,90283,0,9,0,0,1,2,0
126,50,1,1,3,1,0,0.166666667,0,51,3993,0,1,18,0,1,1,2,1
129,14,1,1,2,1,0,0.457364341,1,4,-2,0,1,12,0,0,0,2,1
49,18,0,1,3,0,0,0.0,1,0,2613,6251197,1,8,0,0,0,1,1
26,19,0,1,2,0,0,0.0,0,195,4005,294088,0,5,0,0,0,1,0
55,47,0,1,3,0,0,0.090909091,0,29,2179,0,1,10,1,1,2,0,1
59,15,0,0,2,0,0,0.0,0,44,7986,13887,0,10,0,0,0,1,0
65,24,0,0,2,0,0,0.123076923,0,115,4761,5067,0,12,0,0,0,2,0
25,16,0,0,2,0,0,0.0,0,47,6290,460823,0,6,0,0,0,1,0
47,14,0,1,3,0,0,0.0,0,94,7452,968408,0,8,0,0,0,0,0
71,22,0,1,3,0,1,0.0,0,114,5044,380,0,10,0,1,0,1,0
75,13,1,0,3,0,0,0.16,0,72,5516,798,0,13,0,0,0,2,1
48,12,0,0,2,0,0,0.0,0,13,-1,0,1,8,0,1,0,1,1
47,13,0,1,1,1,1,0.0,3,37,3208,0,1,9,0,0,0,2,1
47,28,0,1,2,0,0,0.0,0,499,5090,55262,0,7,0,0,1,2,0
65,13,0,0,2,0,0,0.0,0,388,8881,12978,0,12,0,0,2,2,0
50,27,0,1,2,0,0,0.0,0,27,829,0,1,7,0,0,1,1,1
21,13,0,1,2,0,0,0.0,0,3,-1,435701,0,6,0,0,0,1,0
153,39,0,1,3,0,1,0.14379085,0,19,5613,9298906,1,16,0,0,0,2,1
35,27,0,0,2,0,1,0.0,0,16,7295,0,1,5,1,0,0,1,1
90,23,1,1,3,0,0,0.211111111,1,0,359,0,1,13,0,0,0,2,1
21,13,0,1,2,0,0,0.0,0,155,4574,2552376,0,6,0,0,0,1,0
49,14,0,1,2,0,0,0.0,1,17,643,0,1,10,0,0,0,1,1
62,11,0,0,3,0,0,0.0,0,49,8904,1499,0,11,0,0,0,0,0
35,18,0,1,2,0,1,0.0,0,1,2420,0,1,7,0,0,1,1,1
43,36,0,1,2,0,1,0.023255814,0,14,7295,0,1,5,1,0,1,1,1
41,19,0,1,3,0,0,0.0,1,0,4634,8237707,1,8,0,0,0,2,1
18,8,0,1,1,0,0,0.0,1,147,958,1379977,1,5,0,0,2,2,1
26,16,0,1,1,0,1,0.038461538,0,10,2555,0,1,5,0,0,1,1,1
34,18,0,1,3,0,0,0.0,0,0,2886,0,1,7,0,0,0,2,1
97,20,0,0,3,0,0,0.051546392,1,10,2920,0,1,22,0,1,0,1,1
82,16,0,0,2,0,0,0.073170732,1,10,8347,1,1,12,1,0,0,0,1
46,39,0,1,3,0,0,0.043478261,0,9,5942,3524124,0,8,0,0,0,2,1
59,26,0,1,3,0,0,0.050847458,0,1,7083,17964,1,11,0,1,0,2,1
53,19,0,1,2,0,0,0.037735849,0,203,6669,6844,1,9,0,0,1,2,0
45,18,0,1,2,0,0,0.0,0,100,9205,690,0,8,0,1,1,0,0
61,16,0,0,3,0,0,0.06557377,0,161,4300,846519,1,12,0,0,0,2,0
23,14,0,0,3,0,0,0.0,0,406,-1,2470539,0,7,1,0,0,1,0
48,7,0,0,1,0,0,0.1875,0,0,2521,632751,1,6,0,0,1,1,1
48,15,0,1,2,0,0,0.0625,1,62,1822,1917321,1,8,0,0,0,1,1
36,28,0,1,2,0,0,0.055555556,0,36,171,6322841,0,6,0,0,0,1,1
47,35,0,1,2,0,0,0.021276596,0,28,6382,0,1,11,1,0,2,2,1
49,21,0,1,2,0,0,0.0,0,1034,6171,117262,1,9,0,0,2,2,0
34,18,0,1,2,0,1,0.0,0,22,1479,0,1,8,0,0,1,1,1
41,22,0,1,2,0,0,0.0,0,8,385,0,1,8,0,0,0,0,1
91,22,1,1,2,1,0,0.263736264,3,11,-1,0,1,11,0,0,1,2,1
48,17,0,1,2,0,0,0.0,0,286,6073,14284,0,9,0,0,1,2,0
26,15,0,0,3,0,0,0.0,0,16,-1,1187803,0,7,0,0,0,2,0
22,13,0,0,2,0,0,0.0,0,234,-1,2070017,0,6,0,0,0,2,0
72,15,0,1,3,0,0,0.0,0,64,12873,4114,1,11,0,0,2,1,0
60,22,0,1,1,1,0,0.083333333,2,22,2300,0,1,12,0,0,2,2,1
77,23,1,1,1,0,0,0.311688312,0,30,5767,0,1,7,0,0,1,1,1
66,45,1,1,3,0,1,0.257575758,0,18,5626,0,1,11,0,1,0,1,1
22,15,0,1,2,0,0,0.0,0,103,8453,3749732,0,5,0,0,1,1,0
91,18,0,0,2,0,0,0.0,0,43,3955,3213,0,16,0,0,0,2,0
93,21,0,1,3,0,0,0.0,0,7,3596,286175,0,13,0,0,0,0,0
97,20,1,1,3,0,0,0.237113402,0,30,-1,0,1,14,0,0,1,2,1
41,19,0,1,3,0,0,0.0,0,0,-1,0,1,8,0,0,0,2,1
43,25,0,1,2,0,0,0.0,0,204,6259,683,0,6,0,0,1,2,0
21,14,0,1,3,0,0,0.0,0,398,-1,2657084,0,6,0,0,0,1,0
67,23,0,1,1,0,0,0.0,1,1,4757,0,1,10,0,1,1,1,1
24,11,0,1,1,0,0,0.083333333,0,24,-1,10656,1,5,0,0,2,1,1
56,15,0,1,3,0,1,0.0,0,24,-1,0,1,11,0,0,0,2,1
18,11,0,1,1,0,0,0.0,0,58,-1,4139578,0,4,0,0,0,1,0
47,18,0,1,2,0,0,0.0,0,96,9202,684,0,8,0,0,1,0,0
44,25,0,1,2,0,0,0.0,0,279,6260,683,0,6,0,0,1,2,0
25,13,0,0,2,0,0,0.0,1,314,-1,14483,0,7,0,0,0,1,0
58,15,0,1,3,0,0,0.103448276,0,0,12121,20493,0,12,0,0,0,3,0
267,213,0,1,3,0,0,0.146067416,0,5,2658,0,1,22,0,0,0,2,1
32,24,0,1,2,0,0,0.0,0,148,6389,0,0,6,0,0,1,2,0
85,20,0,1,3,0,0,0.0,2,1,3729,0,1,16,0,0,0,2,1
30,13,1,1,3,0,0,0.333333333,0,4,-1,0,1,8,0,1,0,1,1
61,15,0,0,2,0,1,0.081967213,1,25,9156,65,1,9,1,0,1,0,1
46,20,0,0,2,0,0,0.0,0,100,7132,12,0,8,1,0,0,1,0
66,15,0,0,2,1,0,0.0,3,29,1266,0,1,13,0,0,0,2,1
81,47,0,0,3,0,1,0.024691358,0,22,5627,0,1,11,0,1,0,2,1
40,25,0,1,2,0,0,0.0,0,307,6259,682,0,6,0,0,1,2,0
69,21,0,1,3,0,0,0.0,1,2,3317,0,1,9,0,0,0,1,1
77,23,1,1,1,0,0,0.194805195,0,30,5767,0,1,7,0,0,1,1,1
32,23,0,0,3,1,0,0.0,0,428,284,0,1,8,0,0,2,2,1
102,15,1,1,1,0,0,0.245098039,1,27,971,4716690,1,10,0,0,1,1,1
30,21,0,0,2,0,0,0.0,0,177,3465,1022937,0,6,0,0,0,2,0
29,8,0,0,2,0,0,0.068965517,0,28,-1,34164,0,7,0,0,0,0,0
38,16,0,0,2,0,0,0.0,1,85,5529,5776915,1,7,0,0,0,1,1
346,26,1,1,2,1,0,0.161849711,1,1,296,0,1,19,0,0,0,1,1
26,18,0,1,2,0,0,0.0,0,0,3377,599013,1,6,0,0,0,2,1
43,34,0,0,2,0,0,0.0,1,47,1950,341948,1,6,0,0,0,1,1
19,11,0,1,1,1,0,0.0,0,1,10,0,1,6,0,0,0,1,1
47,29,0,1,3,0,1,0.063829787,0,21,5627,0,1,8,0,0,0,2,1
110,13,0,1,1,1,0,0.045454545,4,27,3053,0,1,18,0,0,1,2,1
127,50,1,0,3,1,0,0.165354331,0,51,3993,5707171,1,18,0,1,1,2,1
48,15,0,1,2,1,0,0.020833333,2,0,177,0,1,10,0,0,0,2,1
50,16,0,1,3,0,0,0.02,0,185,3151,0,1,8,0,1,0,2,1
37,28,0,0,3,0,0,0.0,0,27,-1,3286659,0,7,0,0,0,2,0
25,17,0,1,2,0,0,0.0,0,30,2134,909720,0,6,0,0,1,2,0
46,16,0,0,2,0,0,0.0,0,659,7132,12,0,8,1,0,0,1,0
46,12,0,1,3,0,0,0.0,0,150,-1,2488533,1,9,0,0,0,0,1
43,16,0,0,2,0,0,0.0,0,320,7134,12,0,8,1,0,0,1,0
25,18,0,1,2,0,0,0.0,0,13,5161,0,0,5,1,0,1,1,0
39,31,0,1,2,1,0,0.102564103,0,103,6996,1063779,1,7,0,0,1,2,1
27,18,0,0,2,0,0,0.0,0,167,7325,87260,0,6,0,0,0,1,0
46,13,0,0,1,1,0,0.02173913,1,77,6326,644,0,9,1,0,0,0,0
77,23,1,1,1,0,0,0.272727273,0,30,5767,0,1,7,0,0,1,1,1
30,9,0,1,1,0,0,0.0,0,0,2388,0,1,7,0,0,0,2,1
28,20,0,1,2,0,0,0.0,0,210,1523,3075756,0,6,0,0,1,2,0
58,19,0,1,3,0,0,0.0,3,26,2668,0,1,11,0,0,1,1,1
40,18,0,1,2,0,0,0.0,0,119,9204,688,0,7,0,0,1,0,0
28,21,0,1,2,0,1,0.0,0,14,7295,0,1,5,1,0,1,1,1
48,23,0,1,3,1,0,0.0,1,0,7,0,1,11,0,0,1,2,1
31,16,0,0,1,0,0,0.0,0,23,-1,0,1,5,0,0,1,1,1
40,31,0,0,2,1,0,0.0,1,47,-1,77586,1,7,0,0,0,1,1
31,22,0,0,2,0,1,0.064516129,0,14,7295,0,1,6,1,0,0,1,1
76,50,1,1,3,1,0,0.131578947,0,51,3993,5707171,1,10,0,1,1,2,1
24,15,0,0,2,0,0,0.0,0,25,1079,122264,0,6,0,0,0,2,0
84,20,0,1,3,0,0,0.071428571,0,81,5201,62156,1,14,0,1,1,1,0
26,18,0,1,1,0,1,0.0,0,15,384,0,0,5,0,0,0,0,1
54,15,0,0,2,0,1,0.055555556,0,288,9283,124,0,11,1,0,0,0,0
30,21,0,0,2,0,0,0.0,0,15,-1,0,0,6,0,0,0,1,0
58,17,0,1,1,0,1,0.034482759,0,47,5154,1499,0,10,0,0,1,2,0
25,18,0,1,2,0,0,0.0,0,1,5010,0,1,5,0,0,0,1,1
125,50,1,1,3,1,0,0.184,0,51,3992,5697976,1,19,0,1,0,2,1
47,19,0,1,2,0,0,0.0,0,93,5751,3753,0,9,0,0,2,1,0
54,16,0,1,2,0,0,0.0,0,55,2388,1625,0,10,0,1,0,0,0
87,13,0,1,3,0,0,0.011494253,0,108,1301,0,1,13,0,1,0,2,1
50,27,0,0,2,0,0,0.0,0,122,5701,109494,0,7,0,0,1,2,0
34,25,0,0,2,0,0,0.0,0,79,3737,805233,0,6,0,0,0,2,0
35,26,0,0,2,0,0,0.0,0,0,5159,0,1,6,1,0,0,2,1
72,17,0,1,3,1,0,0.069444444,0,3,7693,54756,0,11,0,1,2,0,0
65,33,0,0,3,0,0,0.0,0,1,2719,296455,1,9,0,0,3,1,1
113,15,0,0,2,1,0,0.088495575,1,29,8346,1,1,14,1,0,0,2,1
33,25,0,1,2,0,0,0.0,0,18,8052,3775557,0,6,0,0,0,2,0
86,50,1,0,2,0,0,0.174418605,2,20,3101,0,1,10,0,0,0,2,1
68,30,0,1,2,0,0,0.0,0,60,6126,14444,0,10,0,0,1,2,0
79,14,0,1,2,1,0,0.0,0,34,3259,0,1,12,0,0,0,1,1
37,28,0,0,3,0,0,0.0,0,144,-1,0,0,7,0,0,0,2,0
33,16,0,0,2,0,0,0.03030303,0,526,7133,12,0,7,1,0,0,2,0
20,12,1,1,3,0,0,0.45,0,3,-1,0,1,7,0,1,0,1,1
31,23,0,1,2,0,0,0.0,0,70,3533,0,0,6,0,0,1,2,0
32,19,0,1,2,0,0,0.0,0,131,6674,1789478,0,7,0,0,0,2,0
73,41,0,0,3,0,1,0.04109589,1,22,5616,5528499,1,17,0,0,0,2,1
36,11,0,0,3,0,0,0.0,0,292,-1,1961966,0,9,0,1,0,1,0
49,13,0,0,3,0,0,0.0,0,2,2292,134706,0,10,0,0,1,2,1
27,18,0,0,2,0,0,0.0,0,55,1812,0,0,6,0,0,0,1,0
29,21,0,1,2,0,0,0.0,0,54,-1,7339056,0,6,0,0,1,3,0
45,20,0,0,2,0,0,0.022222222,0,2,-1,36388,1,9,0,0,0,0,0
44,18,0,1,2,0,0,0.0,0,114,9205,690,0,7,0,0,1,0,0
45,21,0,1,2,0,0,0.0,0,27,5569,0,1,8,0,0,2,1,1
58,19,0,1,1,0,0,0.0,1,168,3715,198408,1,10,0,0,1,2,0
102,19,0,1,3,0,0,0.049019608,0,267,8759,945,0,19,0,0,1,1,0
61,20,0,1,3,0,0,0.06557377,0,323,5378,0,1,12,0,0,3,1,0
88,21,1,1,2,0,0,0.261363636,0,64,3206,0,1,11,0,0,0,3,1
30,21,0,0,1,0,1,0.0,0,0,1,0,1,7,0,0,0,2,1
54,11,0,0,2,0,1,0.240740741,0,58,7826,386,1,7,0,0,0,0,1
21,6,0,1,1,0,0,0.047619048,0,72,-1,211436,0,6,0,0,0,0,0
90,23,0,0,3,0,0,0.055555556,0,97,2625,346466,1,14,0,0,0,2,0
188,24,1,1,3,0,0,0.186170213,0,0,2362,173942,1,26,0,1,0,1,1
66,19,0,1,3,0,0,0.0,0,74,6136,39984,0,10,0,0,1,1,0
36,12,1,1,2,0,0,0.194444444,0,461,8969,70,0,8,1,0,1,0,0
48,9,0,1,3,0,0,0.0,4,1,7528,0,1,9,0,1,0,2,1
48,28,0,1,3,0,0,0.0,0,0,6036,5034121,1,9,0,0,0,2,1
142,25,0,0,3,0,1,0.126760563,0,19,5616,0,1,15,0,0,0,2,1
32,24,0,1,2,0,0,0.0,0,122,6828,0,0,6,0,0,1,2,0
34,15,0,1,1,0,0,0.0,0,5,1433,0,1,7,0,0,0,1,1
28,19,0,0,2,0,0,0.0,0,7,804,0,1,6,0,0,0,1,1
95,23,0,0,3,1,0,0.042105263,2,4,1797,0,1,15,0,0,1,1,1
46,18,0,1,2,0,0,0.0,0,509,6070,14420,0,8,0,0,1,2,0
127,50,1,0,3,1,0,0.181102362,0,51,3992,5707171,1,18,0,1,1,2,1
66,35,1,1,3,0,1,0.212121212,0,21,5616,0,1,12,0,0,0,2,1
122,23,0,0,2,1,1,0.049180328,0,7,8019,0,1,19,0,0,1,1,1
43,12,0,1,2,1,0,0.0,0,164,9109,57349,0,9,0,0,1,2,0
18,10,0,1,2,0,0,0.0,0,155,8710,106251,0,6,0,0,1,0,0
35,26,0,0,2,0,1,0.114285714,0,15,7295,0,1,6,1,0,0,1,1
124,17,0,1,3,1,0,0.0,4,6,4609,0,1,18,0,0,0,1,1
95,12,0,0,2,0,0,0.0,0,203,-1,7974,1,16,0,0,1,0,0
55,19,0,1,2,1,0,0.181818182,0,0,2986,0,1,10,0,0,0,2,1
26,11,0,0,1,0,0,0.038461538,0,11,672,1173510,1,5,0,0,0,2,1
54,22,0,1,2,0,0,0.111111111,0,214,7814,2521,0,8,0,0,1,2,0
34,26,0,1,2,1,0,0.0,0,162,1602,0,0,7,0,0,1,2,1
38,30,0,1,2,0,0,0.0,0,17,3220,0,0,6,0,0,0,1,0
38,30,0,1,3,0,0,0.0,1,1,1901,0,1,7,0,0,0,1,1
47,25,0,1,3,0,0,0.021276596,0,0,2535,3245304,1,7,0,0,0,0,1
61,21,1,0,2,0,0,0.147540984,0,158,12210,50,0,11,1,0,1,0,0
59,21,0,0,3,0,1,0.0,0,123,3936,891715,1,9,0,1,1,1,1
66,38,0,0,3,0,1,0.0,1,21,5616,0,1,12,0,0,0,2,1
55,47,1,1,3,1,0,0.218181818,0,0,76,0,1,9,0,0,0,2,1
81,12,0,0,2,1,0,0.061728395,1,4,1852,0,1,12,0,0,1,1,1
127,18,1,0,2,1,0,0.165354331,0,231,7764,32,0,23,0,1,1,1,0
37,29,0,1,2,0,0,0.0,0,79,2286,0,0,6,0,0,1,1,0
58,41,0,1,3,0,1,0.0,0,83,5616,0,1,9,0,0,0,2,1
51,32,0,1,3,0,0,0.019607843,0,1,7083,17964,1,7,0,0,0,2,1
18,9,0,0,1,0,0,0.0,0,24,-1,1276401,0,5,0,0,0,2,0
21,12,0,0,2,0,0,0.0,0,92,8458,595432,0,6,0,0,0,0,0
76,50,1,1,3,1,0,0.105263158,0,51,3992,5697976,1,10,0,1,1,2,1
37,29,0,1,2,0,0,0.027027027,2,47,1950,341948,1,6,0,0,1,1,1
83,13,0,1,3,1,0,0.0,5,13,3340,0,1,14,0,0,1,2,1
17,10,0,1,1,0,0,0.0,0,31,-1,170804,0,4,0,0,1,0,0
204,27,0,0,2,0,1,0.098039216,0,12,7968,892,0,19,0,0,0,1,1
27,18,0,0,2,1,0,0.0,0,14,563,0,0,7,0,0,0,2,1
44,29,1,1,2,0,0,0.5,0,0,3378,3100263,1,6,0,1,0,2,1
25,14,0,1,2,0,0,0.0,0,0,8884,0,1,7,0,0,0,2,1
68,17,0,1,1,1,0,0.0,0,9,3327,12214,0,12,0,0,1,2,0
116,18,1,0,2,1,0,0.189655172,0,219,7767,33,1,21,0,0,1,2,0
128,50,1,0,3,1,0,0.1640625,0,51,3993,5707171,1,19,0,1,0,2,1
29,22,0,1,2,0,1,0.0,0,23,7296,0,0,5,1,0,0,1,0
30,21,0,0,2,0,0,0.0,0,61,4913,0,0,6,0,0,0,1,0
35,27,0,1,2,0,1,0.0,0,110,7299,3199234,0,6,1,0,0,2,0
42,33,0,0,1,0,0,0.095238095,0,10,-1,0,1,9,0,0,1,2,1
44,22,0,0,3,0,0,0.090909091,0,151,5987,202433,1,8,0,0,1,1,0
23,15,0,1,2,0,1,0.0,0,54,2545,0,0,6,0,0,0,2,0
85,15,0,0,2,0,1,0.105882353,0,152,9285,121,0,15,1,0,0,1,0
93,14,1,0,2,0,0,0.204301075,0,81,2192,0,1,10,0,0,0,1,1
45,15,0,1,3,0,1,0.022222222,0,8,3379,0,0,9,0,0,1,2,1
16,7,0,0,1,0,0,0.0,0,401,3198,3342642,0,5,0,0,0,1,0
34,17,0,1,2,1,0,0.117647059,0,112,-2,0,1,7,0,0,1,2,0
48,27,0,1,3,0,0,0.041666667,0,0,962,272827,1,9,0,0,0,2,1
45,15,0,0,1,0,0,0.044444444,0,128,5948,98000,1,8,0,0,1,0,0
55,24,0,1,2,1,1,0.036363636,0,234,7120,33254,1,11,0,0,0,1,0
302,26,1,0,3,0,0,0.42384106,0,1,7086,18263,1,18,0,0,0,2,1
44,21,0,1,2,0,1,0.0,2,47,1374,4026793,1,9,0,0,1,2,1
25,17,0,1,2,1,0,0.0,0,96,2485,268961,0,7,0,0,1,2,0
32,23,0,0,2,1,0,0.0,0,237,4,0,1,7,0,0,1,2,1
56,38,0,0,3,0,1,0.107142857,0,83,5612,0,1,11,0,0,0,2,1
37,21,0,0,2,0,0,0.0,0,31,6591,309164,0,6,0,0,0,2,0
126,50,1,1,3,1,0,0.119047619,0,51,3993,5707171,1,18,0,1,1,2,1
28,21,0,1,2,0,0,0.0,0,33,1179,1168950,0,5,0,0,1,2,0
52,16,0,1,1,0,0,0.0,1,69,3270,0,1,9,0,0,1,2,1
115,19,1,1,3,1,0,0.147826087,3,78,2047,0,1,15,0,0,0,1,1
75,25,0,1,2,0,0,0.08,0,80,9133,2439,0,12,0,0,1,2,0
49,18,0,0,2,0,0,0.0,0,154,6163,92602,1,7,0,0,0,1,0
45,15,0,1,2,0,0,0.0,0,204,5886,184,0,9,0,0,1,1,0
85,10,1,0,2,1,0,0.176470588,0,57,3277,8137075,1,11,0,0,1,2,1
138,13,1,1,2,0,0,0.326086957,0,38,1115,6093988,1,27,0,0,1,2,1
33,11,0,0,1,0,1,0.0,0,5,6753,2305,1,6,0,0,1,1,1
36,19,0,0,2,0,0,0.0,0,584,-1,0,1,7,0,0,3,2,1
21,13,0,1,2,0,1,0.19047619,0,45,686,0,1,6,0,0,0,2,1
61,44,0,1,3,0,1,0.0,1,21,5627,0,1,12,0,0,0,2,1
96,17,0,0,2,1,0,0.09375,0,7,8347,1,1,10,1,0,0,2,1
167,31,0,0,3,1,0,0.011976048,0,1,7087,18105,1,23,0,0,0,2,1
76,12,0,0,1,0,0,0.078947368,0,429,-1,0,0,13,0,0,2,2,0
57,14,0,1,2,0,0,0.0,0,84,1082,0,1,10,0,0,1,1,1
19,12,0,1,1,0,0,0.0,0,7,1856,0,0,4,0,0,1,2,0
125,38,0,0,2,1,0,0.0,4,0,322,126941,1,12,0,0,0,2,1
66,13,0,0,2,0,0,0.060606061,0,56,647,1530583,1,10,0,0,0,1,1
52,35,0,1,2,0,0,0.0,0,20,6382,0,1,10,1,0,2,2,1
29,21,0,1,2,0,0,0.0,0,51,1986,8007474,0,6,0,0,0,2,0
34,26,0,1,2,0,1,0.0,0,24,7296,0,0,6,1,0,0,1,0
38,19,0,0,2,0,0,0.0,0,180,7164,173889,0,7,0,1,0,2,0
30,21,0,0,2,0,0,0.0,0,176,-1,1564669,0,6,0,0,2,2,0
62,21,0,0,2,1,0,0.129032258,0,131,7445,0,0,11,1,0,0,1,0
26,18,0,1,2,0,0,0.0,0,32,2634,5403,0,6,0,0,0,1,1
938,56,1,1,3,0,0,0.7238805970000001,0,4,16,0,1,14,0,0,1,1,1
83,22,1,1,3,1,1,0.228915663,0,25,5659,889,1,11,0,1,0,2,1
39,13,0,0,3,1,0,0.0,0,0,-1,0,1,8,0,0,0,2,1
112,18,0,0,2,1,1,0.0,0,305,5668,76725,0,16,0,1,1,2,0
43,19,0,1,3,0,0,0.023255814,0,49,8246,16925,1,8,0,1,1,1,0
52,44,0,1,3,0,1,0.0,0,22,5627,0,1,11,0,0,0,2,1
29,22,0,1,2,0,0,0.0,0,10,323,0,1,5,0,0,0,1,1
71,45,0,1,2,0,0,0.225352113,0,4,1834,0,1,7,0,0,1,1,1
60,26,0,1,2,0,0,0.0,0,62,8145,89705,0,9,0,0,2,2,0
59,19,0,1,2,0,0,0.0,0,272,7605,15306,0,10,0,0,1,2,0
121,17,0,0,3,0,0,0.115702479,1,8,-1,0,1,25,0,0,0,1,1
27,14,0,1,2,0,0,0.0,0,5,-1,138069,0,7,0,0,1,1,0
41,10,0,1,2,1,0,0.024390244,0,26,3251,421761,1,9,0,0,0,1,1
38,14,1,0,2,0,0,0.263157895,0,9,869,0,0,8,0,0,0,2,1
129,15,1,0,2,1,0,0.217054264,2,55,1109,0,1,19,0,0,0,1,1
37,20,0,1,3,0,0,0.0,0,0,4521,7668130,1,8,0,0,0,2,1
79,19,0,0,3,0,0,0.0,0,0,12377,20423,0,11,0,0,0,3,0
58,31,1,0,3,0,1,0.206896552,0,21,5616,0,1,11,0,0,0,2,1
47,7,0,0,1,0,0,0.063829787,0,0,2521,632751,1,9,0,0,1,1,1
34,25,0,0,2,0,0,0.0,0,127,2301,22884,0,6,0,0,0,1,1
52,17,0,0,3,0,0,0.0,0,8,7304,148,0,10,0,0,0,2,0
48,17,0,0,2,1,1,0.0,0,45,3891,0,0,9,1,1,1,1,0
55,39,1,1,2,0,0,0.272727273,1,50,615,13523,1,9,0,0,3,2,1
55,18,0,1,2,0,0,0.0,0,59,7506,65678,0,10,0,0,1,0,0
33,17,0,1,1,0,0,0.0,0,0,-1,0,1,6,0,0,0,2,1
74,15,0,1,2,0,0,0.0,0,43,5211,202714,1,11,0,0,0,0,1
41,16,0,1,3,0,0,0.0,0,89,6133,28448,0,10,0,0,1,1,0
29,20,0,0,2,0,0,0.0,0,450,6735,185802,0,6,0,0,0,1,0
27,20,0,1,2,0,0,0.0,0,72,1013,0,1,5,0,0,0,2,1
334,13,1,1,3,1,0,0.245508982,3,178,5590,0,1,38,0,1,0,1,1
37,28,0,0,2,0,0,0.0,0,151,2914,1680589,0,6,0,0,0,2,0
109,17,0,0,2,0,0,0.073394495,0,170,5207,13244,0,19,0,0,0,1,0
33,15,0,1,2,0,0,0.0,0,49,-1,317,0,6,0,0,1,1,0
26,10,0,0,1,0,0,0.038461538,0,8,2139,309382,1,5,0,0,1,0,1
96,7,0,0,2,0,0,0.083333333,0,0,4842,9602,0,17,0,1,0,1,1
60,16,0,0,3,1,0,0.0,0,34,-1,8523,1,12,0,0,1,0,0
62,10,1,1,1,0,0,0.258064516,0,48,-1,0,1,7,0,0,1,2,1
78,17,0,1,3,1,0,0.0,0,70,-1,77959,1,14,0,0,2,2,0
39,31,0,1,2,0,0,0.076923077,0,31,1546,4669,1,6,0,0,0,2,1
52,9,0,1,2,0,0,0.057692308,1,0,5728,0,1,9,0,0,0,2,1
80,34,0,1,3,0,0,0.0,0,55,3459,324208,0,15,0,0,0,2,0
29,16,0,0,2,0,0,0.0,0,22,5160,0,0,9,1,0,0,1,0
44,26,0,0,3,0,0,0.0681818179999999,1,0,1546,4669,1,7,0,0,0,3,1
32,23,0,0,2,0,0,0.0,0,260,4995,561890,0,6,0,0,0,2,0
113,15,0,0,2,1,0,0.061946903,1,30,8347,1,1,14,1,0,0,2,1
100,25,0,1,3,0,1,0.01,4,19,4099,0,1,13,0,0,0,2,1
32,25,0,1,2,0,1,0.15625,0,14,7295,0,1,5,1,0,1,1,1
44,29,0,1,3,0,0,0.045454545,1,7,3015,443326,1,7,0,0,1,0,1
52,13,0,0,3,0,0,0.019230769,0,17,2817,0,1,8,0,0,0,2,1
24,15,0,0,2,0,0,0.0,0,288,4875,7896,0,6,0,0,0,0,0
65,17,0,0,2,1,0,0.0,0,70,3063,430644,0,14,0,0,0,1,0
49,13,0,1,2,1,0,0.0,2,0,1613,0,1,10,0,0,0,2,1
49,12,0,1,2,1,0,0.020408163,3,8,-1,998801,1,10,0,0,1,1,1
132,16,0,0,3,0,0,0.0681818179999999,0,9,7764,32,0,13,0,0,0,1,1
32,15,0,1,2,1,1,0.03125,0,28,2646,1518041,0,8,0,0,1,2,0
19,10,0,0,2,0,0,0.0,0,190,-1,166944,0,6,0,0,2,1,0
54,21,0,1,2,0,0,0.0,0,74,3374,249487,0,8,0,0,1,2,0
59,31,0,0,3,1,0,0.0,0,11,8195,8063233,1,11,0,0,0,1,1
82,18,0,1,2,1,0,0.0,0,129,4401,0,0,16,0,0,1,1,0
64,16,0,1,2,0,0,0.0,0,213,7838,4087,0,11,0,0,1,1,0
155,39,0,1,3,0,1,0.15483871,0,19,5614,0,1,17,0,0,0,2,1
51,16,0,0,2,0,0,0.0,0,511,7132,12,0,9,1,0,0,0,0
24,16,0,1,2,0,0,0.0,0,22,3097,2457400,0,6,0,0,0,0,0
43,18,0,1,3,0,0,0.0,0,6,1859,0,1,8,0,0,0,1,1
23,14,0,0,2,0,0,0.0,0,82,1936,62777,0,6,0,0,0,2,0
83,23,1,0,1,0,1,0.228915663,0,47,1969,0,1,20,0,0,0,1,1
25,16,0,0,2,0,0,0.0,0,278,6831,0,0,6,0,0,0,1,0
64,13,0,1,1,0,0,0.03125,0,76,1573,239536,1,11,0,0,3,1,0
33,25,0,1,3,0,0,0.03030303,0,40,-1,0,0,7,0,0,0,2,1
56,20,0,0,2,0,0,0.053571429,0,80,2137,11284,1,10,0,1,1,1,0
87,51,0,0,2,0,0,0.0,1,7,254,35612,1,13,0,0,0,1,1
24,16,0,1,2,0,0,0.0,0,78,2480,5257779,0,6,0,0,1,2,0
107,16,0,1,2,0,0,0.0,1,17,8027,6195,1,16,0,0,1,0,0
30,21,0,0,2,0,0,0.0,0,271,8386,453826,0,6,0,0,0,2,0
148,17,0,1,3,1,0,0.047297297,5,3,4166,0,1,22,0,0,0,1,1
36,23,0,1,2,0,0,0.027777778,0,4,1802,0,1,7,0,0,1,1,1
69,25,0,1,2,0,0,0.0,0,6,1975,0,1,10,0,0,0,1,1
100,16,0,1,3,1,0,0.07,2,13,518,4427853,1,16,0,0,1,2,1
39,14,0,0,2,0,0,0.0,0,87,3573,15987,0,8,0,0,0,1,0
56,20,0,1,2,0,0,0.107142857,0,35,1574,0,1,8,0,0,0,2,1
53,17,0,1,2,1,0,0.0,3,0,6302,0,1,11,0,1,0,2,1
50,13,0,1,3,0,0,0.02,0,84,4979,315959,1,9,0,0,0,3,1
49,27,0,1,3,0,0,0.081632653,1,20,484,0,1,8,0,0,0,1,1
26,16,0,1,2,0,0,0.038461538,0,0,2644,0,1,7,0,0,0,2,1
30,15,0,1,2,0,0,0.033333333,0,4,3270,0,1,6,0,0,1,1,1
111,29,0,1,2,0,1,0.0,0,88,7616,2190,0,16,0,1,1,1,0
21,14,0,1,2,0,0,0.0,0,83,-1,1465448,0,5,0,0,0,2,0
25,16,0,0,2,0,0,0.0,0,429,3624,699776,0,6,0,0,0,2,0
60,12,1,1,1,0,0,0.3666666670000001,0,3,2532,0,1,7,0,0,1,1,1
28,19,0,0,2,0,0,0.0,0,82,6272,804801,0,6,0,0,0,1,0
98,26,1,1,2,1,0,0.244897959,2,22,2300,0,1,14,0,0,2,2,1
33,8,0,1,1,0,0,0.0,0,0,5621,0,1,7,0,0,1,2,1
99,12,0,0,1,1,0,0.050505051,2,132,1706,4830221,1,15,0,0,2,2,1
29,9,0,1,1,1,0,0.0,0,0,554,0,1,11,0,0,0,2,1
50,28,0,1,2,0,0,0.0,0,98,6055,116833,1,7,0,0,2,2,0
34,26,0,1,2,0,0,0.0,0,197,6202,7701846,0,6,0,0,0,0,0
20,7,0,0,1,0,0,0.0,0,55,920,11781,1,6,0,0,1,1,1
56,26,0,1,3,0,0,0.053571429,0,1,3640,0,1,8,0,0,0,2,1
28,20,0,1,3,0,0,0.0,1,0,8493,1973,0,7,0,0,1,1,1
75,25,0,1,3,0,0,0.026666667,1,83,1854,7237293,1,13,0,0,1,2,1
53,21,0,1,2,0,0,0.056603774,0,0,5972,0,1,9,0,0,1,1,1
69,16,0,1,3,0,0,0.0144927539999999,1,0,645,0,1,17,0,0,1,1,1
41,18,0,0,3,0,0,0.0,0,19,-1,8161447,1,8,0,0,0,1,1
40,21,0,1,3,1,0,0.0,0,0,-1,0,1,10,0,1,0,2,1
127,50,1,0,3,1,0,0.141732283,0,51,3992,5697976,1,18,0,1,1,2,1
18,10,0,1,1,0,0,0.0,0,17,8770,1100059,0,5,0,0,1,0,0
32,25,0,1,2,0,1,0.03125,0,129,7297,8925548,0,5,1,0,0,2,0
54,15,0,1,2,0,0,0.0,0,170,5887,184,0,10,0,0,2,1,0
34,26,0,1,2,0,0,0.088235294,0,103,6255,1416696,1,6,0,0,1,2,1
28,20,0,1,2,0,0,0.0,0,5,1054,18736,0,6,0,0,0,2,0
39,31,0,1,3,1,0,0.076923077,0,28,7142,8441470,1,8,0,0,0,2,1
22,14,0,1,1,1,0,0.0,0,57,-1,0,0,6,0,0,1,2,1
50,24,0,1,2,1,1,0.0,0,368,7123,34048,0,9,0,0,0,2,0
29,21,0,1,2,0,0,0.0,0,19,-1,1274420,0,6,0,0,0,0,0
126,50,1,0,3,1,0,0.222222222,0,51,3993,5707171,1,19,0,1,0,2,1
53,17,0,1,2,0,0,0.188679245,0,0,554,0,1,9,0,0,0,2,1
76,10,1,1,1,0,0,0.289473684,0,0,5106,0,1,9,0,0,1,2,1
65,16,0,1,3,0,0,0.092307692,0,267,2604,3035738,0,13,0,0,0,1,0
55,15,1,1,2,0,0,0.327272727,0,0,5850,0,1,6,0,0,1,2,1
53,20,0,0,3,0,0,0.0,0,0,1605,0,1,9,0,0,1,1,1
37,28,0,0,2,0,0,0.0,0,47,7505,2244720,0,6,0,0,0,1,0
38,31,0,1,2,0,1,0.0,0,14,7295,0,1,5,1,0,1,1,1
57,21,0,1,2,0,0,0.0,0,16,3861,0,1,10,0,0,0,2,1
66,18,0,0,2,0,0,0.0,0,104,2341,36313,0,13,0,0,0,1,0
37,6,0,0,1,0,0,0.027027027,0,51,-1,63706,0,7,0,0,3,2,1
138,17,0,1,2,0,0,0.028985507,2,42,-1,0,1,19,0,1,0,1,1
27,19,0,1,2,0,1,0.0,0,63,3394,100826,0,6,0,0,1,2,0
118,42,1,1,3,0,0,0.203389831,0,51,3993,5707171,1,17,0,1,1,2,1
57,38,0,1,3,0,1,0.1578947369999999,0,19,5614,3340968,1,11,0,0,0,2,1
27,19,0,1,2,0,0,0.0,0,36,5382,0,0,6,0,0,3,0,0
131,15,1,1,3,0,0,0.213740458,1,1,7588,27719,1,19,0,0,1,2,1
58,16,0,0,2,0,0,0.0,0,156,7130,12,0,10,1,0,0,2,0
33,25,0,1,2,0,0,0.0,0,74,3965,0,0,6,0,0,3,2,0
27,18,0,0,2,0,0,0.0,0,37,1416,0,0,6,0,0,0,1,0
21,13,0,1,2,0,0,0.0,0,32,2179,2521464,0,6,0,0,1,1,0
132,29,0,1,3,0,0,0.166666667,0,0,5037,1984172,1,26,0,0,0,3,0
49,24,0,1,2,1,1,0.0,0,55,4079,767,0,10,0,0,1,1,0
34,17,0,1,2,1,0,0.0,0,15,50,0,1,7,0,0,0,1,1
38,16,0,0,2,0,0,0.0,0,358,7132,12,0,7,1,0,0,1,0
78,17,0,1,3,1,0,0.038461538,0,128,7292,1010,0,14,0,0,1,2,0
68,15,0,0,2,1,0,0.0,3,0,-1,0,1,10,0,0,2,2,1
45,16,0,0,2,0,0,0.0,0,397,7132,12,0,8,1,0,0,1,0
23,14,0,0,1,0,0,0.0,0,26,2704,2715729,0,5,0,0,0,1,0
58,24,0,1,3,0,1,0.0,0,322,7226,52480,0,10,0,0,1,1,0
152,18,1,1,3,0,0,0.256578947,0,3,4091,7776219,1,10,0,0,0,1,1
37,29,0,1,2,0,0,0.0,2,47,-1,77586,1,9,0,0,1,1,1
51,14,0,0,2,0,0,0.0,0,68,9900,187,0,10,0,1,0,1,0
39,17,0,0,2,1,1,0.0,1,127,7600,4133,0,8,0,0,0,2,0
25,15,0,1,2,0,0,0.04,0,1,2995,395612,1,6,0,0,0,2,1
71,35,0,1,2,1,0,0.0845070419999999,0,3,11,0,1,11,0,0,1,1,1
49,13,0,1,1,1,0,0.020408163,0,12,4202,7191477,1,12,0,0,1,2,0
253,15,1,0,3,1,0,0.316205534,4,24,-1,0,0,22,0,0,1,1,1
61,20,0,1,3,0,0,0.049180328,0,86,6300,128102,0,10,0,0,1,2,0
82,12,0,1,2,0,0,0.0,0,24,9284,154918,0,18,0,0,1,0,0
80,16,0,1,2,0,0,0.0875,0,55,9318,13,1,20,1,0,1,1,0
55,25,0,1,3,0,0,0.0,0,0,7516,38038,0,9,0,0,1,3,0
129,25,0,0,2,1,1,0.054263566,0,26,8018,5178465,1,20,0,1,1,1,1
39,16,0,0,2,0,0,0.0,0,525,7134,12,0,7,1,0,0,1,0
56,19,0,1,2,0,0,0.035714286,0,211,6669,6844,1,9,0,0,1,2,0
128,50,1,0,3,1,0,0.1796875,0,4,4003,5816617,1,19,0,1,1,1,1
54,18,0,1,2,0,0,0.0,0,121,5809,228,0,8,0,0,1,1,0
27,19,0,1,2,0,0,0.0,0,86,4174,0,0,6,0,0,1,1,0
27,9,1,1,2,0,0,0.296296296,0,24,1469,0,1,6,0,0,2,2,1
34,26,0,1,2,0,0,0.0,0,30,5223,865185,0,6,0,0,0,0,0
21,13,0,1,1,0,0,0.0,0,32,4923,0,0,5,0,0,1,1,0
50,16,0,1,2,0,0,0.0,0,422,6070,14592,0,10,0,0,1,2,0
117,42,1,1,3,0,0,0.205128205,0,51,3992,5697976,1,18,0,1,0,2,1
90,15,0,1,2,0,0,0.066666667,0,210,-1,172375,0,16,0,0,1,1,0
48,7,0,0,1,0,0,0.083333333,0,0,2521,632751,1,6,0,0,1,1,1
48,27,0,0,2,1,0,0.0,0,429,779,0,1,9,0,0,2,2,1
22,6,0,0,1,0,1,0.1363636359999999,1,8,-1,3536,1,5,0,0,1,1,1
56,32,0,1,3,0,0,0.017857143,0,103,6865,271260,1,10,0,0,1,2,1
90,17,0,1,2,0,0,0.055555556,0,4,1877,0,1,15,0,0,1,1,1
213,15,1,1,3,0,0,0.291079812,1,31,-1,1768405,1,32,0,0,0,2,1
31,24,0,1,2,0,0,0.0,0,76,5160,0,0,5,1,0,1,1,0
28,20,0,1,2,0,0,0.0,0,52,-1,2537042,0,6,0,0,0,1,0
35,27,0,1,2,1,1,0.0,0,97,7296,5320327,0,7,1,0,0,1,0
65,32,0,0,2,0,0,0.0,0,107,7814,55134,0,10,0,0,0,2,0
108,23,1,0,3,1,0,0.12037037,3,29,-1,0,1,20,0,0,0,1,1
43,13,0,1,3,0,0,0.0,0,13,-1,0,1,9,0,0,0,2,1
28,19,0,0,2,0,0,0.0,0,47,2786,702387,0,6,0,0,0,1,0
123,46,1,0,3,0,0,0.154471545,0,51,3992,5707171,1,18,0,1,1,2,1
47,22,0,1,3,0,0,0.0,1,0,3770,0,1,8,0,0,0,2,1
35,27,0,0,2,0,1,0.0,0,14,7295,0,1,5,1,0,0,1,1
73,20,0,1,3,1,0,0.0,3,0,3420,0,1,13,0,0,0,2,1
23,14,0,0,2,0,0,0.0,0,49,7308,2217046,0,6,0,0,0,0,0
67,19,0,0,3,0,0,0.0,0,30,-1,0,1,10,0,1,0,2,1
28,19,0,0,2,0,0,0.0,0,66,5466,1642644,0,6,0,0,0,2,0
26,17,0,0,2,0,0,0.0,0,32,-1,0,0,6,0,0,0,2,1
24,15,0,0,2,0,1,0.0,0,250,7747,9814,0,6,0,0,0,2,0
43,34,0,0,2,0,0,0.0,0,36,5232,0,0,6,0,0,0,1,0
49,36,0,0,2,0,1,0.020408163,0,11,7296,0,1,11,1,0,0,2,1
69,31,0,1,2,0,1,0.0,0,74,7618,2188,0,8,0,0,1,1,0
30,23,0,1,2,0,0,0.0,0,12,5159,1488031,0,5,1,0,1,1,0
37,16,0,0,3,0,0,0.108108108,1,35,967,0,1,8,0,0,1,1,1
47,28,0,1,3,0,0,0.021276596,0,1,7083,17964,1,9,0,0,0,2,1
31,18,0,1,1,0,0,0.0,0,81,8130,1229068,0,6,0,0,1,2,0
26,17,0,0,2,0,0,0.0,0,44,5908,1345725,0,6,0,0,1,1,0
32,24,0,1,1,0,0,0.0,0,155,5085,0,0,5,0,0,2,2,0
56,26,0,1,2,0,0,0.0,0,2,2347,242805,1,9,0,0,0,1,0
70,19,0,1,3,0,0,0.085714286,0,0,-1,1106852,1,14,0,0,0,3,0
50,42,0,1,3,0,0,0.02,0,103,7128,8386524,1,10,0,0,1,2,1
86,19,1,1,3,0,0,0.418604651,0,0,-1,0,1,9,0,0,0,2,1
35,11,0,0,1,0,0,0.0,0,25,7489,63,0,5,1,0,0,2,0
48,28,0,1,2,0,0,0.0,0,0,-1,0,1,8,0,0,0,2,1
26,17,0,0,1,0,0,0.0,0,34,-1,795896,0,5,0,0,0,2,0
105,28,0,1,3,0,0,0.095238095,0,765,5942,94313,1,20,0,0,3,1,0
123,39,0,0,2,0,0,0.06504065,0,142,7446,0,0,19,1,1,0,1,0
141,34,0,0,2,1,1,0.035460993,0,7,8018,0,1,20,0,1,1,1,1
30,22,0,1,2,0,0,0.0,0,32,2910,2751403,0,6,0,0,0,2,0
20,13,0,1,1,0,0,0.0,0,768,-1,244548,0,4,0,0,1,0,0
39,27,1,1,2,0,0,0.230769231,0,0,-1,318619,1,7,0,0,0,2,1
28,20,0,1,2,0,0,0.0,0,299,3544,0,0,6,0,0,0,2,0
32,23,0,0,2,0,0,0.0,0,233,4107,666841,0,6,0,0,0,1,0
72,10,1,1,1,1,0,0.097222222,0,1,3523,6293523,1,12,0,0,0,2,1
29,17,0,1,1,0,0,0.0,0,5,3232,0,0,5,0,0,1,2,1
45,15,0,1,1,0,0,0.0,0,12,-1,8116481,1,7,0,0,1,1,1
29,21,0,1,2,0,0,0.0,0,55,1579,5247508,0,6,0,0,0,1,0
37,29,0,1,2,1,0,0.0,0,340,4711,592208,0,7,0,0,0,2,0
52,24,0,1,3,0,1,0.038461538,0,21,5616,0,1,9,0,0,0,2,1
76,59,0,1,3,0,0,0.052631579,1,0,8415,0,1,13,1,1,0,2,1
30,20,0,1,1,0,0,0.0,0,20,3829,0,1,5,0,0,2,1,1
46,25,0,1,2,0,0,0.0,0,200,6260,683,0,6,0,0,1,2,0
64,12,1,0,2,1,1,0.171875,2,7,4668,0,1,12,0,0,0,1,1
58,27,0,1,3,0,0,0.0,0,117,4824,396309,0,9,0,0,1,2,0
42,19,0,1,3,0,1,0.095238095,0,0,5441,436375,1,8,0,0,0,2,1
153,41,0,0,3,0,0,0.013071895,1,61,9127,1317,1,18,0,0,0,2,1
85,18,0,1,2,0,0,0.094117647,0,42,4964,62075,0,16,0,0,1,1,0
111,15,0,0,2,1,0,0.036036036,1,28,8347,1,1,15,1,0,0,2,1
35,27,0,1,2,0,1,0.0,0,89,7299,0,0,6,1,0,0,1,0
62,8,0,0,1,0,0,0.096774194,0,43,-1,842241,0,10,0,1,0,0,0
39,20,0,0,3,0,0,0.0,0,13,58,0,1,8,0,0,0,2,1
76,20,0,0,3,0,0,0.0,1,12,1256,0,1,14,0,1,0,2,1
24,16,0,1,2,0,0,0.0,0,225,-1,751879,0,6,0,0,1,2,0
33,25,0,1,2,0,0,0.0,0,114,3775,5639332,0,6,0,0,1,2,0
29,16,0,0,2,0,0,0.0,0,28,-1,0,1,6,0,0,1,2,1
33,17,0,1,1,0,0,0.0,0,107,7689,0,0,6,0,0,3,2,0
21,14,0,1,1,0,0,0.0,0,33,-1,8057895,0,5,0,0,0,1,0
39,25,0,0,2,0,0,0.205128205,0,8,1338,22211,1,6,0,1,0,0,1
103,15,0,1,1,1,0,0.029126214,0,26,6683,0,0,15,0,0,0,0,0
83,16,0,1,2,1,0,0.012048193,0,31,6788,296349,1,18,0,0,0,1,0
33,16,0,1,2,0,0,0.0,0,12,-1,5776415,1,7,0,0,1,0,1
50,21,0,1,3,0,0,0.02,0,0,-1,0,1,8,0,0,0,2,1
31,22,0,0,1,0,1,0.0,0,3,315,0,0,5,0,0,0,2,1
27,19,0,1,2,0,0,0.0,0,46,3153,9482009,0,6,0,0,0,1,0
85,21,1,1,2,1,1,0.258823529,2,23,4284,0,1,11,0,0,2,2,1
26,17,0,0,2,0,0,0.0,0,330,-1,351713,0,6,0,0,0,0,0
126,50,1,1,3,1,0,0.198412698,0,51,3992,5697976,1,18,0,1,1,2,1
30,22,0,1,2,0,1,0.0,0,41,3295,1759878,0,6,0,0,1,2,0
55,20,0,1,2,0,0,0.0,0,291,5657,11681,0,11,0,0,1,2,0
29,17,0,0,2,0,0,0.0,0,106,-1,0,0,7,0,1,0,0,0
32,10,0,0,2,0,0,0.0625,0,3,1747,1146509,1,6,0,0,0,2,1
78,15,1,0,2,0,1,0.102564103,0,42,8292,19,0,14,1,0,0,0,0
29,20,0,0,2,0,0,0.0,0,366,1725,427885,0,6,0,0,0,2,0
437,23,1,1,3,1,0,0.432494279,3,359,4798,2956421,0,33,0,0,2,1,1
49,13,0,0,2,0,0,0.0,0,17,7422,286,1,10,0,0,0,0,0
45,38,0,1,3,0,0,0.0,0,23,4202,0,1,7,0,0,1,2,1
58,18,0,0,2,0,0,0.0862068969999999,0,163,3924,736894,0,8,0,0,0,2,0
37,25,0,1,2,0,0,0.216216216,0,8,1338,22211,1,7,0,1,1,0,1
70,38,0,0,3,0,1,0.0,0,21,5616,0,1,14,0,0,0,2,1
55,23,0,1,2,0,0,0.0,0,53,5184,1078203,0,9,0,0,1,1,0
46,11,0,0,2,0,0,0.0,0,46,-1,23249,1,8,0,0,1,1,0
44,18,0,1,3,0,0,0.0,0,0,-1,0,1,8,0,0,0,2,1
32,21,0,1,2,0,0,0.0,0,28,-1,196420,0,7,0,1,1,2,0
74,25,0,0,3,1,0,0.081081081,2,0,553,0,1,13,0,0,0,2,1
28,21,0,1,2,0,1,0.0,0,88,7296,0,0,5,1,0,0,2,0
28,20,0,1,1,1,0,0.0,0,0,5,0,1,6,0,0,1,2,1
27,14,0,1,1,0,0,0.0,0,1,895,0,1,6,0,0,0,1,1
109,16,1,1,3,1,0,0.082568807,0,252,8278,6030,1,20,0,0,2,0,0
254,29,1,1,3,0,0,0.181102362,0,0,3378,3100263,1,12,0,1,0,2,1
39,7,0,0,1,0,0,0.0,0,23,-1,0,0,8,0,0,0,1,0
37,16,0,0,3,0,0,0.0,0,166,-1,62673,1,7,0,0,0,2,0
30,21,0,0,2,1,0,0.0,0,64,1796,678863,0,7,0,0,0,2,0
24,14,0,1,2,0,0,0.0,0,78,8843,8453855,0,6,0,0,0,2,0
37,12,0,0,2,0,0,0.0,0,48,-1,1980,0,8,0,0,1,1,0
47,26,0,1,2,0,0,0.0,0,0,3368,0,1,8,0,0,0,2,1
68,12,0,1,1,0,0,0.0,3,12,-1,0,1,11,0,0,1,0,1
55,37,0,0,3,0,1,0.0,0,83,5627,0,1,9,0,0,0,2,1
22,14,0,1,2,0,0,0.0,0,38,-1,135685,0,6,0,0,2,2,0
22,13,0,0,2,0,0,0.0,0,157,-1,375554,0,6,0,0,0,0,0
36,15,0,1,3,0,0,0.055555556,0,0,7856,18244,1,9,0,0,1,2,1
70,16,0,0,2,0,0,0.142857143,1,10,8347,1,1,9,1,0,0,0,1
32,25,0,1,2,0,1,0.0,0,194,7299,0,0,5,1,0,0,1,0
34,15,0,1,1,1,1,0.117647059,0,87,7967,0,1,7,0,0,1,2,1
22,15,0,1,2,0,0,0.0,0,0,3894,210556,0,5,0,0,0,2,0
29,20,0,0,2,0,0,0.0,0,113,-1,1487897,0,6,0,0,0,1,0
57,7,0,0,1,0,0,0.140350877,0,0,2520,632001,1,12,0,0,1,1,1
26,18,0,1,2,0,0,0.0,0,1,-1,0,1,6,0,0,1,1,1
41,26,0,1,3,0,0,0.0,0,142,8049,1590,0,7,0,1,1,0,0
99,37,1,0,3,1,0,0.272727273,0,468,5670,881,0,11,0,0,0,2,1
24,16,0,1,2,0,0,0.041666667,0,1,184,0,0,6,0,0,0,1,0
97,9,0,0,1,1,0,0.020618557,3,0,72,0,1,12,0,0,0,2,1
107,27,0,1,3,0,0,0.037383178,1,42,-1,0,1,20,0,1,0,1,1
58,11,0,1,3,1,0,0.0,5,87,1993,10422666,1,11,0,0,0,2,1
76,50,1,1,3,1,0,0.131578947,0,51,3993,5707171,1,10,0,1,1,2,1
140,37,0,1,3,0,0,0.1,0,4,0,0,1,17,0,0,1,1,1
57,19,0,0,3,0,0,0.0,0,280,3926,12829,0,10,0,0,0,2,0
30,23,0,1,2,0,0,0.0,0,144,5231,0,0,5,0,0,0,1,0
40,20,0,1,3,0,0,0.0,1,65,55,0,1,8,0,0,0,2,1
52,44,0,1,2,0,1,0.0,0,131,7299,0,0,6,1,0,1,2,0
33,26,0,1,2,0,0,0.0,0,14,5159,7280414,0,5,1,0,1,1,0
21,12,0,0,1,0,0,0.0,0,4,-1,0,1,5,0,0,1,1,1
142,34,0,0,2,1,1,0.028169014,0,19,8018,0,1,19,0,0,0,1,1
38,29,0,0,2,0,0,0.0,0,445,6375,86031,0,6,0,0,0,2,0
30,21,0,0,2,0,0,0.0,0,26,3502,535644,0,6,0,0,0,2,0
37,12,0,1,3,0,0,0.108108108,0,51,8534,249228,0,8,0,0,0,2,0
80,32,0,0,3,0,0,0.025,0,0,-1,102713,0,14,0,0,0,3,0
28,19,0,0,2,0,0,0.0,0,171,4662,369654,0,6,0,0,0,2,0
35,12,0,1,2,0,0,0.0,0,7,8971,43534,1,8,0,0,1,0,0
26,19,0,1,2,0,0,0.0,0,12,7446,0,1,5,0,0,0,1,1
33,20,0,0,2,0,0,0.0,0,31,5161,0,0,9,1,0,0,3,0
55,18,0,1,3,0,0,0.090909091,0,0,-1,52062,1,9,0,1,0,2,1
47,38,0,0,2,0,0,0.0,0,29,1633,149347,1,8,0,0,0,2,1
64,23,0,0,3,1,0,0.0,3,585,-1,7955434,1,13,0,0,2,2,1
43,23,0,1,3,0,0,0.046511628,0,3,1272,0,0,7,0,0,0,1,1
42,24,0,1,1,0,0,0.0,0,149,5085,0,0,6,0,1,3,2,0
160,43,0,0,2,1,1,0.1,0,26,8019,0,1,22,0,1,1,1,1
103,15,0,1,1,0,0,0.058252427,0,24,2747,337414,0,17,0,0,1,2,0
56,31,1,0,3,0,1,0.214285714,0,21,5616,0,1,11,0,0,0,2,1
20,12,0,1,2,0,0,0.0,0,0,2208,0,0,6,0,0,0,2,1
46,16,0,1,3,0,0,0.0,0,21,532,0,1,8,0,0,1,1,1
34,21,0,0,2,0,0,0.0,0,9,5160,0,0,9,1,0,0,1,0
83,13,0,0,3,0,0,0.072289157,0,2,2292,134706,0,15,0,1,0,2,1
37,25,0,1,2,0,0,0.0,0,1,7083,17964,1,7,0,0,0,2,1
84,12,0,1,2,1,0,0.0,4,12,535,0,1,15,0,0,0,0,1
16,9,0,1,2,0,0,0.0,0,0,-1,81531,0,5,0,0,0,2,0
21,12,0,0,2,0,0,0.0,0,42,8396,1194,0,6,0,0,0,1,0
84,19,0,1,3,0,0,0.095238095,0,0,6811,1500702,1,17,0,0,0,3,0
41,33,0,1,2,0,0,0.0,0,19,232,0,1,6,0,0,2,2,1
32,23,0,0,2,0,0,0.0,0,117,2024,0,0,6,0,0,0,2,0
22,14,0,1,2,0,0,0.0,0,146,3875,884585,0,6,0,0,0,2,0
36,27,0,0,3,0,0,0.0,0,143,5784,51109,0,7,0,0,0,2,0
82,16,0,0,2,0,0,0.073170732,1,10,8348,1,0,12,1,0,0,0,1
36,12,1,1,2,0,0,0.194444444,0,509,8965,70,0,8,1,0,1,0,0
55,14,0,1,1,1,0,0.0,4,10,3228,0,1,11,0,0,1,1,1
90,20,0,1,3,0,0,0.011111111,0,9,-1,0,1,17,0,0,0,1,1
33,25,0,1,3,0,0,0.0,0,174,-1,946388,0,7,0,0,1,2,0
169,10,1,0,3,0,0,0.218934911,1,18,360,8262494,1,23,0,0,0,2,1
126,13,0,1,3,0,0,0.111111111,1,0,12127,1005,0,26,0,1,1,3,0
46,22,0,1,3,0,0,0.0,0,149,8048,1586,0,7,0,0,1,0,0
65,24,0,1,2,1,1,0.061538462,0,440,7121,33109,1,13,0,1,0,1,0
46,37,0,0,2,0,0,0.0,0,21,2838,0,1,8,0,0,0,1,0
83,12,0,1,2,1,0,0.048192771,0,0,9120,24073,0,14,0,0,1,3,0
74,24,0,1,3,0,1,0.0,1,302,7226,52982,0,12,0,0,1,2,0
164,17,1,1,3,0,0,0.341463415,1,31,-1,0,1,18,0,0,0,2,1
40,21,0,0,2,0,1,0.0,0,150,8075,14837,0,7,0,0,0,2,0
35,28,0,1,2,0,1,0.028571429,0,14,7295,0,1,5,1,0,1,1,1
135,26,0,0,2,1,1,0.044444444,0,19,8018,0,1,19,0,1,0,2,1
263,22,0,0,2,0,0,0.16730038,0,9,7408,28769,0,33,0,1,0,0,1
50,13,0,1,3,0,0,0.02,0,84,4979,315959,1,9,0,0,0,3,1
127,50,1,0,3,1,0,0.188976378,0,4,4003,5828815,1,18,0,1,1,1,1
34,27,0,1,2,0,0,0.0,0,13,5160,0,0,7,1,0,1,1,0
24,15,0,0,2,0,0,0.0,0,141,1340,1624160,0,6,0,0,0,1,0
22,13,0,0,2,0,0,0.0,0,237,4527,0,0,6,0,0,1,0,0
84,20,0,1,3,0,0,0.0,2,23,3242,0,1,15,0,0,1,2,1
68,19,0,1,3,0,0,0.044117647,0,1,1723,0,1,13,1,1,0,2,1
49,31,0,1,2,1,0,0.0,0,0,-1,393662,1,9,0,1,2,2,1
27,20,0,1,2,0,0,0.0,0,48,5232,9478551,0,6,0,0,0,1,0
51,14,0,1,3,0,0,0.0,0,8,6810,0,1,10,0,0,0,1,1
31,24,0,1,2,0,0,0.0,0,37,5161,830227,0,5,1,0,1,1,0
19,6,0,1,1,0,1,0.0,0,0,3154,37405,1,5,0,0,4,1,1
82,31,0,0,3,0,0,0.073170732,0,0,7446,383,1,13,1,0,0,3,0
61,26,0,1,3,0,0,0.0,0,110,7519,10681,0,9,0,0,0,1,0
34,25,0,0,2,1,0,0.0,0,0,2837,0,1,7,0,0,0,1,1
60,24,0,1,2,1,1,0.033333333,0,151,7122,33428,1,11,0,0,0,1,0
33,15,0,0,1,0,0,0.0,0,13,-1,0,1,6,0,0,2,2,1
43,15,0,0,2,0,0,0.0,0,55,5640,2,0,7,1,0,0,1,0
80,14,0,0,3,0,0,0.0,1,71,552,3672187,1,18,0,0,0,0,1
26,18,0,1,2,0,0,0.0,0,141,1838,1440134,0,6,0,0,1,2,0
59,23,0,1,2,0,0,0.169491525,0,0,454,0,1,9,0,0,0,2,1
47,18,0,1,2,0,1,0.021276596,0,33,-1,510056,0,10,0,0,0,2,0
36,29,0,1,2,0,1,0.0,0,14,7295,0,1,5,1,0,1,1,1
77,19,0,0,2,0,0,0.0,0,142,7223,405472,0,13,0,0,0,0,0
49,21,0,1,2,0,0,0.0,0,63,7724,6808988,0,8,0,0,0,2,0
31,23,0,1,3,0,1,0.0,0,27,296,0,0,7,0,0,0,2,1
45,14,0,0,2,0,0,0.177777778,0,0,1953,4365,1,7,0,0,0,2,1
35,28,0,1,2,0,1,0.0,0,118,7297,0,0,5,1,0,0,1,0
30,22,0,1,1,0,0,0.0,1,70,-1,0,0,5,0,0,1,1,0
50,23,0,1,2,1,0,0.0,0,65,6507,6917791,1,8,0,0,3,2,0
42,21,0,0,3,0,0,0.0,0,4,-1,0,1,7,0,0,0,1,1
41,17,0,1,1,0,0,0.0,1,77,3171,0,1,8,0,0,1,1,0
30,21,0,0,2,0,0,0.0,0,161,-1,0,0,6,0,0,0,2,0
86,33,0,1,1,0,0,0.0,0,93,5658,3453085,0,13,0,0,0,2,0
113,38,0,1,2,0,0,0.008849558,1,1,3157,0,1,16,0,0,4,2,1
27,18,0,0,2,0,0,0.0,0,411,5879,0,0,6,0,0,0,2,0
42,17,0,1,3,1,0,0.0,0,80,3830,0,1,9,0,0,0,0,0
30,23,0,1,2,0,0,0.0,0,66,4593,361415,0,5,0,0,0,1,0
557,25,1,0,3,0,1,0.350089767,1,12,6589,30,1,69,1,1,0,2,0
93,28,1,1,3,1,0,0.247311828,0,31,1016,1211946,1,10,0,0,0,1,1
37,17,0,0,2,0,0,0.0,0,225,6431,618,0,7,0,0,0,1,0
91,13,0,0,3,0,0,0.065934066,0,176,7887,2606,0,15,0,0,0,2,0
188,24,1,1,3,0,0,0.20212766,0,0,2362,173942,1,26,0,1,0,1,1
34,26,0,1,2,0,1,0.0,0,186,7298,0,0,6,1,0,0,2,0
34,19,0,0,2,0,0,0.0,1,2,-1,0,1,7,0,0,1,1,1
23,16,0,1,2,0,0,0.0,0,67,-1,261325,0,5,0,0,0,2,0
24,5,0,1,1,0,0,0.083333333,0,0,-1,132629,1,5,0,0,1,2,1
29,20,0,0,2,0,0,0.0,0,54,5105,7531072,0,6,0,0,0,1,0
34,25,0,0,2,0,0,0.0,0,222,2085,156886,0,6,0,0,0,2,0
48,17,0,1,2,1,1,0.0,0,147,9639,149,1,10,1,0,1,1,0
86,27,1,0,3,0,0,0.302325581,0,81,152,5008870,1,8,0,0,0,1,1
54,46,1,1,3,0,1,0.166666667,0,0,5626,0,1,11,0,1,1,2,1
94,20,1,1,3,0,1,0.234042553,1,0,-1,0,1,12,0,0,0,1,1
26,9,0,1,2,0,0,0.038461538,0,11,-1,0,1,6,0,0,0,2,1
59,29,0,1,3,0,0,0.0,1,31,-1,0,0,8,0,0,0,0,1
34,23,0,1,1,0,0,0.058823529,0,585,7,0,1,5,0,0,4,2,1
57,48,1,0,3,0,1,0.1578947369999999,0,0,5626,0,1,11,0,1,0,2,1
48,23,0,0,3,0,0,0.0,0,73,5350,26325,0,8,0,0,0,1,0
48,18,0,1,3,0,0,0.0,0,68,7928,12091,1,10,0,1,1,0,1
47,11,0,0,3,0,0,0.0,0,303,-1,1876,0,11,0,0,0,1,0
29,21,0,0,3,0,0,0.0,0,78,-1,142439,0,6,0,0,0,1,0
76,50,1,1,3,1,0,0.118421053,0,4,4003,5816617,1,10,0,1,1,1,1
55,35,0,1,1,1,0,0.0,1,0,1521,0,1,7,0,0,0,2,1
128,9,0,0,1,1,0,0.046875,0,49,9689,31719,0,19,0,1,0,1,0
40,13,0,0,3,0,1,0.0,0,126,-1,150879,1,8,0,0,1,1,0
29,20,0,0,2,1,0,0.0,0,20,3103,191279,0,7,0,0,0,2,0
173,14,1,0,3,0,0,0.144508671,0,2,8348,0,0,30,1,0,0,1,1
74,14,0,1,2,0,0,0.0,0,54,2305,541454,1,8,0,0,0,2,1
35,13,0,0,1,0,0,0.0,0,38,7187,20789,0,6,0,0,0,2,0
50,24,0,1,2,1,1,0.04,0,890,7119,32633,1,11,0,0,0,1,0
44,14,0,0,2,0,0,0.113636364,0,0,1953,4365,1,7,0,0,0,2,1
40,14,0,0,2,1,0,0.025,0,133,9399,15,1,9,1,0,2,1,0
33,26,0,1,2,0,1,0.090909091,0,14,7295,0,1,5,1,0,1,1,1
31,24,0,1,2,0,0,0.0,0,51,-1,0,0,5,0,0,0,2,0
74,28,1,1,2,0,0,0.3378378379999999,0,35,3921,0,1,8,0,0,0,1,1
59,14,0,0,3,1,0,0.084745763,2,52,4520,0,1,14,0,0,2,2,1
74,15,1,0,2,0,0,0.202702703,0,113,10234,1286,0,13,0,0,0,1,0
26,17,0,0,2,0,0,0.0,0,162,-1,923184,0,6,0,0,0,1,0
35,27,0,1,2,0,0,0.114285714,1,47,1950,341948,1,6,0,0,1,1,1
93,20,1,0,3,1,0,0.107526882,0,71,8837,671,0,16,0,0,0,2,0
26,18,0,1,2,0,0,0.0,0,44,4937,0,0,6,0,0,1,0,0
40,31,0,0,2,1,0,0.0,0,67,4243,882816,0,7,0,0,0,2,0
86,27,0,0,3,1,0,0.023255814,0,29,7015,40986,1,14,0,0,1,1,1
32,18,0,1,3,0,0,0.0625,0,10,816,0,0,7,0,1,0,0,1
53,21,0,1,2,0,0,0.075471698,0,0,5972,0,1,9,0,0,1,1,1
78,21,0,0,3,1,0,0.0,4,9,2786,0,1,14,0,0,0,1,1
34,26,0,1,2,1,0,0.029411765,0,103,7051,1222496,1,7,0,0,1,2,1
58,26,0,1,3,0,0,0.0,0,64,8019,0,1,10,0,0,2,2,1
89,23,0,1,3,1,0,0.0,5,15,-1,0,1,16,0,0,1,1,1
40,31,0,0,3,1,0,0.075,0,28,7142,8441470,1,8,0,0,0,2,1
56,28,0,1,2,0,0,0.0,1,36,235,0,1,9,0,0,1,2,1
81,12,0,0,1,1,0,0.0,0,1,98,0,1,14,0,0,1,2,1
127,50,1,0,3,1,0,0.141732283,0,51,3992,5697976,1,18,0,1,1,2,1
107,18,0,1,3,0,0,0.0,0,53,5034,0,1,17,0,1,0,2,1
26,17,0,0,2,1,0,0.0,0,35,-1,0,0,7,0,0,0,2,0
46,28,0,0,3,0,1,0.0,1,83,5613,0,1,9,0,0,0,2,1
80,13,1,0,3,0,0,0.275,0,0,50,0,1,13,0,0,0,2,1
25,16,0,0,2,0,0,0.0,0,172,5948,211508,0,6,0,0,0,0,0
25,16,0,0,2,0,0,0.0,0,44,1758,0,0,6,0,0,0,2,0
25,17,0,0,2,0,0,0.0,0,234,4103,35724,0,5,0,0,0,1,0
441,31,1,0,3,1,0,0.480725624,0,1,7087,18105,1,16,0,0,0,2,1
19,12,0,1,2,0,0,0.0,0,179,-1,1853658,0,5,0,0,1,2,0
124,46,1,0,3,0,0,0.153225806,0,51,3993,5707171,1,19,0,1,0,2,1
59,22,0,0,1,0,0,0.033898305,0,76,4594,125414,0,8,0,1,0,1,0
42,13,0,1,1,1,0,0.0,2,15,-1,0,1,8,0,0,0,1,1
34,25,0,0,2,1,0,0.0,0,302,-1,389161,0,7,0,0,0,2,0
44,11,0,1,2,1,0,0.0,1,22,340,0,1,9,0,0,1,1,1
66,17,0,1,3,0,0,0.106060606,0,144,-1,4194715,0,12,0,0,1,1,0
26,18,0,1,2,0,0,0.0,0,8,105,1566145,1,6,0,0,0,3,1
18,11,0,1,1,0,0,0.0,0,9,1127,0,0,4,0,0,0,1,0
123,11,0,0,3,0,0,0.162601626,0,21,6316,6412,0,26,0,1,2,2,1
41,29,0,1,1,0,0,0.0,2,8,295,0,1,8,0,0,2,1,1
60,18,0,0,3,0,0,0.0,0,375,7133,12,1,10,1,0,0,1,0
63,18,0,1,2,1,0,0.079365079,0,325,8932,108957,1,13,0,0,1,2,0
72,18,0,1,2,0,0,0.0,0,7,-1,0,0,14,0,0,1,1,0
21,12,0,0,1,0,0,0.0,0,449,-1,211827,0,5,0,0,0,1,0
26,18,0,0,2,0,0,0.0,0,1130,7759,39678,0,6,0,0,0,2,0
92,31,0,1,2,0,0,0.0,1,116,2613,788754,0,14,0,0,1,1,0
46,34,1,1,3,0,0,0.195652174,0,4,359,0,1,9,0,0,0,1,1
62,37,0,1,3,0,0,0.064516129,0,4,0,0,1,11,0,0,1,1,1
33,24,0,0,2,0,0,0.0,0,118,7448,0,1,6,1,0,0,1,0
39,16,0,0,2,0,0,0.0,2,1,8348,1,1,7,1,0,1,0,1
28,15,0,1,1,0,0,0.035714286,0,4,-1,0,1,6,0,0,2,1,1
56,21,0,1,3,0,1,0.0,0,14,4481,627184,0,12,0,0,0,1,0
196,25,1,1,3,0,0,0.071428571,0,16,-1,3461289,0,28,0,0,2,1,1
26,17,0,0,2,0,0,0.0,0,36,7415,38008,0,6,0,0,0,0,0
42,34,0,1,2,0,0,0.142857143,1,21,1535,4641,1,8,0,0,0,1,1
63,20,0,1,3,1,0,0.095238095,1,0,-1,0,1,13,0,0,0,2,1
24,16,0,1,2,0,0,0.0,0,177,2695,1453975,0,6,0,0,0,2,0
60,16,0,0,2,0,0,0.0,0,210,7133,12,0,10,1,0,0,0,0
58,17,0,1,3,0,0,0.0862068969999999,0,0,12184,4150,1,14,0,0,0,3,0
60,13,0,0,2,0,0,0.0,0,17,7420,285,0,14,0,0,0,0,0
64,21,0,1,3,0,0,0.0,0,8,7578,2639822,0,11,0,0,0,1,0
45,17,0,0,2,0,0,0.0,0,58,2299,0,1,10,0,0,1,0,0
27,18,0,0,2,0,0,0.0,0,75,5330,243844,0,6,0,0,0,0,0
263,25,1,1,3,0,0,0.125475285,2,1,7083,17964,1,13,0,1,0,2,1
53,17,0,1,3,1,0,0.0,1,16,-1,0,1,12,0,1,0,2,1
49,15,0,0,2,0,1,0.040816327,0,301,9285,121,1,11,1,0,2,0,0
46,14,1,1,2,1,0,0.173913043,0,184,-1,340,1,9,0,0,1,1,0
44,19,0,1,3,0,0,0.0,0,35,-1,632297,0,9,0,0,0,2,0
80,13,0,0,1,0,0,0.0,2,90,2699,12157,0,13,0,0,0,1,0
125,38,0,0,2,1,0,0.0,4,0,322,126941,1,11,0,0,0,2,1
46,13,0,1,1,1,1,0.0,3,37,3208,0,1,8,0,0,1,2,1
50,24,0,1,3,0,0,0.0,0,81,5207,27218,0,7,0,1,5,2,0
34,25,0,0,2,0,0,0.0,0,130,1400,5664469,0,6,0,0,0,2,0
159,13,0,0,3,1,0,0.075471698,0,22,1620,2363,1,27,0,0,0,1,1
42,24,0,1,3,0,0,0.0,0,1,7083,17964,1,7,0,0,0,2,1
27,18,0,0,2,0,0,0.0,0,18,1985,0,0,6,0,0,0,2,0
45,17,0,1,3,0,0,0.0,0,169,8149,12761,0,9,0,0,1,0,0
50,43,0,1,3,0,0,0.02,0,4,4081,0,1,9,0,0,0,1,1
61,17,0,0,1,1,0,0.0,3,13,-1,6104856,1,12,0,0,0,1,1
41,15,0,1,2,0,0,0.024390244,0,183,5886,184,0,9,0,0,1,0,0
32,24,0,1,2,0,0,0.0,0,110,3919,1841877,0,6,0,0,1,1,0
127,50,1,0,3,1,0,0.173228346,0,51,3993,5707171,1,18,0,1,1,2,1
57,17,0,1,3,0,0,0.035087719,0,0,5396,0,0,12,0,0,0,3,0
61,20,0,1,3,0,0,0.0,0,7,6056,0,0,9,0,0,0,0,0
122,46,1,0,3,0,0,0.155737705,0,4,4003,5816617,1,19,0,1,1,1,1
42,19,0,1,3,0,0,0.0,1,0,-1,0,1,8,0,0,0,1,1
20,13,0,1,2,0,0,0.0,0,0,7740,420949,0,5,0,0,0,0,0
29,22,0,1,2,0,1,0.0,0,187,7297,0,0,5,1,0,0,2,0
62,22,0,1,2,0,0,0.0,1,8,127,0,1,9,0,0,0,1,1
43,34,0,0,3,0,1,0.11627907,0,18,5614,0,1,11,0,0,0,2,1
39,19,0,1,2,0,0,0.0,0,19,6334,16251,0,8,0,0,0,1,0
105,50,1,1,3,0,0,0.19047619,0,9,1454,0,1,14,0,1,0,1,1
140,10,0,1,3,0,0,0.0,0,0,-1,31306,1,22,0,0,0,3,0
70,38,0,0,3,0,1,0.085714286,0,21,5616,0,1,14,0,0,0,2,1
74,25,0,1,2,0,0,0.0,0,177,6613,127814,0,12,0,0,1,0,0
27,18,0,0,2,1,0,0.0,0,60,479,766225,0,7,0,0,0,2,1
28,13,0,0,2,0,0,0.0,0,80,6993,8740,0,8,0,0,0,1,0
22,13,0,0,2,0,0,0.0,0,61,-1,5750434,0,6,0,0,0,1,0
13,6,0,1,1,0,0,0.0,0,79,5442,13336,0,4,0,0,1,2,0
99,15,0,0,2,0,0,0.111111111,1,25,8346,1,1,10,1,0,1,2,1
44,16,0,0,2,0,0,0.0,2,1,8348,1,1,8,1,0,2,0,1
35,26,0,0,2,0,1,0.0,0,14,7295,0,1,6,1,0,0,1,1
30,21,0,0,2,0,0,0.0,0,432,6956,1026485,0,6,0,0,0,1,0
72,15,0,0,3,0,0,0.0,0,134,8345,1,0,15,1,1,0,0,0
101,22,0,1,2,0,1,0.0,0,13,2176,77953,0,8,0,0,1,1,0
29,20,0,0,2,1,0,0.0,0,973,7365,624160,0,7,0,0,0,2,0
26,19,0,1,2,0,0,0.0,0,10,5159,0,0,5,1,0,1,1,0
70,45,1,0,3,0,1,0.242857143,0,0,5616,0,1,12,0,1,0,2,1
40,17,0,0,2,0,0,0.0,0,62,5891,35,0,7,1,0,0,0,0
118,42,1,0,3,0,0,0.220338983,0,51,3992,5697976,1,18,0,1,0,2,1
35,11,0,1,1,0,0,0.0,0,0,-1,0,1,8,0,0,0,2,0
68,42,1,1,3,0,0,0.117647059,0,4,4003,5816617,1,9,0,1,1,1,1
31,22,0,0,3,1,0,0.0,0,96,2381,721319,0,8,0,0,0,2,0
43,15,0,0,2,0,0,0.0,0,55,5640,2,0,7,1,1,0,1,0
41,15,1,1,3,0,0,0.317073171,1,65,-1,0,1,10,0,1,0,1,1
99,15,0,0,2,0,0,0.050505051,1,30,8347,1,1,10,1,0,0,2,1
99,12,0,1,1,1,0,0.050505051,2,132,1706,4830221,1,16,0,0,3,2,1
28,20,0,1,2,0,0,0.0,0,17,5340,9876852,1,6,0,0,2,0,0
53,28,0,1,2,0,1,0.0,0,101,7616,2190,1,7,0,1,2,1,0
34,25,0,0,2,0,1,0.117647059,0,14,7295,0,1,6,1,0,0,1,1
23,16,0,1,2,0,0,0.0,0,68,4781,547473,0,5,0,0,0,1,0
39,16,0,0,2,0,0,0.0,2,39,8348,1,0,8,1,0,0,2,1
34,25,0,0,2,1,0,0.0,0,53,5394,365936,0,7,0,0,0,2,0
67,14,1,1,1,0,0,0.402985075,0,77,507,519579,1,9,0,0,0,2,1
49,17,1,0,2,0,0,0.204081633,0,682,6435,323,0,8,0,0,1,2,0
74,23,1,1,3,0,0,0.094594595,1,43,1528,0,1,10,0,0,0,2,1
206,21,1,0,3,0,0,0.325242718,0,0,7905,155,1,27,0,0,0,2,1
106,19,1,1,2,1,0,0.198113208,3,88,2046,0,1,13,0,0,1,1,1
174,14,1,1,3,0,0,0.114942529,2,4,-2,0,1,30,1,0,0,1,1
28,19,0,0,2,0,0,0.0,0,108,3726,123374,0,6,0,0,0,2,0
60,24,0,1,2,0,0,0.166666667,0,0,667,0,1,9,0,0,0,2,1
64,26,1,1,2,1,0,0.09375,3,1,5062,0,1,11,0,0,0,2,1
29,20,0,0,1,0,0,0.0,0,29,4912,10421238,0,5,0,0,0,2,0
62,31,0,1,3,0,0,0.0161290319999999,0,153,8047,1577,0,10,0,0,1,0,0
261,13,1,1,3,0,0,0.14559387,1,9,31,0,1,13,0,1,0,1,1
68,14,0,0,2,0,0,0.117647059,0,24,5409,9424,0,13,0,0,0,1,0
165,21,1,1,3,0,0,0.327272727,1,31,-1,0,1,20,0,0,0,2,1
62,22,0,1,2,1,0,0.096774194,0,73,4582,134900,0,11,0,0,1,1,0
29,21,0,1,2,0,0,0.0,0,16,2087,6125655,0,6,0,0,2,1,0
56,16,0,0,2,0,0,0.0,2,18,8347,1,1,7,1,0,1,1,1
33,14,0,0,2,0,0,0.121212121,0,0,1953,4360,1,6,0,0,0,2,1
443,19,0,0,2,0,0,0.135440181,0,7,2615,0,1,9,0,0,0,1,1
23,15,0,1,1,0,0,0.0,0,0,-1,0,1,5,0,0,0,2,1
42,8,0,1,2,0,0,0.0,0,756,-1,569875,1,9,0,0,1,1,0
47,18,0,1,2,0,0,0.063829787,0,159,2887,596193,0,9,0,0,0,2,0
43,14,0,1,3,0,0,0.139534884,0,273,7160,2336,1,9,0,0,2,2,0
126,19,0,1,1,1,0,0.03968254,6,120,1589,0,1,17,0,0,1,1,1
71,25,0,0,2,0,0,0.0,0,57,4375,654847,0,10,0,0,0,2,0
70,13,0,1,2,1,0,0.0,4,0,4260,0,1,16,0,1,0,2,1
33,25,0,1,2,0,0,0.0,1,47,1950,341948,1,6,0,0,1,1,1
80,13,0,1,3,1,0,0.0,0,36,-2,0,1,14,0,1,0,2,1
42,29,0,1,3,0,0,0.023809524,0,34,1629,2884517,1,10,0,0,0,2,1
19,6,0,1,1,0,1,0.052631579,0,0,3153,37934,1,5,0,0,2,2,1
20,11,0,0,1,0,0,0.0,0,142,1002,0,0,5,0,0,1,0,0
56,21,0,1,2,0,0,0.0,1,9,1393,0,0,8,0,0,0,1,1
65,7,0,0,3,0,0,0.015384615,0,2,1079,710503,0,15,0,0,0,2,1
60,21,0,1,2,0,1,0.0,0,10,1612,0,1,8,0,0,0,2,1
36,13,0,1,2,0,0,0.0,0,825,8546,5685,0,8,0,0,2,1,0
49,11,0,1,3,0,0,0.0,0,20,8296,450746,0,11,0,1,0,1,1
98,13,1,0,3,1,0,0.081632653,3,4,2618,0,1,20,0,0,1,1,1
111,17,0,1,3,1,0,0.0,4,6,4609,0,1,18,0,0,0,1,1
44,30,0,0,3,0,1,0.045454545,1,21,5627,0,1,8,0,0,0,2,1
69,34,0,1,3,0,0,0.0,0,9,4852,0,0,9,0,0,1,1,0
65,10,0,1,2,1,0,0.046153846,3,29,-1,9421973,1,12,0,0,0,1,1
29,20,0,0,2,0,0,0.0,0,318,2457,721902,0,6,0,0,0,0,0
29,20,0,0,2,0,0,0.0,0,77,3938,539425,0,6,0,0,0,2,0
43,18,0,1,2,0,0,0.0,0,112,9203,688,0,7,0,0,1,0,0
128,50,1,0,3,1,0,0.1484375,0,4,4003,5816617,1,19,0,1,1,1,1
29,21,0,1,3,0,0,0.206896552,0,11,257,0,0,7,0,0,0,2,1
63,12,0,1,1,0,0,0.126984127,0,162,5484,1338,0,13,0,0,1,1,0
65,16,0,0,2,0,0,0.0,0,729,7131,12,0,11,1,0,0,1,0
34,26,0,1,2,0,1,0.0,0,95,7296,0,1,6,1,0,0,1,0
23,14,0,0,2,0,0,0.0,0,258,8645,3133254,0,6,0,0,2,1,0
28,19,0,0,2,0,0,0.0,0,57,1662,312044,0,6,0,0,0,0,0
48,15,0,0,2,0,1,0.0,0,336,9283,124,0,10,1,0,0,0,0
41,19,0,1,2,1,0,0.0,1,20,6388,0,1,9,0,0,1,2,1
25,13,0,0,2,0,0,0.0,0,49,-1,0,0,7,0,0,0,0,0
40,18,0,1,2,0,0,0.0,0,145,9202,687,0,7,0,0,1,0,0
40,8,0,0,1,0,0,0.0,0,17,4465,20110,0,5,0,0,0,0,0
76,50,1,1,3,1,0,0.118421053,0,51,3992,5707171,1,10,0,1,1,2,1
30,21,0,0,2,0,0,0.0,0,277,2523,3308718,0,6,0,0,0,2,0
58,18,0,1,2,0,0,0.068965517,0,88,3514,5294,0,10,0,0,1,1,0
38,16,0,0,2,0,0,0.0,0,403,6220,6192,0,7,0,0,0,1,0
57,19,0,1,3,1,0,0.0,0,0,5469,637659,1,10,0,0,0,2,0
64,21,0,0,2,1,0,0.0,0,169,8217,213,0,11,0,0,0,2,0
47,18,0,0,2,0,0,0.0,0,103,9174,623,0,8,0,0,0,0,0
183,37,1,0,2,0,0,0.240437158,0,7,216,0,1,28,0,1,0,1,1
41,22,0,0,3,1,0,0.024390244,0,4,13,0,1,10,0,0,1,1,1
66,17,0,1,3,0,0,0.0,1,146,3654,1664096,1,15,0,0,1,0,1
34,13,0,1,2,0,0,0.0,0,0,2948,12791,0,8,0,0,1,2,0
96,13,0,0,1,0,0,0.0625,0,248,9032,690,0,16,0,0,0,2,0
64,12,0,1,3,1,0,0.0,0,114,-1,844062,1,11,0,0,2,2,0
35,20,0,1,2,0,1,0.0,0,39,4826,203194,1,6,0,0,1,0,0
63,37,0,1,3,0,0,0.0,0,0,8916,14605,1,11,0,0,0,2,1
36,27,0,0,2,0,0,0.0,0,111,7449,0,0,6,1,0,0,2,0
35,25,0,1,2,0,0,0.0,0,54,-1,0,0,6,0,0,1,1,0
106,25,0,1,3,1,0,0.009433962,0,95,-1,0,0,17,0,1,4,2,0
39,20,0,1,1,0,1,0.0,0,40,-1,0,1,6,0,0,0,1,1
40,13,0,1,2,0,0,0.0,0,57,2737,0,1,8,0,0,2,2,1
33,17,0,0,2,0,0,0.121212121,0,86,8826,53473,0,8,0,0,1,1,0
115,42,1,1,3,0,0,0.191304348,0,4,4003,5816617,1,16,0,1,1,1,1
77,16,0,1,3,0,0,0.0,1,0,7858,586042,1,14,0,0,0,2,1
108,25,1,0,2,0,0,0.222222222,1,12,6588,30,1,16,1,1,0,2,1
23,15,0,0,2,0,0,0.0,0,95,2963,390840,0,5,0,0,0,1,0
23,14,0,0,2,0,0,0.0,0,13,8899,0,0,6,0,0,0,2,0
79,13,1,0,3,1,0,0.126582278,4,4,2618,0,1,15,0,0,1,1,1
51,43,1,1,3,0,0,0.196078431,0,5,3229,0,1,9,0,1,0,2,1
170,17,0,1,3,1,0,0.047058824,2,0,723,0,1,26,0,1,0,2,1
62,27,0,1,3,0,0,0.0,0,4,5643,0,1,11,0,0,1,1,1
39,15,0,1,1,0,0,0.076923077,0,15,268,0,1,8,0,0,0,2,1
131,54,1,0,3,1,0,0.13740458,0,4,4004,5828815,1,19,0,1,1,1,1
115,24,0,0,2,0,0,0.026086957,0,132,4060,99,0,21,1,0,0,2,0
74,23,0,1,3,1,1,0.0,0,106,6801,73306,0,10,0,0,1,1,0
33,13,0,1,1,0,0,0.0,0,100,-2,7524,0,6,0,0,1,1,0
44,25,0,1,3,0,0,0.022727273,0,7,443,0,1,9,0,0,0,1,1
27,19,0,1,2,0,0,0.0,0,4,8492,1121373,0,6,0,0,0,1,0
53,26,0,1,3,0,1,0.0,1,21,5627,0,1,10,0,1,0,2,1
39,18,0,0,3,0,0,0.0,0,118,-1,0,1,8,0,1,0,2,0
18,11,0,1,2,0,0,0.0,0,35,2559,247607,0,5,0,0,1,1,0
59,19,0,1,1,1,0,0.0,3,0,1422,0,1,9,0,0,0,2,1
83,14,0,1,3,1,0,0.072289157,0,0,8814,6840689,0,14,0,0,0,3,0
30,21,0,0,2,0,1,0.0,0,24,7297,2885582,0,6,1,0,0,2,0
24,16,0,1,1,0,0,0.0,0,44,3585,909893,0,5,0,0,1,2,0
28,8,0,0,1,0,0,0.214285714,0,19,313,0,0,6,0,0,0,1,1
22,13,0,0,2,0,0,0.0,0,25,6455,892596,0,6,0,0,0,0,0
56,24,0,1,3,1,0,0.0,0,16,-1,40123,0,10,0,0,1,2,0
72,14,0,1,3,1,0,0.0,3,44,740,0,1,13,0,0,0,2,1
63,14,0,1,3,0,0,0.079365079,0,53,11046,545,0,11,0,0,1,1,0
29,20,0,0,2,0,0,0.0,0,170,-1,60221,0,6,0,0,0,1,0
34,17,0,1,2,0,1,0.0,0,92,4981,105063,0,7,0,0,1,1,0
45,16,0,0,2,0,0,0.0,0,1556,7133,12,0,8,1,0,0,1,0
55,17,0,1,2,0,0,0.018181818,0,23,3924,181574,0,10,0,0,1,1,0
137,13,1,1,3,0,0,0.182481752,1,9,31,0,1,17,0,1,0,1,1
64,43,1,0,3,0,1,0.25,0,0,5627,0,1,12,0,1,0,2,1
53,9,0,1,3,0,0,0.0,0,24,-1,0,1,11,0,0,0,1,1
51,18,0,1,3,0,1,0.0,0,39,2411,0,1,9,0,0,0,2,1
47,16,0,0,3,0,0,0.0,0,53,8519,8,0,7,1,0,0,2,0
42,16,0,0,3,0,0,0.0,0,9,4537,0,1,8,0,0,0,2,1
58,12,0,1,2,0,0,0.0,0,37,8399,7804106,0,10,0,0,1,0,0
44,21,0,1,2,0,1,0.0,0,77,7618,2192,0,7,0,0,1,1,0
44,16,0,1,1,0,0,0.0,0,16,4652,0,1,7,0,0,1,1,1
35,26,0,0,2,0,1,0.085714286,0,14,7295,0,1,6,1,0,0,1,1
44,13,0,0,3,0,0,0.0,0,10,308,0,1,10,0,0,0,1,1
96,10,0,1,2,0,0,0.0,0,140,3501,3551602,0,16,0,1,0,1,0
68,20,0,1,3,1,1,0.191176471,0,0,4334,1041293,1,10,0,0,0,0,1
136,32,1,0,3,1,0,0.095588235,0,27,1536,4558,1,22,0,0,0,3,1
395,15,0,0,2,0,0,0.124050633,2,77,6426,381,1,21,0,0,1,2,1
23,6,1,1,1,0,0,0.304347826,0,1,1629,0,1,6,0,0,1,2,1
66,11,0,1,3,0,0,0.106060606,0,0,12844,565,1,13,0,0,0,3,0
26,13,0,1,1,0,0,0.076923077,0,169,1613,0,0,6,0,0,0,2,1
51,16,0,1,3,0,0,0.0,2,4,2604,0,1,9,0,1,1,1,1
144,25,1,1,3,1,0,0.319444444,3,8,389,0,1,13,0,0,0,0,1
79,11,0,0,3,0,1,0.0,2,0,-1,0,1,18,0,0,0,0,1
22,14,0,1,2,0,0,0.0,0,0,1,0,1,6,0,0,0,2,1
56,25,0,1,2,0,0,0.0,0,328,6257,689,0,6,0,0,1,2,0
55,46,1,0,2,0,1,0.218181818,0,7,7296,0,1,9,1,0,0,2,1
80,37,0,1,3,0,0,0.0,0,33,2105,0,1,10,0,0,0,2,1
54,17,0,0,2,0,0,0.074074074,0,5,2499,8547,1,7,0,0,0,2,1
35,13,0,0,2,0,0,0.0,0,3,-1,0,1,7,0,0,1,1,1
77,23,1,1,1,0,0,0.285714286,0,30,5767,0,1,7,0,0,1,1,1
91,11,0,0,3,0,0,0.0,0,360,-1,6431,0,14,0,0,0,2,0
211,18,1,0,2,0,0,0.45971564,2,22,-1,0,1,20,0,0,0,1,1
24,15,0,0,2,0,0,0.0,0,131,-1,0,0,6,0,0,1,2,0
527,17,0,1,2,0,0,0.083491461,2,3,2694,2182328,0,8,1,0,1,2,1
69,20,0,1,2,1,0,0.0,1,72,5,0,1,10,0,0,0,2,1
33,26,0,1,2,0,0,0.0,0,30,-1,2992243,0,5,0,0,0,2,0
48,18,0,1,2,0,1,0.0,0,1,2943,0,1,8,0,0,1,2,1
29,14,0,0,1,1,0,0.034482759,0,115,2,0,1,7,0,0,0,2,1
74,15,1,1,1,1,0,0.162162162,0,286,4687,0,1,10,0,0,1,2,1
128,50,1,0,3,1,0,0.140625,0,51,3992,5697976,1,19,0,1,0,2,1
30,23,0,1,2,0,1,0.0,0,14,7295,0,1,5,1,0,1,1,1
39,25,0,1,2,0,0,0.0,0,90,959,0,1,7,0,0,1,1,1
54,24,0,0,3,1,0,0.092592593,0,110,1532,4691,1,10,0,0,0,2,1
35,27,0,1,2,1,0,0.0,0,24,9241,0,0,7,0,1,1,2,1
78,15,0,1,3,0,0,0.115384615,2,0,3310,0,1,14,0,1,0,2,1
53,20,0,0,3,0,0,0.0,0,56,6606,67137,0,9,0,0,0,1,0
49,21,0,1,2,1,0,0.102040816,0,95,4010,16114,0,9,0,0,1,2,0
26,17,0,0,2,0,0,0.0,0,104,1499,1216719,0,6,0,0,0,1,0
37,24,0,1,2,0,0,0.0,0,74,4737,0,0,7,0,0,0,1,0
89,21,0,0,3,0,0,0.0,0,98,7993,26739,0,13,0,0,0,1,0
33,12,0,1,2,0,0,0.0,0,0,2629,0,1,8,0,0,0,2,1
71,18,0,1,3,0,0,0.1549295769999999,0,4,12790,2419,0,13,0,0,0,1,0
49,15,0,0,3,0,0,0.020408163,1,305,1776,2402905,0,9,0,0,1,2,1
61,12,1,1,3,0,0,0.098360656,2,0,-1,0,1,11,0,0,0,2,1
78,14,0,0,2,0,0,0.0,0,276,7926,428453,0,11,0,0,1,0,0
54,26,0,1,3,0,1,0.037037037,0,21,5615,0,1,9,0,0,0,2,1
32,24,0,1,2,0,0,0.0,0,14,6265,0,0,6,0,0,1,2,0
43,14,1,1,3,0,0,0.255813953,1,4,-1,0,1,10,0,1,2,1,1
81,27,1,1,2,0,0,0.259259259,0,30,5767,0,1,8,0,0,1,1,1
103,15,1,1,1,1,0,0.165048544,3,88,2047,0,1,13,0,0,0,1,1
55,35,0,1,3,1,0,0.0,0,11,286,0,1,11,0,0,0,2,1
30,22,0,1,2,0,1,0.0,0,210,7299,1741827,0,6,1,0,0,2,0
47,22,0,0,3,0,0,0.0,0,20,5659,889,1,8,0,0,0,1,1
44,35,0,0,3,0,1,0.1363636359999999,0,0,5616,0,1,10,0,0,0,2,1
64,14,0,1,2,1,0,0.03125,3,48,-1,0,1,13,0,0,1,2,1
71,13,0,0,3,0,1,0.0,0,13,268,0,1,12,0,1,0,2,1
85,27,0,1,2,0,0,0.0,0,18,431,8509505,1,13,0,0,0,2,1
33,25,0,1,2,0,0,0.121212121,0,24,3598,0,1,6,1,0,2,1,1
77,20,0,1,3,1,0,0.012987013,0,71,1645,145369,0,15,0,0,1,1,0
80,23,0,1,2,0,0,0.025,0,18,1759,8326,1,14,0,0,2,1,0
37,14,0,1,1,0,0,0.0,0,576,6365,33777,0,6,0,0,1,1,0
97,25,0,0,2,0,0,0.0,0,26,7005,150317,1,15,0,0,1,1,0
17,10,0,1,2,0,0,0.0,0,75,-1,0,0,5,0,0,0,2,0
30,22,0,1,2,0,0,0.0,0,61,5226,257847,0,6,0,0,1,2,0
32,25,0,1,2,0,1,0.0,0,60,7297,0,1,5,1,0,0,1,0
18,9,0,0,1,0,0,0.0,0,79,2322,1342641,0,5,0,0,0,1,0
54,11,0,1,2,0,0,0.037037037,1,13,3672,0,1,10,0,0,0,1,1
127,50,1,0,3,1,0,0.149606299,0,51,3993,5707171,1,18,0,1,1,2,1
30,21,0,0,2,0,0,0.0,0,52,-1,8078909,0,6,0,0,0,2,0
28,21,0,1,2,0,1,0.035714286,0,14,7295,10352326,1,5,1,0,1,1,1
66,41,1,1,3,0,1,0.257575758,0,18,5627,0,1,11,0,1,0,1,1
75,42,0,1,3,0,1,0.04,1,22,5626,0,1,12,0,1,0,2,1
114,20,0,1,2,0,0,0.0,0,76,7915,2460,0,18,0,0,1,1,0
69,19,0,0,2,0,0,0.028985507,0,100,3213,395589,0,12,0,0,0,0,0
36,16,0,0,3,0,0,0.0,0,18,-1,11312,0,10,1,0,0,0,0
46,14,0,1,2,0,0,0.0,0,54,2305,541454,1,8,0,0,0,2,1
44,16,0,1,1,0,0,0.0,0,22,2188,0,1,7,0,0,0,1,0
35,11,0,0,2,0,0,0.0,0,97,11039,178542,0,7,0,0,0,2,0
215,12,1,1,3,0,0,0.195348837,3,25,-1,0,1,41,0,1,0,2,1
34,15,0,0,3,0,0,0.0,0,23,595,0,1,7,0,0,0,2,1
103,14,0,0,3,0,0,0.009708738,1,16,5674,0,1,16,0,1,0,1,1
24,15,0,0,3,0,0,0.0,0,40,8369,1212797,0,7,0,0,0,0,0
52,16,0,0,2,0,0,0.0,0,440,7132,12,0,9,1,0,0,1,0
36,20,0,1,2,0,0,0.0,0,21,3639,246250,0,6,0,0,1,1,0
60,15,0,1,3,0,0,0.0,0,4,-1,0,1,11,0,0,1,1,1
46,38,0,1,3,0,1,0.130434783,0,14,5616,0,1,10,0,0,0,2,1
49,18,0,1,3,0,0,0.0,0,56,-1,0,1,9,0,1,1,1,1
60,30,0,1,3,0,1,0.1,0,36,7297,0,1,10,1,0,0,1,1
196,17,1,1,3,1,0,0.275510204,2,0,1096,0,1,20,0,0,0,2,1
35,16,0,1,2,0,0,0.085714286,0,56,-1,0,1,7,0,0,1,1,1
33,24,0,0,2,0,0,0.0,0,16,-1,0,0,6,0,0,0,2,0
74,21,0,1,2,0,0,0.0,1,73,4752,0,1,11,0,0,0,2,1
74,12,0,1,2,1,1,0.0,3,16,1250,0,1,13,0,0,0,1,1
141,48,1,0,2,0,0,0.333333333,1,50,-1,0,1,9,0,1,0,2,1
189,17,1,1,3,0,0,0.402116402,1,51,1086,0,1,12,0,0,0,2,1
61,20,0,1,3,0,0,0.0,0,21,5122,0,1,10,0,0,0,1,0
73,14,1,0,3,0,0,0.178082192,0,0,-1,8119106,1,13,0,0,0,1,1
69,22,0,0,2,1,0,0.115942029,0,96,3320,1038201,1,13,0,1,1,2,1
26,18,0,1,2,1,0,0.0,1,10,-1,0,1,7,0,0,1,2,1
41,33,0,1,2,0,1,0.0,0,237,7296,0,0,6,1,0,0,2,0
120,42,1,0,3,0,0,0.141666667,0,4,4003,5816617,1,18,0,1,1,1,1
43,13,0,0,3,0,0,0.0,1,0,5021,578487,1,9,0,0,0,1,1
27,18,0,0,2,0,0,0.0,0,188,6655,76289,0,6,0,0,0,0,0
79,15,0,1,2,0,0,0.0,1,73,227,0,1,13,0,1,1,1,1
113,17,0,1,3,0,0,0.0,0,61,3452,377801,1,18,0,0,0,1,0
56,24,0,1,2,1,0,0.0,0,11,4508,0,1,9,0,0,1,1,0
123,14,0,1,2,0,0,0.0,0,88,4379,0,1,21,0,0,1,2,1
28,20,0,1,2,0,0,0.0,0,319,4319,632846,0,6,0,0,0,1,0
38,31,0,1,2,0,1,0.0,0,14,7295,0,1,5,1,0,1,1,1
35,26,0,0,2,0,0,0.0,0,43,4097,84541,0,6,0,0,0,1,0
112,14,0,1,3,1,0,0.0,4,14,2713,0,1,22,0,1,0,1,1
66,19,0,1,2,0,0,0.0,0,50,5087,436109,1,12,0,0,1,1,0
40,19,0,1,2,0,0,0.0,0,79,-1,0,1,7,0,0,1,1,0
70,21,0,1,3,0,0,0.0,1,2,3317,0,1,9,0,0,0,1,1
53,14,0,0,2,0,0,0.0,0,21,2847,6004,0,10,0,0,0,1,0
31,23,0,1,2,1,0,0.064516129,0,103,6253,279484,1,7,0,0,1,2,1
70,49,1,0,3,0,1,0.242857143,0,0,5627,0,1,12,0,1,0,2,1
26,11,0,1,1,0,0,0.0,0,146,2122,125062,1,6,0,0,1,2,1
17,8,0,0,1,0,0,0.0,0,162,4182,81417,0,5,0,0,0,2,0
69,40,0,1,3,1,0,0.0,0,0,-1,393662,1,11,0,1,2,2,1
67,22,0,1,2,1,0,0.0,0,168,3962,838069,0,10,0,0,0,1,0
49,13,1,1,3,0,1,0.204081633,1,148,-1,0,1,12,1,1,0,2,1
46,18,0,1,2,0,0,0.0,0,28,7989,77303,0,8,0,0,0,0,0
46,27,0,1,2,1,0,0.086956522,0,0,3381,0,1,9,0,0,0,1,1
110,75,0,1,3,0,0,0.254545455,0,4,1837,0,1,21,0,0,1,1,1
39,32,0,1,2,0,1,0.025641026,0,14,7295,0,1,5,1,0,1,1,1
18,10,0,1,1,0,0,0.0,0,131,2442,1127025,0,5,0,0,1,2,1
97,10,1,1,2,1,0,0.350515464,0,206,-1,0,1,14,0,0,2,2,1
105,50,1,1,3,0,0,0.20952381,0,9,1453,0,1,14,0,1,0,1,1
32,23,0,0,2,0,1,0.09375,0,0,5613,0,1,6,0,0,0,2,1
101,23,0,1,3,0,0,0.00990099,0,144,8047,1579,0,14,0,0,1,0,0
31,23,0,1,2,0,0,0.0,0,95,3385,325437,0,6,0,0,0,2,0
25,16,0,0,2,0,0,0.0,0,33,-1,82502,0,6,0,0,0,1,0
53,16,0,1,3,0,0,0.0,0,78,7199,2264,0,9,0,0,1,0,0
56,19,0,1,3,0,0,0.0,0,0,620,0,1,9,0,0,0,2,1
62,34,0,1,2,0,0,0.161290323,0,31,1546,4639,1,11,0,0,0,2,1
48,17,0,0,2,1,0,0.0,2,10,157,5376297,1,9,0,0,1,1,1
43,25,0,1,2,0,0,0.0,0,193,6256,688,0,6,0,0,1,2,0
125,50,1,1,3,1,0,0.136,0,51,3992,5707171,1,19,0,1,0,2,1
60,21,0,1,3,0,0,0.05,0,0,12873,1943,0,12,0,0,1,3,0
101,37,1,1,2,0,0,0.188118812,0,33,2105,0,1,10,0,0,0,2,1
126,19,0,1,3,0,0,0.0873015869999999,0,898,4661,1100689,1,25,0,0,2,2,0
74,14,1,0,3,0,0,0.148648649,0,5,5160,115,1,15,1,1,0,0,0
54,16,0,0,2,0,0,0.074074074,0,0,1953,4365,1,8,0,0,0,2,1
47,18,0,0,3,0,0,0.0,0,180,7130,12,1,9,1,0,0,0,0
32,24,0,1,3,1,0,0.0,0,70,607,0,0,8,0,0,0,2,1
106,22,1,1,3,1,0,0.179245283,4,4,-1,0,1,14,0,0,1,1,1
68,42,0,1,3,0,1,0.058823529,3,21,5616,0,1,13,0,0,0,2,1
52,15,0,1,2,0,0,0.0,1,63,785,0,1,8,0,0,0,2,1
22,14,0,1,2,0,0,0.045454545,0,16,1863,0,0,6,0,0,2,2,0
158,23,1,1,3,0,0,0.221518987,1,21,1692,0,1,11,0,0,1,1,1
45,18,0,1,3,0,0,0.0,0,108,4054,38621,0,8,0,0,1,2,0
68,42,1,1,3,0,0,0.147058824,0,51,3992,5707171,1,9,0,1,1,2,1
57,15,1,1,3,0,0,0.210526316,1,4,-1,0,1,12,0,1,0,1,1
118,42,1,1,3,0,0,0.13559322,0,51,3992,5697976,1,17,0,1,1,2,1
115,21,0,1,3,1,1,0.0,5,6,4608,0,1,18,0,0,0,1,1
32,24,0,1,2,0,1,0.0,0,175,7297,0,0,6,1,0,0,2,0
64,16,1,0,2,0,0,0.109375,0,86,7909,939,1,10,0,0,1,1,0
237,29,0,0,3,1,0,0.054852321,1,7,3,0,1,27,0,0,0,1,1
57,19,0,1,3,0,0,0.0,0,424,6339,204101,0,10,0,0,1,1,0
22,15,0,1,2,0,0,0.0,0,54,7424,5697494,0,5,0,0,1,0,0
65,40,0,1,3,0,1,0.046153846,3,22,5615,0,1,13,0,0,0,2,1
78,29,0,1,2,0,0,0.025641026,0,26,4522,0,1,10,0,0,1,2,1
23,13,0,1,2,0,0,0.0,0,0,4979,315959,1,6,0,0,1,2,1
53,15,0,0,2,0,0,0.037735849,0,0,1953,4365,1,8,0,0,0,2,1
22,14,1,1,3,0,0,0.5,0,2,-1,0,1,7,0,1,0,1,1
35,16,0,0,2,0,0,0.0,0,403,6225,6330,0,7,0,0,0,1,0
68,40,0,1,3,0,0,0.029411765,0,4,-1,0,1,11,0,0,1,1,1
65,35,0,1,2,0,1,0.0,0,83,7615,2188,0,8,0,0,1,1,0
77,14,0,1,3,0,0,0.0779220779999999,0,129,2,0,1,15,0,0,0,2,1
29,21,0,1,2,0,0,0.0,0,0,3363,685801,1,6,0,0,0,2,1
111,16,0,0,3,0,0,0.0,0,263,9033,148846,1,14,0,0,2,1,0
47,7,0,0,1,0,0,0.063829787,0,0,2520,632001,1,6,0,0,1,1,1
68,18,0,1,3,0,0,0.0,1,11,-1,4509050,1,15,0,0,0,1,1
67,14,0,1,2,0,0,0.0,0,14,33,0,1,10,0,0,2,1,1
86,48,0,1,2,1,0,0.104651163,1,32,1546,4669,1,11,0,0,0,1,1
235,18,1,0,3,1,0,0.046808511,3,43,1615,2145026,1,16,0,0,0,2,1
117,27,0,1,2,0,0,0.0,0,87,326,0,1,18,0,0,2,2,1
19,11,0,1,2,0,0,0.1578947369999999,0,45,-1,0,0,6,0,0,0,2,1
112,11,1,1,1,0,0,0.25,0,1,5964,0,1,9,0,0,3,2,1
62,19,0,0,2,0,0,0.0161290319999999,0,209,2060,197464,0,11,0,0,0,1,0
46,21,0,1,2,0,0,0.043478261,0,190,6900,11507,1,8,0,0,1,2,0
68,42,1,1,3,0,0,0.161764706,0,4,4003,5816617,1,9,0,1,1,1,1
45,16,0,1,3,1,0,0.0,0,39,5910,86075,0,9,0,0,1,1,0
30,21,1,0,2,1,0,0.233333333,0,4,1967,4657,1,7,0,0,0,2,1
78,26,1,0,3,0,0,0.102564103,0,1,7086,18263,1,14,0,0,0,2,1
53,14,0,1,2,0,0,0.075471698,1,60,2229,54473,0,9,0,0,0,0,0
123,16,1,1,1,0,0,0.284552846,0,20,-1,0,1,10,0,0,1,1,1
132,25,0,0,2,1,1,0.053030303,0,26,8019,2897450,1,17,0,1,1,1,1
64,16,0,1,2,0,0,0.0,0,199,7841,3990,0,11,0,0,1,0,0
20,12,0,1,2,0,0,0.0,0,143,5527,2974,0,6,0,0,1,2,0
24,15,0,0,3,0,0,0.0,0,21,-1,5663319,0,7,0,0,0,2,0
98,23,0,0,3,0,0,0.0,1,16,-1,3128353,0,15,0,0,0,2,1
71,17,0,1,2,1,0,0.042253521,2,0,502,7105475,1,11,0,0,1,2,1
31,22,0,0,2,1,0,0.0,0,101,-1,803787,0,7,0,0,0,1,0
39,14,0,1,3,0,0,0.0,0,9,4275,124500,0,8,0,0,1,1,1
218,12,1,1,3,0,0,0.165137615,3,25,-1,0,1,38,0,1,0,2,1
44,11,0,0,1,0,0,0.0,0,217,8991,236,0,6,0,0,0,0,0
23,14,0,0,2,1,0,0.0,0,51,2271,4898186,0,7,0,0,0,1,0
112,10,0,1,1,0,1,0.0,1,63,5014,10118,0,20,0,0,1,1,0
55,19,0,1,3,0,0,0.0,1,87,-1,0,1,9,0,0,1,2,1
33,25,0,1,2,0,0,0.0,0,219,3144,28224,0,6,0,0,0,2,0
77,26,1,1,2,0,0,0.285714286,0,26,4036,6651974,1,9,0,0,1,2,1
64,14,1,1,1,0,0,0.15625,0,180,5797,1518,0,13,0,0,1,1,0
81,27,0,1,1,0,1,0.0493827159999999,0,206,4462,903902,0,12,0,0,1,1,0
49,25,0,1,3,0,0,0.081632653,0,2,3934,0,0,7,0,0,0,1,0
29,13,0,1,3,0,0,0.034482759,0,15,-1,79863,1,7,0,0,0,1,1
78,14,1,1,2,0,0,0.192307692,0,0,4377,0,1,10,0,0,1,2,1
39,22,0,1,2,0,0,0.0,0,0,3329,0,1,8,0,0,0,0,1
36,11,0,1,2,0,0,0.055555556,0,141,8881,23490,0,7,0,0,0,0,0
25,15,0,1,1,0,0,0.0,1,0,3753,0,1,5,0,0,3,2,1
98,20,0,1,3,0,0,0.071428571,0,32,254,0,0,12,0,1,1,2,1
44,21,0,1,2,0,0,0.0,0,0,-1,6720896,1,7,0,0,0,1,1
78,38,0,0,3,1,0,0.08974359,0,36,1546,4669,1,12,0,1,0,2,1
70,17,0,0,2,0,0,0.0,0,139,-1,53113,0,11,0,1,0,1,0
22,13,0,0,2,0,1,0.0,0,62,2968,1766695,0,6,0,0,1,1,0
88,43,0,1,2,1,0,0.0,2,3,330,0,1,10,0,0,0,1,1
50,13,0,1,3,0,0,0.02,0,132,4782,56709,0,10,0,1,0,0,0
127,61,1,0,3,0,0,0.346456693,0,51,1669,1963491,1,15,0,1,0,1,1
34,27,0,1,2,0,1,0.029411765,0,14,7295,0,1,5,1,0,1,1,1
23,15,0,0,3,0,0,0.0,0,330,-1,2879434,0,6,0,0,0,1,0
117,12,0,1,3,0,0,0.0,1,0,8319,43198,1,20,1,0,1,3,0
70,21,0,0,2,0,0,0.071428571,0,27,9171,56231,0,11,0,1,0,2,0
22,13,0,0,2,0,0,0.0,0,22,1440,0,0,6,0,0,1,1,0
45,25,0,1,2,0,0,0.0,0,180,6257,689,0,6,0,0,1,2,0
66,18,0,1,3,0,0,0.075757576,0,62,7714,7303,1,10,0,0,2,0,0
64,22,0,1,3,0,0,0.0,0,13,4212,0,1,10,0,0,0,1,1
79,20,0,1,2,1,0,0.075949367,0,25,454,7864522,1,11,0,0,2,2,1
44,14,0,0,2,0,0,0.0,0,87,3573,15941,0,8,0,0,0,1,0
132,16,1,0,3,0,0,0.060606061,1,9,7764,32,0,11,0,0,0,1,1
85,16,0,1,1,1,0,0.0,0,64,4739,5460,0,16,0,0,1,2,0
41,21,0,1,2,0,0,0.0,1,172,2674,0,0,8,0,0,1,2,1
113,15,0,1,1,0,0,0.079646018,0,220,2796,2878564,0,20,0,0,3,0,0
75,37,0,1,3,0,0,0.0,1,0,8916,14605,1,11,0,0,1,2,1
30,22,0,1,2,0,0,0.133333333,0,103,6818,469319,1,6,0,0,1,2,1
34,11,0,1,2,0,0,0.0,0,189,8941,815305,0,8,0,0,0,2,0
128,50,1,0,3,1,0,0.125,0,51,3993,5707171,1,19,0,1,0,2,1
55,18,0,1,2,0,0,0.0,0,96,4491,2900,0,9,0,0,1,1,0
30,23,0,1,2,0,0,0.0,0,100,4987,0,0,6,0,0,0,2,0
52,15,0,1,2,0,0,0.096153846,0,83,5333,574,0,10,0,0,1,2,0
125,16,0,1,1,0,0,0.056,0,18,8012,7856,0,19,0,0,1,1,0
50,16,0,1,3,0,0,0.06,1,155,3140,0,1,8,0,1,0,2,1
74,31,0,1,3,1,0,0.0,2,0,4178,0,1,13,0,0,0,2,1
38,16,0,0,2,0,0,0.0,0,2935,7130,12,0,8,1,0,0,1,0
40,32,0,1,2,0,0,0.025,0,1,7086,18263,1,6,0,0,0,2,1
75,15,0,0,3,0,1,0.0,0,61,7336,52443,0,11,0,0,0,1,0
42,34,0,1,2,0,1,0.0,0,62,7298,3638733,0,6,1,0,0,2,0
81,16,0,1,3,0,0,0.0,0,23,12238,2578,1,12,0,0,3,2,0
42,14,0,0,1,0,0,0.0,0,49,2805,0,1,7,0,0,1,1,0
26,17,0,0,3,0,0,0.0,0,38,-1,0,0,7,0,0,0,2,0
48,20,0,0,2,0,0,0.0,0,175,7133,12,0,8,1,0,0,1,0
196,22,0,1,2,1,0,0.091836735,3,8,1543,0,1,40,0,0,0,1,1
35,17,0,0,2,0,0,0.0,0,69,5895,35,0,7,1,0,1,0,0
37,25,0,1,2,0,0,0.0,0,0,-1,0,1,7,0,0,0,2,1
24,13,0,1,1,0,0,0.0,0,10,3112,3727610,0,6,0,0,0,1,1
32,24,0,1,3,1,0,0.0,0,28,91,7383488,0,8,0,0,0,1,1
100,13,0,1,3,0,0,0.09,0,0,8875,353569,1,16,0,0,0,3,0
60,18,0,1,3,0,0,0.0,1,13,-2,2475593,1,11,0,0,0,1,1
40,31,0,0,2,0,0,0.0,0,68,2740,1225906,0,6,0,0,0,2,0
28,16,0,0,2,0,0,0.035714286,0,53,8519,8,0,6,1,0,0,2,0
125,50,1,0,3,1,0,0.192,0,51,3993,5707171,1,18,0,1,1,2,1
27,18,0,0,2,0,0,0.0,0,22,4493,1433036,0,6,0,0,0,1,0
38,15,0,1,2,0,0,0.0,0,246,-1,40489,1,6,0,0,1,2,0
21,12,0,0,2,0,0,0.0,0,98,5855,325865,0,6,0,0,0,1,0
30,21,0,0,2,0,0,0.0,1,92,3952,3862928,0,6,0,0,1,2,0
79,11,0,1,3,0,0,0.075949367,1,16,-1,4439212,1,16,0,0,0,2,1
141,48,1,0,2,0,0,0.319148936,1,50,-1,0,1,9,0,1,0,2,1
35,15,0,1,2,0,0,0.0,0,0,-1,0,1,8,0,0,2,2,1
119,42,1,1,3,0,0,0.168067227,0,4,4003,5828815,1,18,0,1,1,1,1
49,41,0,1,2,0,0,0.040816327,0,23,819,0,1,8,0,0,1,1,1
45,38,0,1,2,0,1,0.022222222,0,14,7295,0,1,5,1,0,1,1,1
32,24,0,1,2,0,0,0.0,0,6,672,0,0,6,0,0,0,0,1
20,11,0,0,2,0,0,0.0,0,116,5451,2139,0,6,0,0,0,1,0
77,31,0,0,2,0,0,0.116883117,1,0,145,0,1,14,0,0,0,1,1
34,19,0,1,3,0,0,0.0,0,27,7,0,1,7,0,0,1,2,1
385,35,0,0,3,0,1,0.1558441559999999,1,23,804,0,1,15,0,0,0,1,1
32,25,0,1,2,0,0,0.0,0,30,5904,0,0,5,0,0,0,2,0
74,20,0,1,3,0,0,0.081081081,0,62,5200,62156,1,14,0,0,1,1,0
20,11,0,0,2,0,0,0.0,0,109,-1,146147,0,6,0,0,0,2,0
44,20,0,0,2,0,0,0.0,0,169,7130,12,0,8,1,0,0,1,0
65,13,1,1,3,1,0,0.3384615379999999,0,15,5376,1617573,1,12,0,0,0,2,1
34,21,0,0,2,0,1,0.0,0,13,5208,24006,1,6,0,0,3,0,1
70,35,0,1,2,1,0,0.085714286,0,3,11,0,1,10,0,0,1,1,1
25,16,0,0,2,0,0,0.0,0,33,5800,9158,0,6,0,0,0,2,0
36,17,0,0,2,0,0,0.0,0,180,9178,25939,0,7,0,0,0,1,0
62,16,0,0,2,0,0,0.0,0,170,6931,175929,0,13,0,0,0,2,0
126,23,0,0,2,1,1,0.079365079,0,7,8018,0,1,18,0,0,1,1,1
79,14,0,0,3,0,0,0.0,0,0,8751,19173,0,12,0,0,0,3,0
22,13,0,0,2,0,0,0.0,0,454,3289,283700,0,6,0,0,0,1,0
19,5,0,0,1,0,0,0.052631579,0,44,-1,3128738,1,5,0,0,2,2,1
66,38,0,1,3,0,1,0.090909091,0,21,5616,0,1,11,0,0,0,2,1
69,18,0,1,2,0,1,0.057971014,1,151,7835,10619,0,12,0,0,1,2,0
30,23,0,1,2,0,1,0.033333333,0,14,7295,10238442,1,5,1,0,1,1,1
76,15,0,1,3,0,0,0.092105263,2,12,4197,0,1,17,0,0,0,1,1
28,19,0,0,2,0,0,0.107142857,0,15,1468,3722367,0,6,0,0,0,2,0
50,22,0,1,2,1,0,0.0,0,0,4250,0,1,9,0,0,0,2,1
85,10,0,0,1,0,0,0.011764706,0,51,3108,1230682,0,17,0,0,0,1,0
71,29,0,1,3,0,0,0.042253521,0,0,-1,1137000,1,11,0,0,0,2,1
51,16,0,1,1,1,0,0.0,3,53,4261,0,1,9,0,0,0,2,1
47,15,0,1,3,1,0,0.0,3,0,4519,0,1,10,0,0,0,2,1
51,15,0,1,1,1,0,0.0,4,28,4004,0,1,12,0,0,0,2,1
58,16,0,1,3,1,0,0.0,0,45,5913,86462,0,13,0,0,1,1,0
42,34,0,1,2,0,0,0.119047619,0,23,808,0,1,8,0,0,1,1,1
58,15,0,1,3,0,0,0.034482759,0,0,-1,65780,1,12,0,0,0,3,0
36,27,0,0,2,0,0,0.0,0,57,3759,158056,0,6,0,0,0,3,0
58,16,0,0,2,0,0,0.0,0,549,7133,12,0,9,1,0,0,1,0
49,19,0,1,3,0,1,0.0,0,12,5407,457648,0,9,0,0,1,2,0
14,7,0,1,1,0,0,0.0,0,58,-1,141124,0,4,0,0,1,1,0
30,22,0,1,2,0,0,0.0,0,11,5208,828436,0,6,0,0,0,2,0
55,19,0,1,1,0,0,0.090909091,0,23,2619,840734,0,9,0,0,2,2,0
54,28,0,0,3,0,0,0.0,0,92,-1,1817866,0,10,0,1,0,1,0
34,26,0,1,3,0,0,0.0,0,39,-1,0,0,7,0,0,0,1,0
105,23,0,0,2,0,0,0.066666667,0,66,6304,876586,0,16,0,0,0,1,0
46,38,0,1,2,0,0,0.02173913,0,103,7128,8386524,1,9,0,0,1,2,1
66,23,0,0,2,1,0,0.03030303,0,255,7835,600,1,10,0,0,0,0,0
60,27,0,1,3,0,0,0.0,1,587,3245,0,1,10,0,0,2,2,1
24,16,0,1,3,0,0,0.0,0,24,-1,0,0,7,0,0,1,0,0
56,30,0,1,2,1,0,0.0,0,0,143,0,1,9,0,0,0,2,1
83,19,0,1,3,0,0,0.0,0,15,6944,2280470,0,11,0,0,1,2,0
34,25,0,0,2,0,1,0.0,0,78,2332,462435,0,6,0,0,0,2,0
39,32,0,1,2,0,1,0.0,0,161,7298,0,0,5,1,0,0,2,0
32,24,1,1,3,1,0,0.125,0,21,8093,3612,1,8,0,0,1,2,1
34,26,0,1,2,0,0,0.0,0,95,2303,654119,0,6,0,0,0,0,0
60,15,0,1,3,0,0,0.0,0,299,2751,6688,0,8,0,0,0,0,0
41,15,0,1,1,1,0,0.0,3,30,6342,0,1,8,0,0,0,2,1
77,23,1,1,1,0,0,0.246753247,0,30,5767,0,1,7,0,0,1,1,1
88,43,0,1,2,1,0,0.0,2,3,330,0,1,10,0,0,0,1,1
66,19,0,1,3,0,1,0.0,0,94,9047,3346,0,10,0,0,1,1,0
43,19,0,1,3,0,0,0.0,0,69,5166,121741,0,7,0,0,0,2,0
23,16,0,1,2,0,0,0.0,0,126,5071,1355602,0,5,0,0,0,1,0
52,15,0,1,1,0,0,0.0,0,32,2310,436286,0,8,0,0,1,0,0
24,15,0,0,2,0,0,0.0,0,62,1472,1294925,0,6,0,0,0,2,0
63,18,1,0,2,0,0,0.126984127,0,165,5223,136,0,10,0,0,0,2,0
34,25,0,0,2,0,0,0.0,0,24,2374,0,0,6,0,0,0,0,0
39,12,0,1,1,0,0,0.0,0,0,1975,0,1,8,0,0,0,2,1
131,54,1,1,3,1,0,0.1755725189999999,0,51,3993,5707171,1,20,0,1,0,2,1
40,22,0,1,3,0,0,0.0,0,15,5311,2070267,1,8,0,0,1,1,1
21,13,0,1,3,0,0,0.0,0,201,-1,109257,0,7,0,0,1,2,0
60,18,0,1,2,0,0,0.0,0,171,5062,323394,0,10,0,0,1,0,0
53,10,0,1,2,0,0,0.0,0,4,2139,309382,1,9,0,0,1,1,1
38,18,0,1,3,0,0,0.0,0,284,6672,482006,1,7,0,0,1,2,0
40,15,0,1,3,0,0,0.0,0,6,8922,309153,1,9,0,0,0,1,1
25,17,0,1,2,0,1,0.0,0,42,-1,499165,0,6,0,0,0,2,0
46,15,0,0,2,0,0,0.0,0,42,-1,218745,0,7,0,0,0,2,0
46,11,0,1,1,0,0,0.0,2,0,2310,0,1,9,0,0,0,2,1
33,25,0,1,2,0,0,0.0,0,50,3153,9482009,0,6,0,0,0,1,0
314,14,1,0,3,0,0,0.031847134,5,0,8347,1,1,53,1,1,0,0,1
42,13,0,1,3,0,0,0.0,1,30,1497,3512368,1,10,0,0,0,2,1
35,12,1,1,3,0,0,0.257142857,1,7,-1,0,1,9,0,1,0,1,1
57,39,1,1,3,0,1,0.350877193,2,22,5615,0,1,9,0,0,0,2,1
107,17,0,1,3,1,0,0.0,4,6,4609,0,1,21,0,0,0,1,1
40,17,0,1,3,0,0,0.0,0,178,8145,12421,0,9,0,0,1,0,0
34,25,0,0,2,0,1,0.0,0,142,3704,0,0,6,0,0,0,2,0
32,23,0,0,3,0,0,0.0,0,22,8220,970759,0,7,0,0,0,1,0
41,16,0,1,3,0,0,0.0,0,262,7196,2202,0,8,0,0,1,1,0
28,19,0,0,2,1,0,0.0,0,32,975,0,0,7,0,0,0,2,0
70,37,0,1,3,1,0,0.0,2,4,1841,399894,1,10,0,0,1,1,1
57,16,0,0,2,0,0,0.0,0,372,7130,12,0,9,1,0,0,1,0
212,25,0,0,2,0,0,0.325471698,0,63,2587,23325,1,61,0,0,0,2,1
53,45,0,1,3,0,1,0.094339623,0,22,5627,0,1,11,0,0,0,2,1
27,15,0,1,2,0,0,0.0,0,26,-1,4090060,0,7,0,0,1,1,0
41,33,0,1,2,0,1,0.0,0,100,7296,0,0,6,1,0,0,1,0
75,39,0,1,3,1,0,0.08,0,3,11,0,1,12,0,0,1,1,1
29,21,0,1,2,0,1,0.206896552,1,13,6170,567796,1,6,0,0,1,0,1
70,29,0,1,1,0,0,0.0,0,14,265,0,1,10,0,0,0,0,1
38,31,0,1,2,0,1,0.0,1,14,7295,0,1,5,1,0,1,1,1
21,13,0,1,2,0,0,0.0,0,82,3036,525784,0,6,0,0,0,1,0
22,14,0,1,2,0,0,0.0,0,451,4789,596396,0,6,0,0,0,1,0
64,21,0,1,2,0,0,0.0,1,140,6245,25149,1,11,0,0,2,2,0
96,18,0,0,3,0,1,0.104166667,0,38,193,0,0,11,0,0,0,1,1
35,15,0,0,3,0,0,0.0,0,43,-1,0,0,7,0,0,0,2,0
66,47,0,1,3,0,0,0.0,0,0,834,2151511,1,10,1,0,0,2,1
27,15,0,0,2,0,0,0.0,0,161,-1,494382,0,7,0,1,1,0,0
26,17,0,0,2,0,0,0.0,0,8,6150,22700,0,6,0,0,0,2,0
33,26,0,1,2,0,1,0.03030303,0,14,7295,0,1,5,1,0,1,1,1
27,15,0,1,2,0,0,0.074074074,0,0,6061,0,1,7,0,0,0,2,1
50,22,0,1,3,0,0,0.0,0,82,6558,0,0,9,0,0,0,1,1
21,6,0,0,1,0,0,0.047619048,0,145,2352,2353032,1,5,0,0,1,1,1
54,17,0,1,2,0,0,0.055555556,0,29,477,0,0,11,0,0,0,1,1
36,13,0,1,1,0,0,0.138888889,1,0,774,0,1,7,0,0,0,1,1
21,12,0,0,1,1,0,0.0,0,104,44,3169370,0,6,0,0,0,1,0
128,50,1,0,3,1,0,0.140625,0,51,3993,5707171,1,19,0,1,0,2,1
21,14,0,1,2,0,0,0.238095238,0,8,5859,52365,0,5,0,0,1,1,0
27,20,0,1,1,0,0,0.0,0,51,2864,0,0,4,0,0,0,2,0
25,17,0,1,2,0,0,0.0,0,19,8104,412763,0,6,0,0,0,0,0
46,25,0,1,3,0,0,0.130434783,0,53,1546,4669,1,7,0,0,0,2,1
23,16,0,1,1,0,0,0.0,0,55,-1,1144129,0,4,0,0,2,2,0
51,10,0,1,2,0,0,0.0,0,68,-1,14117,1,11,0,0,1,2,0
42,17,0,0,2,0,0,0.0,0,19,8346,1,0,9,1,0,1,1,0
67,39,0,1,3,0,1,0.059701493,0,22,5616,0,1,11,0,0,0,2,1
44,20,0,1,2,0,1,0.0,3,19,685,0,1,8,0,0,0,1,1
96,20,1,1,3,0,0,0.28125,0,0,-1,90238,1,9,0,1,0,2,1
32,17,0,1,1,0,0,0.0,0,13,626,0,0,7,0,0,0,1,1
44,22,0,1,2,0,0,0.0,0,195,7586,982,0,7,0,0,1,2,0
30,22,0,0,2,0,1,0.066666667,0,10,7295,0,1,5,1,0,0,1,1
43,14,0,1,3,0,0,0.139534884,0,159,7160,2336,1,9,0,0,2,1,0
41,33,0,1,2,1,0,0.073170732,0,11,1535,4641,1,7,0,0,0,1,1
45,8,0,1,3,1,0,0.0,1,0,-1,2643194,1,10,0,0,0,1,1
77,23,1,1,1,0,0,0.285714286,0,30,5767,0,1,7,0,0,1,1,1
27,18,0,0,3,0,0,0.0,0,59,8165,6420236,0,7,0,0,0,0,0
24,16,0,1,2,0,0,0.0,0,81,8493,434529,0,6,0,0,0,1,0
119,11,1,1,3,0,0,0.159663866,0,259,3826,0,1,18,0,0,1,1,1
36,29,0,1,2,0,1,0.0,0,39,7298,0,0,5,1,0,0,1,0
25,17,0,1,2,0,0,0.0,0,350,7400,13297,0,6,0,0,1,0,0
42,29,0,0,2,0,0,0.0,0,60,5160,0,0,9,1,0,0,1,0
36,27,0,0,2,0,0,0.0,0,162,-1,972151,0,6,0,0,0,1,0
29,11,0,0,3,0,0,0.0,0,36,9984,219920,1,7,0,0,0,0,0
62,11,0,1,2,0,0,0.0,0,26,7282,2527650,0,16,0,0,2,2,1
36,21,0,1,3,0,1,0.0,0,90,9103,628316,0,8,0,0,0,2,0
75,14,1,1,3,0,0,0.146666667,1,0,-1,0,1,13,0,1,0,2,1
33,25,0,1,2,0,0,0.060606061,0,30,5789,19754,1,6,0,0,0,2,1
31,18,0,1,2,0,0,0.0,0,0,3555,0,0,7,0,0,0,0,0
67,14,1,1,2,0,0,0.268656716,0,48,-1,0,1,9,0,0,0,2,1
140,32,0,0,2,1,1,0.028571429,0,26,8018,0,1,20,0,0,1,1,1
128,50,1,0,3,1,0,0.203125,0,51,3993,5707171,1,19,0,1,0,2,1
72,23,0,0,2,1,0,0.0,0,120,6986,11508,0,13,0,0,0,2,0
98,11,1,1,1,0,1,0.12244898,0,92,217,0,1,6,0,0,1,1,1
84,20,1,0,3,0,0,0.083333333,0,0,959,37229,1,15,0,0,0,1,1
20,11,0,0,2,0,0,0.0,0,27,-1,2742425,0,6,0,0,0,0,0
49,17,0,1,3,0,0,0.0,0,180,8145,12421,0,9,0,0,1,0,0
24,17,0,1,2,0,0,0.0,0,34,3374,0,1,5,0,0,1,2,1
22,14,0,1,2,0,0,0.090909091,0,60,5066,448940,0,6,0,0,0,1,0
63,26,0,1,2,1,0,0.047619048,3,37,2048,0,1,9,0,0,0,2,1
28,20,0,1,2,0,1,0.0,0,104,7296,0,0,6,1,0,0,2,0
54,12,0,0,2,0,0,0.037037037,0,102,5117,39877,0,11,0,0,0,1,0
35,18,0,0,2,0,0,0.0,0,1,6860,8832,0,6,0,0,0,2,0
56,19,0,0,2,0,1,0.107142857,0,197,7562,1696,1,9,0,0,1,0,0
73,10,0,0,2,0,0,0.0,1,163,-1,533432,0,14,0,1,0,2,1
20,11,0,0,2,0,0,0.0,0,123,-1,0,0,6,0,0,0,1,0
63,23,0,1,1,1,0,0.0,2,11,2199,0,1,10,0,0,2,2,1
16,9,0,1,2,0,0,0.0,0,309,-1,2261956,0,5,0,1,0,0,0
26,18,0,1,2,0,0,0.0,0,11,94,0,0,6,0,0,1,0,0
39,18,0,0,3,0,0,0.0,0,491,7130,12,1,8,1,0,0,0,0
42,17,0,1,3,0,0,0.0,0,42,8264,0,1,8,0,0,0,2,0
33,24,0,0,2,0,0,0.0,0,76,3873,409632,0,6,0,0,0,1,0
34,13,0,1,3,0,0,0.0,0,21,5576,127665,0,7,0,0,0,2,0
70,14,0,1,2,0,0,0.0,0,2,-1,0,1,10,0,0,2,1,0
80,34,0,0,3,0,0,0.125,0,0,7448,385,0,12,1,0,0,3,0
64,35,1,0,3,0,1,0.21875,0,21,5627,0,1,11,0,0,0,2,1
30,22,0,1,2,0,0,0.0,0,39,4283,2053110,0,6,0,0,0,1,0
126,50,1,0,3,1,0,0.182539683,0,51,3992,5707171,1,19,0,1,0,2,1
98,11,0,1,1,0,1,0.112244898,1,92,217,0,1,6,0,0,1,1,1
61,12,0,1,1,0,0,0.0,0,81,3461,205761,0,10,0,0,1,1,0
69,30,0,0,2,0,1,0.057971014,0,21,7296,0,1,9,1,0,0,1,1
75,15,0,0,3,1,0,0.08,0,99,7912,12440,1,13,0,0,2,1,0
77,12,0,1,1,0,0,0.1558441559999999,0,159,5484,1338,0,16,0,0,1,1,0
68,29,0,1,3,1,0,0.014705882,0,217,4621,4864847,0,11,0,0,1,2,0
25,17,0,0,2,0,0,0.0,0,0,560,0,1,6,0,0,0,1,1
86,14,0,0,1,0,0,0.093023256,0,29,5522,1512,0,20,0,0,0,0,0
85,15,1,1,3,0,1,0.258823529,1,52,2113,0,1,10,1,1,2,2,1
50,17,0,1,3,0,0,0.06,0,0,-1,0,1,8,0,0,0,1,1
76,50,1,1,3,1,0,0.118421053,0,51,3993,5707171,1,10,0,1,1,2,1
31,24,0,1,2,0,1,0.064516129,0,14,7295,0,1,5,1,0,1,1,1
81,49,1,0,3,0,1,0.209876543,0,18,5627,0,1,14,0,1,0,1,1
45,22,0,0,3,0,1,0.022222222,0,26,17,0,1,9,0,0,0,2,1
70,16,0,1,3,0,0,0.071428571,0,11,5136,47077,1,13,0,0,1,2,1
17,6,0,1,1,0,0,0.117647059,0,16,-1,2301881,1,5,0,0,0,0,1
43,29,0,1,2,0,0,0.0,1,121,-1,328722,0,7,0,0,1,2,0
59,20,0,0,3,0,0,0.0,1,16,3480,0,1,11,0,0,0,1,0
37,17,0,1,1,1,0,0.0,2,410,1744,0,0,7,0,0,1,1,1
89,20,0,1,3,1,0,0.08988764,0,0,8759,12435,0,16,0,0,0,3,0
32,24,0,1,2,0,0,0.0,0,103,7327,3007593,1,6,0,0,1,2,1
99,16,0,0,2,1,0,0.0,0,43,1064,10419771,1,15,0,0,0,2,1
32,14,0,1,1,0,0,0.0,0,54,2452,364581,0,5,0,0,1,1,0
22,6,0,0,1,0,1,0.045454545,0,7,-1,3507,1,5,0,0,1,1,1
32,15,0,0,2,0,0,0.03125,0,55,5638,2,0,7,1,0,0,1,0
37,29,0,1,2,0,0,0.027027027,1,7,3927,2274330,0,6,0,0,0,1,1
46,20,0,1,3,0,0,0.043478261,1,4,-1,0,1,10,0,0,1,1,1
52,18,0,1,2,0,0,0.115384615,0,0,5301,0,1,12,0,0,0,2,1
54,14,0,1,3,0,0,0.111111111,0,0,5985,269852,0,12,0,0,1,3,0
72,20,1,1,2,0,0,0.291666667,0,10,175,0,1,12,0,1,1,0,0
40,12,0,1,2,0,0,0.0,2,0,1943,0,1,8,0,0,0,2,1
125,38,0,0,2,1,0,0.0,4,0,322,126941,1,11,0,0,0,2,1
23,14,0,0,2,0,0,0.0,0,55,1986,200581,0,6,0,0,0,0,0
135,25,1,1,3,1,0,0.177777778,3,10,531,0,1,24,0,0,1,0,1
43,13,0,0,2,0,0,0.0,0,17,7420,285,1,9,0,0,1,0,0
55,26,0,1,2,0,0,0.0,0,73,2345,237648,1,8,0,0,0,0,0
140,26,1,1,3,0,0,0.257142857,0,29,1113,0,1,27,0,0,0,1,1
42,19,0,1,3,0,0,0.119047619,0,81,7052,1720,0,8,0,0,1,2,0
29,20,0,0,2,0,1,0.0,0,74,4880,739559,0,6,0,0,0,0,0
77,15,0,0,3,0,0,0.1558441559999999,0,98,11554,609,1,15,1,0,0,1,0
28,19,0,0,2,0,0,0.0,0,81,1890,25136,0,6,0,0,0,2,0
46,24,0,1,2,0,0,0.043478261,1,0,3756,0,1,7,0,0,0,2,1
27,18,0,0,2,0,0,0.074074074,0,31,2208,802734,0,6,0,0,0,0,0
42,11,0,1,2,1,0,0.0,2,135,5138,0,1,9,0,0,2,2,1
44,13,0,0,2,0,0,0.0,0,191,8152,132,0,8,0,0,0,1,0
47,18,0,0,2,1,0,0.0,0,54,8520,8,1,8,1,1,0,2,0
44,35,1,0,3,0,1,0.113636364,0,22,5616,0,0,8,0,0,0,2,1
29,21,0,1,2,0,0,0.0,0,23,6062,3210107,0,6,0,0,0,1,0
35,16,0,0,2,0,0,0.0,0,151,8516,8,0,6,1,0,0,0,0
46,38,0,1,2,0,0,0.065217391,0,31,1546,4669,1,6,0,0,0,2,1
50,9,0,1,2,0,0,0.0,0,0,-1,0,1,11,0,0,0,2,1
72,21,0,1,1,1,0,0.0,3,0,4398,0,1,12,0,0,0,2,1
18,11,0,1,2,0,0,0.0,0,174,-1,0,0,5,0,0,1,2,0
44,23,0,1,3,0,0,0.022727273,0,164,4040,9784585,1,9,0,0,0,1,1
50,42,0,1,2,0,0,0.08,2,0,1581,6331231,1,6,0,0,1,2,1
79,27,0,1,2,0,0,0.0,0,97,5041,112884,0,11,0,0,1,2,0
145,36,1,0,2,1,1,0.110344828,0,26,8019,0,1,20,0,1,1,1,1
112,25,1,0,2,1,0,0.0625,1,100,5111,7362,0,21,0,0,0,0,0
48,13,0,1,3,0,0,0.0,0,46,1302,0,1,8,0,1,1,2,1
57,40,0,1,3,0,1,0.0,0,22,5627,0,1,11,0,0,0,2,1
21,12,0,0,2,0,0,0.0,0,452,-1,282482,0,6,1,0,0,0,0
62,11,0,1,3,1,0,0.048387097,0,0,-1,173291,1,14,0,0,1,3,0
58,30,0,0,2,1,0,0.051724138,3,85,-1,641733,1,9,0,1,1,1,1
99,20,1,1,3,0,0,0.323232323,0,2,6663,53189,1,15,0,0,1,1,0
77,26,0,1,3,0,0,0.0,0,7,-1,0,1,10,0,0,0,2,1
54,18,1,0,3,1,1,0.111111111,0,36,10674,23,1,10,1,0,1,0,0
24,15,0,0,2,0,0,0.0,0,154,2177,4711881,0,6,0,0,0,0,0
37,16,0,1,3,0,0,0.027027027,0,30,302,0,1,9,0,0,3,1,1
27,18,0,0,2,0,0,0.0,0,176,7505,1324178,0,6,0,0,0,0,0
127,50,1,0,3,1,0,0.125984252,0,51,3992,5697976,1,18,0,1,1,2,1
119,42,1,0,3,0,0,0.067226891,0,51,3993,5707171,1,17,0,1,1,2,1
35,22,0,0,2,0,0,0.0,0,5,5160,0,0,9,1,0,1,0,0
396,68,1,1,3,0,0,0.186868687,4,1,2961,277981,1,75,0,1,1,1,1
114,37,1,0,3,1,0,0.201754386,1,4,724,23941,1,18,0,1,1,1,1
41,28,0,0,2,0,0,0.0,0,10,5160,0,1,9,1,0,0,1,0
72,15,0,0,3,0,1,0.0,0,43,7339,48563,0,11,0,0,0,1,0
79,21,0,0,3,0,0,0.050632911,0,41,3040,520131,0,14,0,0,0,1,0
51,17,0,0,3,0,0,0.0,0,0,7729,0,1,10,0,0,0,2,1
159,17,1,1,3,0,0,0.339622642,1,31,-1,0,1,19,0,0,0,2,1
31,14,0,1,3,0,0,0.0,0,0,-1,0,1,7,0,0,0,2,1
33,24,0,0,3,0,0,0.0,0,31,-1,0,0,7,0,0,0,2,0
18,7,0,1,1,0,0,0.0,0,0,3620,0,1,6,0,0,1,2,1
22,13,0,0,3,0,0,0.0,0,67,-1,570549,0,7,0,0,0,2,0
25,16,0,0,2,0,0,0.12,0,17,3241,1730088,0,6,0,0,0,1,0
45,36,0,0,2,0,0,0.0,0,84,2364,5220539,0,6,0,0,0,1,0
44,21,0,1,2,0,0,0.045454545,0,188,6904,11691,1,8,0,0,1,2,0
19,11,0,1,2,0,0,0.1578947369999999,0,45,-1,0,1,6,0,0,0,2,1
23,14,0,0,2,0,0,0.0,0,79,-1,1342598,0,6,0,0,0,0,0
44,25,0,0,3,0,0,0.181818182,0,8,1338,22211,1,7,0,1,0,0,1
51,43,0,1,2,0,1,0.0,0,37,7634,54115,1,6,0,0,0,1,1
46,31,0,1,2,1,0,0.0,0,116,2130,17451,1,8,0,0,1,2,0
32,16,0,0,2,0,0,0.0,0,53,8519,8,0,6,1,0,0,2,0
38,31,0,1,2,0,1,0.0,0,14,7295,0,1,5,1,0,1,1,1
78,18,0,0,2,0,0,0.0,1,36,4209,4303407,0,11,0,0,0,2,0
26,13,0,1,1,0,0,0.0,1,0,2188,0,1,5,0,0,3,2,1
35,26,0,0,2,0,0,0.0,0,62,-1,858992,0,6,0,0,0,2,0
51,18,0,1,2,0,0,0.0,0,108,6038,87821,0,9,0,0,0,1,0
28,21,0,1,2,0,0,0.0,0,23,6510,0,0,5,0,0,0,1,0
52,35,0,1,3,0,0,0.096153846,1,33,1546,4669,1,10,0,0,0,2,1
40,26,0,1,2,1,0,0.025,0,135,2348,250649,1,8,0,0,1,0,0
40,14,0,1,2,0,0,0.0,0,1,6598,0,1,9,0,0,0,2,0
49,23,0,1,2,0,0,0.0,0,4,5643,0,1,9,0,0,1,1,1
115,14,1,0,2,0,0,0.217391304,1,4,-1,6211376,1,11,0,0,1,1,1
55,16,1,1,3,0,0,0.254545455,0,0,5228,5819959,0,13,0,0,0,3,0
37,28,0,0,2,0,0,0.0,0,13,85,7809609,0,6,0,0,1,0,0
25,18,0,1,2,0,0,0.0,0,56,5904,0,0,5,0,0,0,2,0
48,11,0,1,2,0,0,0.0,0,271,3841,170987,0,8,0,0,1,0,0
42,16,0,0,2,0,0,0.0,0,53,8520,8,0,6,1,0,0,2,0
27,19,0,1,2,0,0,0.0,0,110,50,7782791,0,6,0,0,0,2,0
48,19,0,1,2,0,0,0.020833333,0,0,534,7375648,1,9,0,0,0,2,1
32,24,0,1,2,0,1,0.0,0,57,7299,33345,0,6,1,0,0,2,0
39,30,0,0,2,1,0,0.0,1,47,-1,77586,1,7,0,0,0,1,1
33,16,0,0,2,0,0,0.090909091,0,275,5551,109866,0,6,0,0,0,1,0
28,21,0,1,2,0,0,0.0,0,14,5160,0,1,5,1,0,1,1,0
83,19,0,0,1,1,0,0.048192771,1,121,687,0,1,12,0,0,0,2,1
51,21,0,1,2,0,0,0.098039216,0,211,5509,1290,1,8,0,0,2,1,0
58,18,0,1,3,0,1,0.0,0,259,6697,774224,0,10,0,0,1,1,0
112,16,0,1,3,1,0,0.035714286,0,0,5182,2693631,0,20,0,0,0,3,0
35,27,0,0,2,0,0,0.0,0,5,2838,0,1,6,0,0,0,3,1
62,22,0,1,3,0,0,0.0,0,83,7754,48945,0,10,0,0,1,1,0
101,21,0,1,3,1,0,0.0,4,6,4609,0,1,16,0,0,0,1,1
57,21,0,0,2,0,0,0.0,0,704,6337,291,0,9,0,0,0,0,0
64,17,0,0,3,0,0,0.0,1,11,4943,0,1,13,0,0,1,2,1
71,19,0,0,3,0,0,0.0,0,111,-1,1316,1,11,0,0,1,1,0
45,25,0,1,2,0,0,0.0,0,212,6259,682,0,6,0,0,1,2,0
22,13,0,0,2,0,0,0.0,0,326,-1,264503,0,6,0,0,0,1,0
210,21,0,0,3,0,0,0.028571429,1,98,6206,1510312,1,41,0,1,1,1,1
56,14,1,1,3,0,0,0.196428571,2,92,-1,0,1,10,0,1,4,1,1
206,12,1,1,3,1,0,0.3495145629999999,3,25,2018,7405079,1,18,0,0,2,1,1
20,13,0,1,2,0,0,0.0,0,0,-1,182725,0,5,0,0,0,2,0
25,17,0,1,3,0,0,0.0,0,23,2346,924427,0,7,0,0,0,0,0
49,18,0,1,2,0,0,0.0,0,94,9200,685,0,8,0,0,1,0,0
41,14,0,1,1,0,0,0.024390244,0,9,279,0,0,7,0,0,0,0,0
70,49,1,0,3,0,1,0.242857143,0,0,5626,0,1,12,0,1,0,2,1
125,20,0,1,2,0,0,0.0,0,165,8217,8686,0,17,0,0,1,0,0
30,15,0,0,2,0,0,0.0,0,0,2975,0,1,7,0,0,1,2,1
68,28,1,1,3,0,0,0.323529412,1,28,2204,598345,1,12,0,0,0,2,1
26,19,0,1,2,0,0,0.0,0,92,6515,68739,0,5,0,0,1,2,0
22,13,0,0,2,0,0,0.0,0,39,7535,1269923,0,6,0,0,0,0,0
74,20,0,1,3,0,0,0.013513514,1,7,395,0,1,12,0,1,0,1,1
51,33,0,0,3,0,1,0.0,0,83,5613,0,1,9,0,0,0,2,1
47,11,0,0,1,0,0,0.042553191,0,448,4255,213286,1,9,0,0,0,2,0
51,26,0,1,2,0,0,0.0,1,142,7417,0,1,8,0,0,0,2,1
35,27,0,0,2,0,0,0.114285714,0,24,6381,0,1,5,1,0,1,1,1
50,42,0,1,2,0,0,0.0,0,237,-1,3986413,0,6,0,0,0,3,0
84,15,1,0,3,0,0,0.25,0,0,10158,516692,1,15,0,0,0,2,0
50,24,0,1,3,0,0,0.0,0,14,-1,294804,0,9,0,0,0,0,0
49,18,0,0,3,0,0,0.0,0,201,6714,10628,0,9,0,0,0,2,0
132,16,1,0,3,0,0,0.022727273,0,9,7765,32,0,10,0,0,0,1,1
126,61,1,1,3,0,0,0.341269841,0,51,1656,2576752,1,15,0,0,0,1,1
44,18,0,0,2,0,0,0.0,0,1,5095,11056,0,7,0,1,0,2,0
50,22,0,1,2,0,0,0.0,0,67,8571,22192,0,8,0,0,1,2,0
30,22,0,1,2,0,1,0.0,0,115,7296,0,0,6,1,0,0,2,0
31,23,0,1,2,0,0,0.0,0,20,1759,983336,0,6,0,0,0,1,0
34,22,0,1,2,0,0,0.0,0,229,7586,988,0,6,0,0,1,2,0
42,13,0,1,2,0,1,0.0,2,20,684,0,1,8,0,0,0,2,1
95,56,0,1,3,1,0,0.010526316,0,0,-1,0,1,13,1,0,0,2,1
39,22,0,1,3,0,0,0.025641026,0,0,570,0,1,8,0,0,1,2,1
19,10,0,0,1,0,0,0.0,0,112,-1,1583366,0,5,0,0,0,1,0
59,28,0,1,2,0,1,0.0,0,83,7617,2187,0,8,0,1,1,1,0
45,27,0,0,3,0,1,0.022222222,0,21,5616,0,1,9,0,0,0,2,1
63,21,0,1,2,0,0,0.031746032,0,34,4926,0,1,10,0,0,1,2,1
501,25,0,1,2,0,0,0.143712575,0,21,985,4473276,0,26,0,1,0,2,1
61,20,0,1,3,1,0,0.131147541,1,0,-1,0,1,13,0,0,0,2,1
94,11,1,1,3,0,0,0.29787234,0,0,9098,5745,1,17,0,0,1,3,0
38,11,0,0,3,0,0,0.0,0,117,-1,0,0,9,0,0,0,2,0
29,22,0,1,2,0,0,0.0,0,32,3486,0,0,5,0,0,2,1,0
75,31,1,1,3,1,0,0.226666667,0,31,1628,3025118,1,13,0,0,0,2,1
49,41,0,1,2,0,0,0.0,0,25,4284,0,1,6,0,0,2,1,0
44,35,0,0,2,0,1,0.0,0,6,7299,0,0,6,1,0,4,2,0
45,18,0,1,2,0,0,0.0,0,105,9204,688,0,7,0,0,1,0,0
35,13,0,1,3,0,0,0.0,0,10,5572,122785,0,7,0,0,0,2,0
57,17,0,1,2,0,0,0.140350877,0,12,4170,3316475,0,13,0,0,0,0,0
85,12,0,0,3,0,0,0.0,1,0,9085,399658,1,15,0,0,0,3,0
194,19,0,1,3,1,0,0.097938144,4,19,3333,0,1,37,0,1,0,1,1
40,31,0,0,2,0,0,0.0,0,1,7083,17964,1,8,0,0,0,2,1
63,24,0,0,2,0,0,0.0,0,72,5249,107075,0,10,0,0,0,2,0
75,8,0,1,2,1,0,0.0,3,0,5927,0,1,13,0,0,1,1,1
27,15,0,1,2,0,0,0.0,0,0,-1,0,1,7,0,0,0,2,1
59,16,0,0,2,0,0,0.0,0,495,7133,12,0,9,1,0,0,1,0
74,18,0,1,2,0,0,0.0,0,6,-1,0,1,11,0,0,0,1,1
27,18,0,0,2,0,0,0.0,0,199,-1,567830,0,6,0,0,0,1,0
47,14,0,0,3,0,0,0.0,1,0,5055,0,1,8,0,0,0,2,1
70,16,0,0,2,1,0,0.1,1,10,8348,1,1,10,1,0,0,0,1
132,16,1,0,3,0,0,0.045454545,0,9,7764,32,0,11,0,0,0,1,1
32,23,0,0,2,0,0,0.0,0,432,5347,0,0,6,0,0,1,1,0
21,6,0,1,1,0,1,0.142857143,0,11,-1,3523,1,5,0,0,2,1,1
54,24,0,1,2,1,1,0.037037037,0,280,7122,33428,1,11,0,1,0,2,0
146,24,0,1,3,0,1,0.130136986,0,21,5616,0,1,14,0,0,0,2,1
37,29,0,1,2,0,0,0.162162162,0,27,4484,262,1,6,0,0,0,1,1
26,17,0,0,2,0,0,0.0,0,155,2600,0,0,6,0,0,1,0,0
98,19,1,1,2,1,0,0.255102041,2,9,3078,0,1,12,0,0,1,1,1
28,19,0,0,2,0,0,0.0,0,28,-1,152850,0,6,0,0,0,1,0
22,13,0,0,2,0,0,0.0,0,131,2575,29000,0,6,0,0,0,2,0
24,16,0,1,2,0,0,0.0,0,79,2131,2019323,0,6,0,0,1,1,0
23,16,0,1,2,0,0,0.0,0,15,5852,76924,1,5,0,0,0,1,1
34,25,0,0,2,1,0,0.0,0,140,-1,1316824,0,7,0,0,1,2,0
28,20,0,1,2,0,0,0.0,0,336,2442,691147,0,6,0,0,1,2,0
32,23,0,0,2,0,1,0.0,0,30,-1,5082757,0,6,0,0,0,2,0
78,15,0,1,3,1,0,0.0,1,4,2996,0,1,14,0,0,1,1,1
51,15,0,1,3,0,0,0.0,1,58,1144,0,1,10,0,1,0,2,1
39,18,0,0,2,1,0,0.0,0,119,8516,8,1,7,1,0,0,1,0
47,39,0,1,2,0,1,0.0,0,115,7299,0,0,6,1,0,0,2,0
102,24,0,1,2,1,0,0.0,0,39,6301,1416073,0,16,0,0,0,2,0
33,22,0,1,1,0,0,0.0,0,0,2306,0,1,6,0,0,0,2,1
147,22,1,0,3,0,0,0.496598639,0,0,7766,32,0,9,0,0,1,2,1
252,150,1,1,3,0,0,0.273809524,2,0,1323,0,1,26,1,1,0,2,1
104,13,0,1,3,0,0,0.076923077,0,55,9286,2093,1,20,0,0,1,2,0
46,16,0,0,2,0,0,0.0,0,663,7130,12,0,8,1,0,0,1,0
37,22,0,1,2,0,0,0.0,0,223,7586,982,0,6,0,0,1,2,0
87,31,0,0,3,0,0,0.114942529,0,0,7449,385,0,14,1,0,0,3,0
29,16,0,1,3,0,0,0.0,0,292,4577,15595,0,8,0,0,1,2,0
58,15,0,1,2,0,0,0.0,0,268,5883,181,0,11,0,0,1,1,0
34,25,0,0,2,0,0,0.0,0,132,7451,6629429,0,6,0,0,0,2,0
27,19,0,1,1,0,0,0.0,0,19,3925,0,0,5,0,0,1,1,1
32,25,0,1,2,0,1,0.03125,0,14,7295,0,1,5,1,0,1,1,1
47,15,0,1,2,0,0,0.042553191,0,44,5069,67757,0,10,0,0,1,0,0
68,42,1,1,3,0,0,0.147058824,0,4,4003,5816617,1,9,0,1,1,1,1
21,12,0,0,1,0,0,0.0,0,27,5,0,1,5,0,0,1,2,1
183,37,1,0,2,0,0,0.224043716,0,7,216,0,1,28,0,1,0,1,1
72,19,0,1,3,0,0,0.0,0,5,2695,0,1,13,0,0,0,1,1
41,32,0,0,2,0,1,0.0,0,12,7295,0,1,6,1,0,0,1,1
35,27,0,1,2,0,0,0.0,0,392,3360,9585,0,6,0,0,1,2,0
114,15,0,0,2,1,0,0.043859649,1,28,8347,1,1,16,1,0,0,2,1
48,22,0,1,3,0,0,0.0,0,66,5970,136512,0,8,0,0,0,3,0
188,11,1,1,1,0,0,0.260638298,0,28,1492,0,1,30,0,0,1,2,1
27,19,0,1,2,0,0,0.0,0,21,-1,242534,0,6,0,0,1,2,0
69,42,1,0,3,0,0,0.144927536,0,51,3993,5707171,1,9,0,1,1,2,1
61,23,0,1,3,0,0,0.032786885,0,302,6856,663,0,11,0,0,1,2,0
46,38,0,1,3,0,0,0.065217391,0,29,88,9498326,1,9,0,1,1,2,1
28,19,0,0,2,0,1,0.0,0,168,7296,1483977,0,6,1,0,0,1,0
34,11,0,0,1,0,0,0.0,0,25,7488,63,0,5,1,0,0,2,0
55,26,0,0,3,0,1,0.072727273,0,21,5615,0,1,9,0,0,0,2,1
28,14,0,1,2,0,0,0.0,0,0,-1,0,1,7,0,0,0,2,1
50,24,0,0,3,0,0,0.0,0,95,3515,10338,0,7,0,0,0,1,0
71,12,1,1,3,0,0,0.169014085,0,0,3386,0,1,13,0,0,0,2,1
147,23,0,0,3,1,0,0.013605442,1,13,-1,0,1,21,1,1,0,2,1
89,13,0,1,3,0,0,0.06741573,0,113,12125,1000,0,18,0,0,1,0,0
49,10,0,1,1,0,0,0.12244898,0,75,8852,3960,1,10,0,0,2,1,0
57,19,0,1,1,0,0,0.105263158,0,0,5375,0,1,10,0,0,0,2,1
46,16,0,1,3,0,0,0.0,0,0,-1,0,1,8,0,0,0,2,1
44,12,0,0,3,0,0,0.0,0,11,-1,0,1,10,0,0,0,1,1
36,23,0,1,2,0,0,0.0,0,0,4322,0,1,6,0,0,0,2,1
62,24,0,1,3,0,0,0.064516129,0,37,5116,0,1,11,0,0,0,2,0
24,15,0,0,2,0,0,0.0,0,6,6679,515929,0,6,0,0,0,0,0
77,12,1,1,2,0,0,0.233766234,0,122,1710,0,1,9,0,0,2,2,1
42,16,0,0,2,0,0,0.0,2,1,8348,1,1,8,1,0,2,0,1
39,22,0,1,2,0,0,0.0,1,0,343,0,1,8,0,0,0,2,1
92,21,0,1,2,1,0,0.065217391,0,163,9075,15117,0,16,0,1,1,0,0
32,25,0,1,2,0,1,0.0,0,101,7296,589799,0,6,1,0,0,2,0
83,17,1,1,3,0,0,0.240963855,0,4,-1,0,1,10,0,0,1,1,1
47,23,1,1,3,0,0,0.212765957,0,0,5984,17696,1,10,0,0,0,2,1
18,9,0,0,1,0,0,0.0,0,94,-1,0,0,5,0,0,0,1,0
69,15,0,0,2,0,0,0.0,0,189,1137,994161,0,12,0,0,1,1,0
29,21,0,1,2,1,0,0.0,0,107,-1,0,0,7,0,0,1,2,0
125,50,1,0,3,1,0,0.192,0,51,3993,5707171,1,18,0,1,1,2,1
31,22,0,0,2,0,1,0.0,0,46,-1,2274178,0,6,0,0,0,2,0
31,14,0,1,2,0,0,0.032258065,0,0,165,0,1,7,0,0,0,2,1
22,13,0,0,2,0,0,0.0,0,144,4044,2572445,0,6,0,0,0,0,0
22,13,0,0,2,0,0,0.0,0,183,-1,865154,0,6,0,0,0,0,0
53,35,0,0,2,0,0,0.0,0,20,6382,0,1,10,1,0,1,2,1
56,16,0,1,1,0,0,0.107142857,0,0,-1,0,1,11,0,0,0,2,1
138,19,0,1,3,0,0,0.065217391,0,73,906,0,0,10,0,0,1,0,1
24,15,0,0,2,0,0,0.0,0,4,4540,740545,0,6,0,0,0,0,0
69,27,1,1,3,0,0,0.101449275,0,112,7417,2697,0,11,0,0,1,1,0
68,17,0,0,2,0,1,0.0,0,157,5729,3768,0,12,0,0,0,1,0
16,9,0,1,2,0,0,0.0,0,45,-1,33693,0,5,0,0,0,0,0
29,20,0,0,2,0,0,0.0,0,29,-2,366228,0,6,0,0,0,1,0
26,18,0,1,2,0,0,0.038461538,1,48,1232,123825,1,6,0,0,1,1,1
37,23,0,1,1,1,0,0.0,0,0,3934,0,1,7,0,0,1,1,1
23,14,0,0,2,0,0,0.0,0,40,5737,315377,0,6,0,0,0,1,0
79,13,1,0,3,1,0,0.126582278,4,4,2618,0,1,15,0,0,1,1,1
97,17,1,1,3,0,0,0.18556701,3,83,-1,0,1,12,0,0,0,1,1
33,25,0,1,1,0,0,0.0,0,8,394,0,1,5,0,0,0,1,1
59,15,0,0,1,0,0,0.0,0,85,8970,39063,0,8,0,1,0,1,0
53,15,0,1,3,0,0,0.0,1,9,5514,22533,0,10,0,0,0,0,0
44,16,0,0,2,0,0,0.0,0,328,7133,12,0,8,1,0,0,1,0
120,39,1,0,3,1,0,0.175,1,3,725,23941,1,19,1,1,1,1,1
425,13,1,1,3,0,0,0.04,3,21,-1,0,1,97,1,1,2,2,1
120,42,1,0,3,0,0,0.158333333,0,51,3993,5707171,1,18,0,1,0,2,1
40,17,0,0,1,0,0,0.05,0,37,1221,0,1,7,0,0,2,1,1
56,22,0,1,2,0,0,0.0,0,147,4642,2721,0,9,0,0,1,2,0
49,16,0,1,2,1,0,0.0,0,12,5707,1652125,1,9,0,0,0,1,1
52,18,0,1,3,0,0,0.057692308,0,4,8570,483695,0,9,0,0,1,1,0
85,13,1,1,2,0,0,0.270588235,1,19,1999,0,1,11,0,0,0,2,1
68,42,1,1,3,0,0,0.102941176,0,51,3992,0,1,9,0,1,1,2,1
28,14,0,0,2,0,0,0.0,0,52,7816,210,0,6,0,0,0,1,0
64,30,0,1,3,0,0,0.0,0,73,3329,3906120,0,12,0,0,1,1,0
80,72,0,1,2,0,0,0.0,0,0,-1,0,1,8,0,0,0,2,1
74,31,0,0,3,0,0,0.081081081,0,0,7445,381,1,13,1,0,0,3,0
26,18,0,1,3,0,0,0.0,0,99,4767,79297,0,7,0,0,1,0,0
25,16,0,0,3,0,0,0.0,0,97,1729,876628,0,7,0,0,0,1,0
87,21,1,1,2,0,0,0.264367816,0,64,3205,0,1,10,0,0,1,3,1
1386,15,1,1,3,0,0,0.194083694,10,10,-1,9366151,0,102,1,0,0,1,1
27,11,0,1,2,0,0,0.0,0,90,8436,3195,0,6,0,0,1,1,0
78,18,0,1,2,0,0,0.064102564,0,219,2432,14720,0,14,0,0,1,0,0
41,18,0,1,3,0,0,0.0,0,9,7938,53010,0,7,0,0,0,2,0
48,16,0,1,2,1,0,0.0,0,144,7408,13619,0,9,0,0,1,0,0
54,20,0,0,2,0,0,0.092592593,1,588,725,24457,1,9,0,0,2,2,1
41,19,0,0,2,0,0,0.0,0,205,5670,7652,0,6,0,0,0,1,0
132,16,1,0,3,0,0,0.03030303,0,9,7765,32,0,12,0,0,0,1,1
31,22,0,0,2,0,0,0.0,0,307,7447,7015517,0,6,1,0,0,2,0
62,16,0,0,2,0,0,0.0,0,162,7134,13,0,10,1,0,0,0,0
58,15,0,1,2,0,0,0.0,0,26,2708,1014308,0,11,0,0,0,2,0
98,15,1,1,1,0,0,0.479591837,0,0,-1,1007290,0,18,0,0,0,2,1
59,27,0,1,3,0,0,0.033898305,0,30,5767,0,1,9,0,0,2,1,1
22,14,0,1,1,1,0,0.0,0,27,5,0,1,6,0,0,2,2,1
47,21,0,0,3,0,0,0.0,0,11,-1,2404290,1,8,0,0,0,2,1
55,30,0,1,2,0,1,0.0,0,79,7615,2190,0,7,0,0,1,2,0
29,20,0,0,2,0,0,0.0,0,191,8759,127538,0,6,0,0,0,1,0
43,19,0,1,3,0,0,0.0,0,46,5310,38610,0,7,0,0,1,1,0
72,54,0,0,2,0,0,0.0,0,7,125,0,1,7,0,0,0,1,1
30,22,0,1,2,0,0,0.0,0,0,3705,0,1,6,0,0,0,2,1
125,50,1,1,3,1,0,0.152,0,51,3992,5697976,1,19,0,1,0,2,1
48,13,0,1,1,0,0,0.0,0,14,2210,0,1,12,0,0,0,2,1
54,21,0,1,2,0,0,0.0,0,200,5509,1294,0,10,0,0,1,1,0
80,14,0,0,3,0,0,0.05,0,5,5161,114,1,16,1,1,0,0,0
26,18,0,1,2,0,0,0.230769231,0,23,796,4909718,0,6,0,1,0,2,1
69,24,0,0,3,0,0,0.0,0,0,574,0,1,12,0,0,0,2,1
56,22,0,1,3,1,0,0.0,1,78,5795,0,1,11,0,0,0,2,1
59,8,0,1,2,0,0,0.0,0,20,-1,4041592,0,7,0,0,0,1,0
77,24,0,1,2,1,0,0.0,1,0,548,0,1,11,0,1,0,2,1
26,17,0,0,2,0,0,0.115384615,0,55,2051,1872428,0,6,0,0,0,2,0
118,42,1,1,3,0,0,0.186440678,0,51,3992,5697976,1,17,0,1,1,2,1
25,17,0,1,2,0,0,0.0,0,24,961,2490986,0,6,0,0,2,0,0
27,18,0,0,2,0,0,0.0,0,36,2853,120685,0,6,0,0,0,0,0
68,30,0,0,1,0,0,0.0,0,98,3055,173558,0,11,0,0,1,2,0
49,16,0,0,2,0,0,0.0,0,405,7133,12,0,9,1,0,0,2,0
49,18,0,0,3,0,0,0.0,0,182,7134,12,1,9,1,0,0,0,0
28,19,0,0,2,0,0,0.0,0,112,5861,15387,0,6,0,0,0,1,0
35,26,0,0,2,0,0,0.0,0,109,7449,0,0,6,1,0,0,1,0
132,16,1,0,3,0,0,0.053030303,0,9,7764,32,0,11,0,0,0,1,1
73,10,1,1,1,0,0,0.328767123,0,0,-1,0,1,8,0,0,0,2,1
26,18,0,1,2,0,0,0.0,0,11,2221,901805,0,6,0,0,0,2,0
32,23,0,0,2,0,0,0.0,0,191,-1,344645,0,8,0,0,0,1,0
31,22,0,0,2,0,0,0.0,0,81,-1,6191598,0,6,0,0,0,1,0
49,16,0,1,3,0,0,0.0,0,85,-2,0,1,10,0,1,1,2,0
121,13,0,1,3,0,0,0.016528926,3,5,-1,0,1,31,0,0,0,1,1
83,14,0,0,2,0,0,0.048192771,0,68,9399,15,0,19,1,0,0,1,0
128,50,1,0,3,1,0,0.203125,0,4,4003,5816617,1,19,0,1,1,1,1
59,28,0,1,2,1,0,0.0,4,32,-1,0,1,9,0,1,1,1,1
21,14,0,1,2,0,0,0.0,0,29,1108,1540284,0,5,0,0,0,2,0
33,12,1,1,2,0,0,0.212121212,0,504,8965,70,0,7,1,0,2,0,0
38,17,0,0,2,0,0,0.0,0,190,7860,7868,0,7,0,0,0,0,0
55,16,0,0,2,0,0,0.0,0,603,7133,12,0,10,1,0,0,1,0
22,14,1,1,3,0,0,0.5,0,39,-1,0,0,7,0,1,2,1,1
26,17,0,0,2,0,0,0.0,0,378,5487,242047,0,6,0,0,0,0,0
66,19,0,0,2,1,0,0.0,0,91,9515,129,0,10,1,0,0,2,0
21,14,0,1,1,0,0,0.0,0,34,1843,0,0,4,0,0,1,2,0
128,50,1,0,3,1,0,0.140625,0,51,3993,5707171,1,19,0,1,0,2,1
39,31,0,1,2,0,0,0.0,2,47,-1,77586,0,8,0,0,1,1,1
129,54,1,1,3,1,0,0.085271318,0,51,3993,5707171,1,20,0,1,0,2,1
25,16,0,0,2,0,0,0.0,0,78,-1,0,0,6,0,0,1,0,0
80,15,0,1,2,1,0,0.0,0,24,4663,0,1,13,0,0,0,1,1
126,18,1,0,3,0,0,0.0873015869999999,1,22,-1,67041,1,15,0,0,0,2,1
124,46,1,0,3,0,0,0.1693548389999999,0,51,3993,5707171,1,19,0,1,0,2,1
89,11,0,1,2,1,0,0.0,0,0,-1,0,1,13,0,0,0,2,0
332,39,1,1,3,0,0,0.13253012,0,24,-1,0,1,31,1,0,0,1,1
47,27,0,0,2,0,0,0.085106383,0,116,6609,931,1,7,0,0,1,0,1
79,24,0,1,2,0,0,0.088607595,0,22,5056,77743,0,10,0,0,0,2,1
132,16,1,0,3,0,0,0.037878788,0,9,7765,32,0,12,0,0,0,1,1
42,17,0,0,3,0,0,0.023809524,2,389,7427,193,0,9,0,0,0,1,0
42,16,0,0,2,0,0,0.0,0,136,7131,12,0,7,1,0,0,0,0
69,14,0,0,3,0,0,0.246376812,0,0,-1,1213760,1,15,0,0,0,3,0
25,16,0,0,2,0,0,0.0,0,128,7588,50395,0,6,0,0,0,0,0
13,6,0,1,1,0,0,0.0,0,139,-1,1271273,0,4,0,0,0,2,0
60,15,0,0,1,0,0,0.0,0,3,60,7866174,1,10,0,0,1,1,1
31,12,0,1,1,1,0,0.129032258,0,8,7,0,1,8,0,0,1,1,1
23,14,0,0,2,0,0,0.0,0,6,3027,0,0,6,0,0,0,2,0
34,25,0,0,2,0,0,0.088235294,0,184,1546,4669,1,6,0,0,0,2,1
132,16,1,0,3,0,0,0.037878788,0,9,7764,32,0,10,0,0,0,1,1
35,16,0,0,2,0,0,0.0,0,136,8520,8,0,6,1,0,0,0,0
58,29,0,0,3,0,1,0.0172413789999999,0,21,5616,0,1,9,0,0,0,2,1
25,16,0,0,2,0,0,0.0,0,192,-1,313138,0,6,0,0,0,2,0
106,19,1,1,2,1,0,0.169811321,3,88,2046,0,1,13,0,0,1,1,1
95,12,0,1,3,0,0,0.073684211,0,181,8609,74745,1,16,0,0,1,2,0
32,20,0,0,2,0,0,0.0,0,8,-1,4910786,0,7,0,0,0,1,1
43,15,0,1,2,0,1,0.0,0,28,-2,0,1,9,0,0,0,2,1
35,26,0,0,2,0,0,0.0,0,78,4910,10530414,0,6,0,0,0,2,0
27,18,0,0,2,0,0,0.0,0,113,1941,1181262,0,6,0,0,0,2,0
43,17,0,1,2,1,0,0.0,0,30,3374,33138,0,8,0,0,1,1,0
61,52,0,0,3,0,1,0.0,2,24,2532,514430,1,10,1,1,0,1,1
50,21,0,1,3,0,0,0.08,0,303,7876,5851,0,8,0,0,1,1,0
29,20,0,0,2,0,0,0.0,0,0,-1,2097546,0,6,0,0,0,1,0
24,16,0,1,2,0,0,0.041666667,0,9,2042,112902,0,6,0,0,0,0,0
59,26,0,0,2,0,0,0.0,0,365,5245,0,1,9,0,0,2,2,0
22,15,0,1,2,0,0,0.0,0,12,7253,943419,1,5,0,0,0,1,1
33,12,1,1,2,0,0,0.212121212,0,522,8967,70,0,7,1,0,2,0,0
98,24,1,0,3,0,1,0.142857143,0,1,8347,1,0,14,1,1,1,0,1
35,26,0,0,2,0,0,0.0,0,201,2341,818989,0,6,0,0,1,2,0
46,23,0,1,2,0,0,0.0,0,0,2576,0,1,8,0,0,2,2,1
25,17,0,1,2,0,0,0.0,0,7,181,0,0,6,0,0,1,1,0
130,54,1,1,3,1,0,0.138461538,0,51,3992,5697976,1,19,0,1,1,2,1
57,26,0,1,3,0,0,0.0,0,37,-1,1003956,0,11,0,0,1,1,0
80,12,0,1,3,0,0,0.025,0,0,9437,203662,0,14,0,1,0,3,0
23,14,0,0,2,1,0,0.0,0,146,-1,0,0,7,0,0,0,1,0
67,26,0,1,3,0,0,0.0,0,108,7522,10631,0,9,0,0,0,1,0
40,23,0,1,3,0,0,0.0,0,4,-1,0,1,9,0,0,1,1,1
100,12,0,0,1,1,0,0.05,2,132,1707,4830221,1,16,0,0,2,2,1
38,27,0,1,2,0,0,0.0,0,7,245,0,0,6,0,0,2,1,1
28,20,0,1,2,0,0,0.0,0,49,4200,352448,0,6,0,0,1,2,0
74,17,0,1,2,0,0,0.0,2,42,-1,0,1,15,0,1,0,1,1
93,17,0,1,2,0,0,0.064516129,0,1,4283,0,1,19,0,0,0,2,1
54,21,0,1,2,0,0,0.074074074,0,21,3583,0,0,8,0,0,1,2,1
80,15,0,0,2,0,0,0.1,0,57,5897,2688,1,15,0,1,0,1,0
26,18,0,1,2,0,0,0.0,0,23,2946,1866788,0,6,0,0,0,0,0
38,17,0,0,1,0,1,0.0,0,21,61,0,1,7,0,0,0,2,1
56,17,0,0,2,1,0,0.0,5,36,-1,0,1,11,0,0,1,2,1
77,20,0,0,3,0,0,0.025974026,0,59,7831,2527,0,13,0,0,0,1,0
46,16,0,0,2,0,0,0.0,0,710,7134,12,0,9,1,0,0,1,0
46,19,0,0,3,0,0,0.0,0,227,6377,7962,1,10,0,0,1,1,0
44,13,0,1,2,0,0,0.090909091,0,158,10605,7074,1,10,0,0,2,1,0
139,27,0,0,2,1,1,0.035971223,0,7,8018,0,1,18,0,1,1,1,1
42,33,0,0,2,1,0,0.071428571,0,18,1546,4669,1,7,0,0,0,1,1
58,16,0,0,2,0,0,0.0,0,159,7134,13,0,9,1,0,0,1,0
18,9,0,0,1,0,0,0.0,0,273,5378,1838457,0,5,0,0,0,0,0
47,16,0,0,2,0,0,0.0,0,845,7130,12,0,8,1,0,0,1,0
30,18,0,1,2,0,0,0.0,0,0,4550,0,1,7,0,0,0,2,1
49,21,0,0,2,0,0,0.0,0,273,6338,289,0,8,0,0,0,1,0
102,14,0,1,3,0,0,0.009803922,2,5,5230,0,1,24,0,0,0,1,1
57,18,0,0,2,0,0,0.087719298,0,416,6316,8182,0,9,0,0,0,0,0
33,26,0,1,2,0,0,0.0,1,47,1950,341948,0,7,0,0,1,1,1
70,21,0,1,2,0,1,0.0,0,70,7618,2192,0,10,0,0,1,1,0
25,16,0,0,2,0,0,0.0,0,3,5455,0,0,6,0,0,1,2,1
59,28,0,0,2,0,0,0.0,0,12,-1,0,1,8,0,0,1,2,1
40,13,0,1,2,0,0,0.0,0,3,256,0,1,8,0,0,0,1,0
41,16,0,0,2,1,1,0.0,0,317,8960,581,0,8,0,0,1,1,0
107,17,1,1,2,1,0,0.074766355,0,181,6075,450,0,18,0,0,1,1,0
32,23,0,0,2,0,0,0.0,0,70,1971,0,0,6,0,0,0,1,0
165,15,1,1,3,0,0,0.363636364,1,31,-1,1768405,1,20,0,0,0,2,1
42,13,1,1,3,0,0,0.428571429,0,3,-1,0,1,13,0,1,0,2,1
84,18,0,0,2,0,0,0.047619048,0,184,5222,135,0,12,0,0,0,2,0
31,22,0,0,2,0,1,0.0,0,14,7295,0,1,6,1,0,0,2,1
24,5,0,1,1,0,0,0.208333333,0,10,-1,134401,1,5,0,0,1,1,1
26,19,0,1,2,0,0,0.0,0,0,2571,508220,0,5,0,0,0,1,0
33,22,0,1,2,1,0,0.0,0,20,6392,0,0,8,0,0,1,0,1
115,15,0,0,2,0,0,0.086956522,2,31,8346,1,1,15,1,0,0,2,1
28,19,0,0,2,0,0,0.0,0,85,3935,39744,0,6,0,0,0,2,0
76,50,1,1,3,1,0,0.105263158,0,4,4004,5828815,1,10,0,1,1,1,1
53,15,0,0,3,0,0,0.0,0,23,29,0,1,10,0,0,0,1,1
65,18,0,0,2,0,1,0.015384615,0,119,-1,6347,0,14,0,0,0,1,0
78,21,0,0,2,0,0,0.0,0,304,5115,0,0,11,0,0,1,1,0
48,20,0,0,3,0,1,0.125,0,36,7297,0,1,9,1,0,0,2,1
33,14,0,0,2,0,0,0.151515152,0,8,1953,4365,1,6,0,0,0,1,1
37,13,0,1,1,0,0,0.0,1,31,160,0,1,6,0,0,2,2,1
26,15,0,1,2,0,0,0.0,0,0,7406,5205013,1,7,0,0,0,2,1
65,24,0,0,3,0,1,0.0,1,16,7717,156097,0,13,0,0,0,0,0
162,23,1,1,1,1,0,0.228395062,0,0,8,0,1,27,0,0,0,1,1
61,19,0,0,3,0,0,0.0,0,83,4255,17883,0,10,0,0,1,2,0
44,22,0,1,2,0,0,0.0,0,48,8965,181392,0,8,0,0,0,2,0
65,25,0,1,2,1,0,0.0,2,98,-1,0,1,10,0,0,1,1,1
35,28,0,1,2,0,0,0.0,0,70,5994,0,0,6,0,0,0,0,0
36,25,0,1,2,0,0,0.222222222,0,8,1338,22211,1,6,0,1,1,0,1
42,16,0,0,1,0,0,0.0,0,87,325,0,1,8,0,0,1,2,1
64,43,1,0,3,0,1,0.25,0,0,5627,0,1,12,0,1,0,2,1
51,18,0,0,3,0,0,0.039215686,0,31,1159,0,0,10,0,0,0,0,0
44,17,0,0,3,0,1,0.0,0,132,-1,219669,1,8,0,0,1,2,0
28,20,0,1,2,0,0,0.0,0,9,6588,140438,0,6,0,0,1,1,0
25,17,0,1,2,0,0,0.0,0,51,4671,5144638,0,6,0,0,1,2,0
76,25,0,0,2,0,0,0.078947368,0,25,8047,22244,1,12,0,0,0,2,1
34,17,0,0,3,0,0,0.0,0,17,2529,21589,1,7,0,0,0,2,0
27,18,0,0,2,0,0,0.0,0,37,4389,1168751,0,6,0,0,0,2,0
43,13,1,1,3,0,0,0.23255814,0,4,-1,0,1,10,0,1,0,1,1
34,14,0,0,2,0,0,0.0,0,184,9395,16,0,7,1,0,0,1,0
48,16,1,0,2,0,0,0.229166667,0,24,4340,49,1,8,1,0,0,0,1
23,14,0,0,2,0,1,0.0,0,582,6530,8464,0,6,0,0,0,2,0
18,10,0,1,2,0,0,0.0,0,86,7991,8998652,0,6,0,0,1,0,0
89,12,0,1,3,0,0,0.04494382,0,0,11566,374,0,17,1,0,1,3,0
39,30,0,0,2,0,0,0.0,0,63,4627,1914647,0,8,0,0,0,2,0
404,11,1,1,2,1,0,0.123762376,7,17,505,0,1,15,0,0,0,1,1
38,29,0,0,2,0,0,0.078947368,0,203,1547,4639,1,6,0,0,1,2,1
60,18,0,1,3,0,1,0.1,0,64,7298,0,0,12,1,0,0,1,1
58,29,0,1,1,1,0,0.0,2,9,-2,0,1,9,0,0,1,1,1
94,14,1,1,2,0,0,0.223404255,0,12,2982,5510911,1,11,0,0,0,1,1
34,27,0,1,2,0,1,0.0,0,48,7296,10475848,0,6,1,0,0,2,0
18,10,0,1,1,0,0,0.0,0,123,6862,30996,0,5,0,0,1,0,0
28,19,0,0,1,0,0,0.0,0,20,4154,0,0,5,0,0,0,0,0
64,36,0,0,2,1,0,0.0,0,11,3733,241689,0,10,0,0,2,1,1
61,21,0,1,2,0,0,0.0,0,234,6070,14420,1,9,0,0,1,2,0
43,15,0,0,2,0,0,0.046511628,0,52,5637,2,0,8,1,0,0,1,0
70,29,1,1,2,0,0,0.257142857,0,0,3984,0,1,7,0,0,0,2,1
328,38,1,0,3,1,1,0.256097561,0,11,8019,0,1,37,0,0,0,1,1
64,23,0,1,3,0,0,0.0,0,0,1968,0,1,10,0,0,0,3,1
150,22,1,1,2,0,0,0.113333333,3,64,3734,4969132,1,14,0,0,0,2,1
36,28,1,1,3,0,0,0.25,0,44,2205,597131,1,8,0,0,2,1,1
49,18,0,1,1,1,0,0.06122449,0,14,462,2516334,0,7,0,0,0,3,1
122,20,1,0,2,0,0,0.114754098,2,18,-1,0,1,19,0,1,0,1,1
43,18,0,1,3,0,0,0.0,0,13,5088,0,1,8,0,0,0,1,1
157,15,1,1,3,0,0,0.191082803,2,1,2114,0,1,18,0,0,0,2,1
69,14,0,1,2,0,0,0.0,0,276,7413,2189,0,13,0,0,1,1,0
19,10,0,0,1,0,0,0.0,0,56,7900,648682,0,5,0,0,0,0,0
26,14,0,0,2,0,0,0.0,0,24,-1,1657719,0,7,0,1,1,2,0
43,18,0,0,1,0,0,0.0,0,22,3750,0,1,8,0,0,1,1,1
144,32,0,1,3,1,0,0.055555556,0,1,7087,18105,1,10,0,0,0,2,1
67,21,0,1,3,1,0,0.014925373,3,5,1728,0,1,11,0,0,1,1,1
37,29,0,1,2,0,0,0.054054054,1,7,3014,433561,0,6,0,0,0,0,1
127,50,1,1,3,1,0,0.149606299,0,51,3992,5707171,1,19,0,1,0,2,1
38,17,0,0,3,0,0,0.0,0,7,-1,6711761,1,8,0,0,0,1,1
26,15,0,1,2,0,1,0.0,0,15,4827,0,1,6,0,0,1,2,1
239,26,1,0,3,0,1,0.230125523,0,19,8018,0,1,27,0,0,0,1,1
70,19,0,1,3,0,0,0.0,0,52,8760,419769,0,12,0,0,1,0,0
28,15,0,1,2,0,0,0.0,0,6,8922,309153,1,7,0,0,1,1,1
120,42,1,0,3,0,0,0.125,0,51,3993,5707171,1,18,0,1,0,2,1
50,16,0,1,2,0,0,0.0,0,4,4803,0,1,8,0,0,1,2,1
70,12,0,1,3,0,0,0.114285714,0,0,3386,0,1,16,0,0,0,2,1
30,21,0,0,2,1,0,0.0,0,51,5614,2713740,0,7,0,0,0,2,0
49,27,0,1,2,1,1,0.0,0,58,4079,767,0,9,0,0,1,1,0
22,13,0,0,2,0,0,0.045454545,0,16,806,45133,1,6,0,0,0,1,1
71,19,0,1,3,0,0,0.0,0,0,5466,616241,1,13,0,0,0,2,0
39,31,0,1,3,1,0,0.025641026,0,34,1629,2884517,1,11,0,0,0,2,1
79,16,0,1,3,0,0,0.088607595,0,36,-1,9038,0,17,0,0,2,0,0
26,17,0,0,1,0,0,0.0,0,0,6,0,1,5,0,0,0,2,1
334,38,1,0,3,1,1,0.251497006,0,11,8019,0,1,41,0,0,1,1,1
56,17,0,1,3,0,0,0.035714286,0,36,5230,2585773,0,10,0,0,0,1,0
44,25,0,1,2,0,0,0.0,0,215,6256,688,0,6,0,0,1,2,0
35,10,0,1,1,0,0,0.0,0,217,2139,309382,1,7,0,0,1,1,1
40,20,0,0,3,0,0,0.0,0,76,8047,2603,0,7,0,0,0,2,0
47,17,0,1,2,0,1,0.0,0,18,2578,193361,1,9,0,0,1,1,0
37,29,0,1,2,0,0,0.027027027,0,110,3100,249619,0,6,0,0,1,2,0
68,16,0,1,2,1,0,0.0,0,59,9318,724,0,11,0,1,1,2,0
21,13,0,1,1,0,0,0.0,0,23,443,0,0,5,0,0,1,2,1
39,14,0,0,2,0,0,0.0,0,34,5075,17732,1,6,0,0,0,0,0
87,33,0,0,3,0,0,0.068965517,0,0,7449,385,1,14,1,1,0,3,0
143,30,0,0,3,0,0,0.055944056,0,1,7087,18105,1,9,0,0,0,2,1
70,49,1,0,3,0,1,0.242857143,0,0,5626,0,1,12,0,1,0,2,1
44,22,0,0,2,0,0,0.0,0,20,557,0,1,7,0,0,0,1,1
25,17,0,1,2,0,0,0.0,0,79,-1,0,0,6,0,0,1,1,0
103,16,0,1,2,1,0,0.048543689,2,132,1707,4830221,1,17,0,0,3,2,1
118,42,1,1,3,0,0,0.169491525,0,51,3992,5697976,1,17,0,1,1,2,1
52,24,0,1,2,1,1,0.038461538,0,144,7120,33254,1,11,0,0,0,1,0
32,23,0,0,2,1,0,0.0,0,0,119,0,1,7,0,0,0,1,1
26,18,0,1,2,0,0,0.0,0,89,9311,622487,0,6,0,0,1,0,0
149,33,0,1,3,0,1,0.120805369,0,19,5613,8028573,1,15,0,0,0,2,1
100,22,0,1,3,0,1,0.0,0,0,5044,380,0,13,0,0,0,3,0
56,15,0,1,3,1,0,0.017857143,2,0,8293,150166,1,11,0,0,0,2,1
59,31,1,1,3,0,1,0.169491525,0,21,5616,0,1,9,0,0,0,2,1
28,20,0,1,2,0,0,0.0,0,128,7791,392328,0,6,0,0,1,1,0
29,21,0,1,2,1,0,0.0,0,78,-1,2619581,0,7,0,0,1,1,0
40,16,0,0,2,0,0,0.1,0,747,7131,12,0,8,1,0,0,1,0
45,11,0,1,2,1,0,0.0,0,83,-1,0,1,9,0,0,3,1,1
70,10,0,1,3,0,0,0.042857143,1,8,125,0,1,14,0,0,5,0,1
36,10,0,0,1,1,0,0.0,0,7,757,0,1,8,0,0,0,1,1
119,14,1,1,1,1,0,0.487394958,1,44,277,0,1,10,0,0,1,1,1
38,30,0,1,2,0,0,0.0,0,224,1903,0,0,6,0,0,2,2,0
101,25,0,1,3,1,0,0.0,3,13,1419,0,1,14,0,0,0,0,1
59,15,0,0,2,0,0,0.033898305,0,1,8345,1,1,8,1,0,1,0,0
66,20,0,1,2,0,0,0.0,2,16,6163,0,1,9,0,0,0,1,1
37,30,0,1,2,0,0,0.0,0,16,5160,0,0,5,1,0,1,1,0
219,18,0,1,3,0,0,0.0,0,130,-1,8902890,1,38,0,0,1,2,1
260,211,1,1,3,0,1,0.173076923,1,5,2658,0,1,21,0,0,0,2,1
83,16,0,0,2,0,0,0.060240964,2,10,8348,1,1,13,1,0,0,0,1
56,18,0,0,3,0,0,0.0,0,376,7131,12,1,10,1,0,0,0,0
65,13,0,0,2,0,0,0.0,0,73,7653,8657,1,11,0,0,2,0,0
24,16,0,1,2,1,0,0.0,0,6,4941,2595688,1,7,0,0,0,1,1
77,23,1,1,3,0,0,0.116883117,1,57,8976,67484,1,14,0,0,2,2,0
67,23,1,1,3,0,0,0.179104478,2,0,-1,0,1,11,0,0,0,2,1
28,20,0,1,1,0,0,0.0,0,60,7289,0,0,5,0,0,1,2,1
43,21,0,1,2,0,1,0.0,2,47,-1,4026793,1,8,0,0,2,2,1
29,20,0,0,2,0,0,0.0,0,112,6811,537125,0,6,0,0,0,2,0
57,15,0,0,3,0,1,0.0,0,24,-1,0,1,11,0,0,0,2,1
23,15,0,1,2,0,0,0.0,0,214,9093,1490270,0,6,0,0,1,2,0
48,18,0,1,3,0,0,0.0,1,63,5621,230904,0,9,0,0,1,2,0
63,10,0,1,2,0,0,0.0,0,11,4049,0,1,11,0,0,0,1,1
46,25,0,1,3,0,0,0.0,0,12,7446,6418275,1,8,0,0,0,1,1
31,23,0,1,2,0,1,0.0,0,81,7298,566137,0,6,1,0,0,2,0
25,17,0,1,2,0,0,0.0,0,131,7559,1777191,0,6,0,0,0,2,0
34,23,0,0,2,0,0,0.058823529,1,24,-1,0,1,8,0,0,0,1,1
124,19,1,1,3,1,0,0.137096774,3,81,2047,0,1,15,0,0,0,1,1
45,16,0,0,2,0,0,0.0,0,781,7133,12,0,8,1,0,0,1,0
39,20,0,1,3,0,0,0.025641026,0,8,1337,20989,1,7,0,0,1,0,1
20,12,0,1,2,0,0,0.0,0,78,-1,782266,0,6,0,0,1,1,0
41,21,0,1,2,0,0,0.0,0,206,7160,2358,0,9,0,1,1,2,0
46,29,0,1,3,0,0,0.0,0,31,-1,0,1,7,0,0,0,0,1
132,22,0,0,3,1,0,0.106060606,1,8,1597,0,1,25,0,0,0,1,1
69,11,0,1,3,0,0,0.0,0,51,9007,7971,1,14,0,0,1,0,0
25,16,0,0,2,0,0,0.0,0,68,-1,207734,0,6,0,0,0,1,0
128,15,0,1,3,0,0,0.03125,0,6,8922,309153,1,21,0,0,0,1,1
25,16,0,0,3,0,0,0.0,0,65,5839,540203,0,7,0,0,0,0,0
28,19,0,0,2,0,0,0.0,0,4,5159,0,1,6,1,0,0,3,1
209,24,1,1,3,0,0,0.167464115,0,0,2362,173942,1,29,0,1,0,1,1
70,49,1,0,3,0,1,0.242857143,0,0,5627,0,1,12,0,1,0,2,1
47,21,0,1,1,1,0,0.042553191,0,24,-1,0,1,7,0,0,1,1,1
24,17,0,1,1,0,0,0.0,0,113,-1,97254,0,4,0,0,2,2,0
53,30,0,1,3,0,0,0.0,0,80,5176,0,1,8,0,0,1,1,0
38,29,0,0,2,0,0,0.0,0,17,3978,0,0,8,0,0,0,2,0
77,23,1,1,1,0,0,0.246753247,0,30,5767,0,1,7,0,0,1,1,1
37,19,0,0,2,0,0,0.0,0,77,1716,1699634,0,7,0,0,0,1,1
34,21,0,0,2,0,0,0.0,0,9,5158,0,0,9,1,0,0,1,0
100,18,1,1,3,1,0,0.17,3,124,254,0,1,13,0,0,0,2,1
34,25,0,0,3,0,0,0.0,0,38,-1,0,0,7,0,0,0,2,0
59,18,0,0,3,1,0,0.0,0,0,7573,7471,0,12,0,0,0,3,0
55,14,0,0,2,0,1,0.0,0,14,18,0,1,9,0,0,0,1,1
39,25,0,1,2,0,0,0.0,0,255,6257,689,0,6,0,0,1,2,0
34,22,0,0,3,1,0,0.0,0,4,13,0,1,9,0,0,1,1,1
47,22,0,1,3,0,0,0.063829787,0,5,6700,36431,1,9,0,0,1,1,0
158,14,0,1,3,0,0,0.082278481,1,0,8346,4095597,0,24,1,1,0,1,1
70,18,0,0,2,0,0,0.0,0,154,5651,11369,0,12,0,0,0,2,0
76,17,0,1,1,1,0,0.0,4,6,4609,0,1,12,0,0,0,1,1
58,18,0,1,2,0,0,0.0,0,622,6073,14284,0,10,0,0,1,1,0
143,35,0,0,2,1,1,0.104895105,0,26,8019,0,1,22,0,0,1,1,1
51,22,1,1,2,1,0,0.196078431,0,43,2739,11657,0,9,0,0,0,1,1
46,17,0,1,3,1,0,0.0,0,676,6179,3914,0,10,0,0,0,2,0
109,19,0,1,2,1,0,0.0,3,47,1432,0,1,17,0,0,0,2,1
75,67,0,1,3,0,0,0.053333333,0,0,8426,0,1,13,1,0,0,2,1
49,10,0,1,2,0,0,0.0,0,45,-1,632,0,9,0,0,1,1,0
68,11,0,1,1,0,0,0.073529412,1,56,-1,0,1,16,0,0,0,2,1
73,39,0,1,3,0,1,0.054794521,0,22,5627,0,1,13,0,1,0,2,1
45,25,0,0,3,0,0,0.2,0,8,1338,22211,0,7,0,0,0,0,1
29,16,0,0,1,0,0,0.0,0,15,670,0,1,5,0,0,1,1,1
66,12,0,0,2,0,0,0.242424242,0,75,972,1415657,1,21,0,0,0,2,1
35,28,0,1,2,0,1,0.0,0,14,7295,0,1,5,1,0,1,1,1
72,18,0,1,3,0,0,0.0,0,4,5298,2239787,1,12,0,0,2,1,1
125,50,1,1,3,1,0,0.088,0,4,4003,5816617,1,19,0,1,1,1,1
124,46,1,0,3,0,0,0.161290323,0,51,3993,5707171,1,19,0,1,0,2,1
74,19,0,1,3,0,0,0.027027027,0,0,-1,54049,0,14,0,0,1,3,0
52,24,0,0,3,0,0,0.0,0,35,1839,10420087,1,8,0,0,1,1,1
36,28,0,1,2,0,0,0.0,0,18,4077,2726967,0,6,0,0,0,2,0
40,13,0,1,2,1,0,0.0,2,14,8638,0,0,9,0,0,1,1,1
160,21,1,1,3,1,1,0.1625,2,23,4284,0,1,19,0,1,2,2,1
56,22,0,1,3,0,0,0.0,0,59,3864,2280,0,9,0,0,1,2,0
28,19,0,0,2,0,0,0.0,0,120,4099,3331221,0,6,0,0,1,2,0
50,22,0,1,2,0,0,0.0,0,8,1105,0,1,9,0,0,1,1,1
25,11,0,1,1,0,0,0.0,0,0,3670,56935,0,5,0,0,0,1,0
38,6,0,1,2,0,0,0.105263158,0,12,-1,8833240,1,10,0,1,0,0,0
48,11,0,1,2,1,0,0.0,0,257,8424,34668,0,11,0,0,1,1,0
32,23,0,0,2,0,1,0.0,0,14,7295,0,1,6,1,0,0,2,1
60,17,0,1,3,0,0,0.0,1,259,-1,1571,0,10,0,0,1,0,0
40,14,0,1,3,0,0,0.0,1,9,3232,0,1,8,0,0,0,2,1
45,38,0,1,2,0,1,0.022222222,0,14,7295,0,1,5,1,0,1,1,1
33,13,0,1,3,0,0,0.090909091,0,0,3421,866666,1,8,0,0,0,2,1
44,18,0,1,3,0,0,0.0681818179999999,0,46,7121,524554,1,8,0,0,2,1,0
69,35,1,0,3,1,1,0.188405797,0,21,5627,0,1,11,0,1,0,2,1
34,26,0,1,2,0,0,0.0,0,22,6783,4930837,0,6,0,0,0,2,0
74,21,0,0,3,0,0,0.0,0,20,6331,20734,0,10,0,1,0,1,0
20,11,0,0,2,0,0,0.0,0,240,7299,276245,0,6,0,0,0,2,0
126,16,0,1,2,0,0,0.103174603,0,37,9320,13,1,28,1,0,1,1,0
33,25,0,1,2,0,0,0.0,0,29,1401,0,1,6,0,0,3,2,1
48,16,0,0,3,0,0,0.0,1,36,8346,1,0,9,1,0,1,1,0
82,25,0,1,2,0,0,0.097560976,0,49,4205,4261015,0,16,0,0,1,2,0
31,22,0,0,2,0,0,0.0,0,60,5349,0,0,6,0,0,1,2,0
33,25,1,1,3,0,0,0.272727273,1,76,3700,178807,1,7,0,0,0,1,1
59,42,0,1,3,0,1,0.016949153,0,21,5616,0,1,10,0,0,0,2,1
23,16,0,1,1,0,0,0.0,0,75,5043,1965575,0,4,0,0,2,1,0
27,20,0,1,2,0,0,0.0,0,239,6467,10318745,0,5,0,0,1,2,0
54,23,0,1,2,1,0,0.018518519,0,75,135,0,1,9,0,0,0,2,1
44,12,0,0,2,0,0,0.0,0,436,6065,422,0,10,0,0,0,0,0
92,10,0,0,3,0,0,0.0,0,0,1063,0,1,21,0,0,0,2,1
34,26,0,1,2,1,0,0.0,0,15,-1,3475936,0,7,0,0,0,1,0
54,18,1,0,3,1,1,0.111111111,0,26,10674,23,1,10,1,0,1,0,0
34,26,0,0,2,0,1,0.029411765,0,14,7295,0,1,5,1,0,0,1,1
174,37,1,0,2,0,0,0.229885057,0,7,216,0,1,26,0,1,0,1,1
37,18,0,1,2,0,0,0.0,0,13,5660,0,1,8,0,0,0,1,1
23,14,0,0,1,1,0,0.0,0,57,-1,0,0,6,0,0,0,2,1
30,21,0,0,2,0,0,0.0,0,46,3124,300579,0,6,0,0,0,2,0
36,27,0,0,2,0,1,0.0,0,17,-1,0,0,6,0,0,0,2,0
26,12,0,1,1,1,0,0.0,0,8,7,0,0,6,0,0,1,1,1
199,15,0,0,2,0,0,0.140703518,0,6,2613,0,1,8,0,0,0,2,1
26,18,0,1,2,0,1,0.0,0,43,6123,0,0,6,0,0,0,1,0
26,7,0,0,1,0,0,0.076923077,0,11,-1,114006,1,6,0,0,0,0,0
28,20,0,0,2,0,0,0.0,0,24,902,0,1,5,0,0,0,2,0
26,18,0,1,2,0,0,0.0,0,34,3798,0,0,6,0,0,0,1,0
70,22,0,1,2,0,0,0.0,0,50,6092,128103,0,11,0,0,1,1,0
35,21,0,1,2,0,0,0.0,0,203,6900,11420,0,7,0,0,1,2,0
52,23,0,0,2,1,0,0.0,0,300,7834,600,0,8,0,0,0,0,0
28,19,0,0,2,0,0,0.0,0,19,4252,6983499,0,6,0,0,0,1,0
61,17,0,1,3,0,0,0.0,0,561,8207,15425,1,9,0,0,2,1,0
25,16,0,0,2,0,0,0.0,0,8,1172,1512979,0,6,0,0,1,0,0
462,26,1,0,3,0,0,0.4220779220000001,0,1,7086,18263,1,19,0,0,0,2,1
71,11,0,1,2,1,0,0.0,3,4,-1,10431514,1,12,0,0,1,1,1
14,7,0,1,1,0,0,0.0,0,149,6240,3657781,0,4,0,0,1,0,0
28,15,0,1,2,0,1,0.0,0,8,7006,0,0,7,0,0,0,1,1
27,18,0,0,2,0,0,0.0,0,73,3541,0,0,6,0,0,0,1,0
29,22,0,1,2,0,1,0.0,0,44,7298,334843,0,5,1,0,0,2,0
43,14,0,1,2,0,0,0.0,0,58,4914,19217,0,9,0,0,1,1,0
29,7,0,0,1,0,0,0.172413793,0,6,5130,16645,1,5,0,0,2,1,1
32,25,0,1,2,0,1,0.0,0,14,7295,0,1,5,1,0,1,1,1
43,21,0,1,2,0,0,0.0,0,0,1093,0,1,7,0,0,0,2,1
26,13,0,1,1,1,0,0.0,1,30,2426,0,1,7,0,0,1,2,1
29,20,0,0,2,0,0,0.068965517,0,8,1336,20989,1,6,0,0,0,0,1
67,22,0,1,2,0,0,0.014925373,0,46,5778,3571,0,12,0,0,1,2,0
82,16,0,0,2,1,0,0.06097561,1,10,8348,1,1,12,1,0,0,0,1
43,14,0,1,3,0,0,0.139534884,0,216,7159,2336,0,9,0,0,2,1,0
49,18,0,0,2,0,0,0.0,0,118,9174,623,0,7,0,0,0,0,0
125,17,0,1,3,1,0,0.0,4,6,4609,0,1,19,0,0,0,1,1
34,26,0,1,2,0,1,0.0,0,192,7297,253113,0,6,1,0,0,2,0
47,16,0,0,2,0,0,0.0,2,1,8348,1,0,7,1,0,1,0,1
35,26,0,0,2,0,0,0.0,0,196,2662,0,0,6,0,0,0,2,0
64,13,0,1,3,0,0,0.0,0,21,81,0,1,12,0,0,0,2,1
40,32,0,1,2,0,0,0.15,0,232,1546,4669,1,6,0,0,0,2,1
50,42,0,1,2,0,0,0.0,0,7,2157,0,0,8,0,0,0,1,1
50,15,0,0,2,0,1,0.04,0,296,9285,121,0,11,1,0,0,0,0
85,13,0,1,3,1,0,0.011764706,0,33,213,0,1,13,0,1,0,2,1
136,17,0,1,2,1,0,0.029411765,1,150,7403,7218,0,20,0,0,1,1,0
130,31,0,0,2,1,1,0.076923077,0,26,8019,0,1,20,0,0,1,1,1
55,18,0,0,2,0,0,0.0,0,299,4175,1372,0,11,0,0,0,1,0
144,32,1,0,3,1,0,0.090277778,0,27,1533,4623,1,24,0,0,0,3,1
121,53,1,1,3,0,0,0.198347107,1,4,724,23941,1,18,1,1,1,1,1
69,18,0,0,1,0,0,0.0,0,13,100,0,1,12,0,0,0,1,1
33,24,0,0,2,1,0,0.0,1,47,-1,77586,0,7,0,0,0,1,1
59,15,0,1,2,0,0,0.06779661,0,119,8209,126280,0,11,0,0,1,0,0
60,29,0,1,3,0,0,0.0,0,22,-1,0,1,15,0,0,1,2,1
42,18,0,1,2,0,0,0.0,0,130,-1,8902890,1,8,0,0,1,2,1
35,14,0,1,2,0,0,0.028571429,0,9,9070,14969,0,8,0,0,0,1,0
53,21,0,1,2,0,0,0.037735849,0,0,5972,0,1,9,0,0,1,1,1
24,17,0,1,2,0,0,0.0,0,12,5890,322657,0,5,0,0,0,0,0
31,23,0,1,2,0,0,0.0,0,103,2373,0,0,6,0,0,0,1,0
59,13,0,1,2,0,0,0.0,0,18,-1,0,1,11,0,0,1,2,1
17,9,0,1,1,0,0,0.0,0,24,1895,0,0,5,0,0,0,0,1
109,20,1,1,3,1,0,0.201834862,3,1,658,9558747,1,14,0,0,0,2,1
27,19,0,1,2,0,0,0.0,0,507,4527,548811,0,6,0,0,1,0,0
47,12,0,1,3,0,0,0.021276596,2,205,3442,0,1,9,0,0,1,2,1
19,11,0,1,2,0,0,0.0,0,54,10284,462317,0,6,0,0,2,1,0
57,25,1,0,3,1,1,0.052631579,2,21,5616,0,1,12,0,0,0,2,1
67,26,0,0,3,0,0,0.0,1,151,7870,1453,1,10,0,0,1,2,0
34,25,0,0,2,0,0,0.0,0,119,7282,384053,0,6,0,0,0,2,0
34,23,0,1,2,1,0,0.0,0,0,8256,171444,0,8,0,0,0,2,0
88,22,0,1,2,0,0,0.056818182,0,182,5979,39522,1,15,0,0,2,0,0
115,15,0,1,1,0,0,0.086956522,0,45,-1,2696302,0,19,0,0,1,1,0
48,18,0,0,3,1,0,0.0,1,5,-1,0,1,9,0,0,0,1,1
36,15,0,1,3,0,0,0.0,0,0,-1,80476,1,7,0,0,0,2,1
72,15,0,0,1,0,0,0.111111111,0,47,-2,2254643,0,13,0,0,0,2,0
51,31,0,1,2,0,0,0.098039216,0,31,1546,4669,1,7,0,0,0,2,1
25,18,0,1,2,0,0,0.0,0,234,5616,0,0,5,0,0,1,2,0
23,16,0,1,2,0,0,0.0,0,12,7253,943419,1,5,0,0,0,1,1
97,50,1,1,3,1,0,0.237113402,1,84,966,0,1,12,0,0,1,1,1
43,19,0,1,3,0,0,0.0,0,12,8661,55133,1,8,0,0,2,1,0
88,23,0,0,3,0,0,0.0,1,71,8329,950474,0,14,0,0,0,2,0
63,13,0,0,1,0,0,0.047619048,0,192,2622,0,0,11,0,0,0,1,0
27,16,0,1,1,1,0,0.0,0,0,1787,0,1,7,0,0,0,2,1
49,19,0,1,2,0,0,0.020408163,0,28,6336,16298,0,9,0,0,0,0,0
56,18,0,1,3,0,0,0.053571429,1,0,11785,86259,0,12,0,0,0,3,0
123,13,0,1,3,0,0,0.048780488,0,55,9284,2102,1,24,0,0,1,2,0
93,21,0,0,2,0,0,0.086021505,0,48,5118,92095,0,14,0,0,0,1,0
75,42,0,1,3,0,1,0.013333333,0,21,5627,0,1,12,0,1,0,2,1
65,18,0,0,2,1,1,0.0,0,102,4315,2210,0,10,0,0,0,1,0
129,26,0,0,2,0,0,0.031007752,0,118,4059,99,0,19,1,1,0,2,0
61,15,0,0,3,1,0,0.016393443,0,191,5668,422407,1,11,0,0,0,0,0
123,21,0,1,3,1,0,0.0,4,6,4609,0,1,19,0,0,0,1,1
61,32,0,0,3,0,1,0.081967213,0,21,5616,0,1,9,0,0,0,2,1
107,19,1,1,2,1,0,0.158878505,3,88,2047,0,1,14,0,0,0,1,1
45,12,0,1,1,0,0,0.066666667,0,224,7858,8866,0,8,0,0,1,2,0
128,15,1,1,1,0,0,0.1796875,2,1,2114,0,1,10,0,0,1,2,1
28,15,0,0,1,0,0,0.107142857,0,139,1483,55739,1,6,0,0,0,2,0
49,17,0,1,2,1,0,0.0,0,211,2342,263173,1,9,0,0,2,2,0
79,13,1,0,3,1,0,0.151898734,4,4,2618,0,1,15,0,0,1,1,1
58,19,0,1,3,0,0,0.051724138,0,132,-1,191262,0,12,0,0,1,1,0
46,16,0,0,2,0,0,0.0,0,323,7131,12,0,8,1,0,0,0,0
79,19,0,0,3,0,0,0.0,0,7,39,0,1,15,0,1,0,1,1
65,12,0,0,1,1,0,0.0,4,13,-1,0,1,14,0,0,0,2,1
53,24,0,1,2,0,0,0.018867925,0,63,2332,0,1,8,0,0,1,2,1
20,13,0,1,2,0,0,0.0,0,37,5574,665462,0,5,0,0,0,0,0
57,24,0,1,3,0,1,0.0,0,23,3157,9211,0,9,1,1,1,1,0
37,22,0,1,2,0,0,0.0,0,205,7587,988,0,6,0,0,1,2,0
268,26,0,1,3,0,0,0.130597015,1,1,7083,17964,1,14,0,1,0,2,1
50,20,0,1,3,0,0,0.0,0,85,5625,9416529,1,9,0,0,0,2,1
44,18,0,1,2,0,0,0.1363636359999999,1,102,7980,6647,0,8,0,0,1,1,0
43,34,0,0,2,0,0,0.0,1,41,5230,0,1,6,0,0,0,1,1
24,15,0,0,2,0,0,0.0,0,200,5300,66965,0,6,0,0,0,0,0
25,16,0,0,3,0,0,0.0,0,178,-1,5335,0,7,0,0,0,0,0
169,23,1,1,3,0,1,0.213017751,1,17,6764,417046,1,17,0,0,0,2,1
121,37,1,1,3,1,0,0.157024793,3,31,-1,0,1,14,0,0,0,2,1
39,17,0,1,3,0,0,0.0,0,47,7957,237963,1,7,0,0,0,1,0
45,22,0,1,3,1,0,0.0,1,108,5985,8769,1,9,0,0,0,2,1
28,13,0,1,1,0,0,0.0,0,32,1019,5973121,0,6,0,0,0,2,1
29,20,0,0,2,0,0,0.0,0,98,-1,388177,0,6,0,0,0,1,0
74,17,1,0,1,0,0,0.108108108,1,208,6056,41,0,9,1,0,0,2,0
27,19,0,1,2,0,0,0.0,0,62,-1,7985577,0,6,0,0,1,1,0
148,21,0,0,3,1,0,0.0,2,4,2015,5348830,1,21,0,1,1,1,1
65,15,0,1,2,0,0,0.123076923,0,363,9799,72,0,13,0,0,1,0,0
41,23,0,1,2,1,0,0.0,0,0,3384,0,1,9,0,0,0,1,1
135,13,0,1,1,1,0,0.037037037,3,22,777,0,1,23,0,0,0,2,1
30,21,0,0,2,0,0,0.0,0,13,1228,0,0,6,0,0,0,3,0
36,27,0,0,2,1,0,0.083333333,0,28,7142,8441470,1,7,0,0,0,2,1
80,20,0,1,2,1,0,0.0,0,88,7917,2462,0,15,0,0,1,1,0
104,28,1,1,3,1,0,0.25,0,31,1016,1211946,1,12,0,0,0,1,1
48,15,0,0,2,0,0,0.0,0,1,8350,1,1,6,1,0,1,0,0
77,15,0,1,2,0,0,0.0,0,66,8829,2635,0,12,0,0,1,1,0
44,17,0,1,3,1,0,0.090909091,0,3,724,23941,1,10,0,1,1,1,1
160,21,1,1,3,1,1,0.15,2,23,4284,0,1,19,0,1,2,2,1
80,18,1,1,2,1,0,0.225,2,48,1669,0,1,10,0,0,1,2,1
51,21,0,1,3,0,0,0.0,1,33,1974,0,1,9,0,0,0,1,1
40,14,0,1,2,1,0,0.0,0,198,6895,21804,0,8,0,0,1,1,0
32,23,0,0,2,0,0,0.0,0,55,7448,4087496,0,6,1,0,0,1,0
35,26,0,0,3,0,1,0.0,0,0,129,0,1,7,0,0,0,2,1
126,50,1,1,3,1,0,0.174603175,0,4,4003,5816617,1,18,0,1,1,1,1
52,27,0,1,3,0,0,0.0,0,9,-1,345695,1,8,0,0,0,0,0
124,14,1,1,3,0,0,0.298387097,0,4,-1,0,1,9,0,0,1,1,1
28,20,0,1,2,0,0,0.0,0,45,7030,300424,0,6,0,0,1,1,0
69,15,0,0,3,0,0,0.0,0,97,8348,1,0,14,1,1,0,1,0
126,50,1,1,3,1,0,0.126984127,0,51,3993,5707171,1,18,0,1,1,2,1
24,13,0,0,2,0,0,0.0,0,456,-1,441753,0,6,0,0,0,1,0
64,36,0,1,3,0,1,0.046875,1,22,5626,0,1,13,0,0,0,1,1
38,12,0,0,1,0,0,0.0,0,412,960,329636,0,7,0,0,0,0,1
28,20,0,1,2,0,0,0.0,0,3,-1,0,0,6,0,0,0,1,1
66,16,1,1,2,0,0,0.106060606,0,154,3958,1171381,1,13,0,0,1,0,0
49,14,0,1,3,0,1,0.0,0,2,5279,0,0,8,0,0,1,2,1
27,20,0,1,2,0,0,0.0,1,125,1,0,1,5,0,0,2,2,1
37,29,0,1,2,0,0,0.0,0,313,6710,148354,0,6,0,0,1,2,0
102,15,0,1,3,1,0,0.049019608,0,0,9621,7902,0,16,1,0,1,3,0
43,10,0,1,1,0,0,0.0,0,0,2275,0,1,9,0,0,0,2,1
41,16,0,0,2,1,1,0.0,0,229,3893,173,1,9,1,0,2,2,0
238,15,1,0,2,0,0,0.369747899,2,16,241,0,1,20,0,0,0,1,1
37,18,0,1,2,0,0,0.0,0,80,2606,0,1,6,0,0,3,1,1
53,13,1,1,2,0,0,0.396226415,0,0,-1,6284693,1,6,0,0,1,2,1
42,16,0,0,2,0,0,0.0,2,1,8347,1,1,8,1,0,2,0,1
326,19,1,0,3,0,0,0.190184049,1,33,82,9795924,1,35,0,0,0,2,1
20,13,0,1,2,0,0,0.0,0,316,7546,519553,0,5,0,0,0,2,0
55,17,0,0,3,0,0,0.018181818,0,261,7431,194,0,9,0,0,0,1,0
34,9,0,1,1,0,0,0.0,1,0,-1,8262038,0,7,0,0,1,2,1
127,50,1,0,3,1,0,0.141732283,0,4,4003,5816617,1,18,0,1,1,1,1
63,15,0,0,2,1,0,0.031746032,2,97,1109,0,1,13,0,0,0,1,1
43,16,0,0,3,0,0,0.0,0,379,7133,12,0,10,1,0,0,1,0
32,23,0,0,2,0,0,0.0,0,93,2660,6841,0,6,0,0,0,2,0
46,18,0,1,3,0,0,0.0,0,0,-1,1755444,1,9,0,0,0,1,0
64,18,0,1,2,0,0,0.0,0,73,6653,53692,0,11,0,1,1,0,0
44,25,0,1,3,0,1,0.0681818179999999,0,19,5613,0,1,9,0,0,0,2,1
47,20,0,0,3,0,0,0.0,0,86,8045,2580,0,9,0,0,0,2,0
48,27,0,1,3,0,0,0.0625,1,7,3014,433561,1,7,0,0,1,0,1
27,18,0,0,2,0,0,0.0,0,253,6207,183608,0,6,0,0,0,1,0
36,17,0,0,1,0,0,0.083333333,0,23,240,0,1,6,0,0,1,2,1
58,16,0,1,3,1,0,0.0,0,123,3849,21963,1,10,0,0,1,0,0
30,22,0,0,2,0,1,0.0,0,14,7295,0,1,5,1,0,0,2,1
105,37,0,1,3,1,0,0.0,3,22,397,0,1,15,0,0,0,1,1
24,15,0,0,2,1,0,0.0,0,306,2486,0,0,7,0,0,2,2,0
37,21,0,1,2,0,1,0.135135135,0,36,7634,54115,1,6,0,0,1,1,1
54,19,0,1,3,0,1,0.018518519,0,75,9044,3332,1,11,0,0,2,1,0
26,18,0,1,2,0,0,0.0,0,424,7241,0,0,6,0,0,2,2,0
67,13,0,1,2,0,0,0.0,0,118,6686,611641,1,12,0,0,2,0,0
157,21,1,1,3,0,0,0.363057325,1,31,-1,0,1,17,0,0,0,2,1
78,32,0,1,3,0,0,0.0,0,16,3447,29037,0,10,0,0,0,1,0
87,31,0,0,3,0,0,0.103448276,0,0,7445,381,1,14,1,0,0,3,0
24,17,0,1,2,0,0,0.0,0,66,933,3334734,0,5,0,0,0,2,0
213,24,1,1,3,0,0,0.356807512,2,164,5669,0,1,16,0,0,0,2,1
56,47,0,0,3,0,1,0.125,0,22,5616,0,1,8,0,0,0,2,1
58,18,0,1,3,0,0,0.0,2,75,-1,0,1,10,0,0,2,2,1
30,21,0,0,2,0,0,0.0,0,32,4317,696542,0,6,0,0,0,0,0
100,24,0,1,3,1,0,0.11,3,0,6323,2131372,0,17,0,0,0,3,0
83,21,0,0,2,0,0,0.0,0,56,6261,524,0,16,0,1,0,3,0
46,23,0,1,2,1,0,0.0,1,35,8225,195768,0,9,0,0,1,2,0
164,16,1,1,3,1,0,0.25,4,22,4508,10462889,1,18,0,0,0,1,1
41,25,0,1,2,0,0,0.195121951,0,8,1338,22211,1,6,0,1,1,0,1
45,19,0,1,3,0,0,0.022222222,0,6,-2,55590,0,7,0,0,0,2,0
39,25,0,1,2,0,0,0.205128205,0,8,1338,22211,1,7,0,1,1,0,1
43,25,0,0,2,0,0,0.0,0,82,7081,56465,0,7,0,0,0,0,0
60,21,0,1,1,0,0,0.0,1,24,2700,125151,0,10,0,0,2,1,0
907,29,1,0,3,1,0,0.175303197,2,1,1037,13295,1,40,0,0,0,1,1
32,24,1,1,3,1,0,0.1875,0,21,8094,3612,1,8,0,0,1,2,1
88,27,0,1,3,0,0,0.011363636,0,5,2369,0,1,16,0,0,0,1,1
24,16,0,1,2,0,1,0.0,0,65,3229,7969012,0,6,0,0,1,1,0
59,18,0,0,2,0,0,0.0,0,205,5225,137,0,9,0,0,0,2,0
30,15,0,1,1,0,0,0.0,0,54,-2,1373136,0,6,0,0,0,1,0
48,25,0,1,3,0,0,0.020833333,0,24,3718,4166420,1,9,0,0,2,2,1
49,13,0,0,3,0,0,0.020408163,0,2,2290,132459,0,10,0,0,1,2,1
43,25,0,1,3,0,0,0.186046512,0,8,1338,22211,1,7,0,1,1,0,1
35,26,0,0,2,1,0,0.0,0,5,2837,0,1,7,0,0,0,3,1
28,19,0,0,2,0,0,0.0,0,36,3781,548255,0,6,0,0,0,0,0
88,20,0,0,3,1,0,0.0,0,173,5857,199672,1,14,0,0,1,0,0
22,15,0,1,1,0,0,0.0,0,11,4798,10594830,0,4,0,0,1,2,0
61,15,0,0,2,0,1,0.114754098,1,25,9156,65,1,9,1,0,1,0,1
29,20,0,0,2,0,1,0.068965517,0,46,7298,0,0,6,1,0,0,1,0
60,16,0,0,2,0,0,0.05,1,10,8348,1,1,8,1,0,2,0,1
43,19,0,1,2,0,0,0.0,1,11,5028,0,1,9,0,0,0,1,1
77,20,0,1,2,0,0,0.0,0,65,2221,159227,0,12,0,1,0,1,0
30,15,0,0,1,1,1,0.033333333,0,184,-1,0,1,7,0,0,0,2,1
33,15,0,1,2,0,0,0.03030303,0,43,9874,49465,1,8,0,0,2,0,0
15,4,0,1,1,0,0,0.066666667,0,56,-1,0,1,5,0,0,4,2,1
45,18,0,1,3,0,0,0.0,0,37,3103,1923759,1,7,0,1,0,0,0
52,18,0,0,2,0,0,0.0,0,114,8752,137928,0,8,0,0,0,1,0
116,42,1,1,3,0,0,0.163793103,0,51,3992,5697976,1,17,0,1,1,2,1
51,24,0,1,2,0,0,0.0,0,4,7192,0,1,8,0,0,0,1,1
43,18,0,1,2,0,0,0.0,0,147,9201,684,0,7,0,0,1,0,0
27,18,0,0,2,1,0,0.0,0,126,6910,121389,0,7,0,0,0,1,0
78,44,0,1,3,0,1,0.0,1,21,5627,0,1,14,0,1,0,2,1
122,46,1,0,3,0,0,0.172131148,0,51,3993,5707171,1,19,0,1,0,2,1
21,13,0,1,2,0,0,0.0,0,235,3902,544866,0,6,0,0,1,1,0
29,20,0,0,2,0,0,0.068965517,0,8,1338,22211,1,6,0,0,0,0,1
111,24,1,1,2,0,0,0.198198198,1,103,7053,2073867,1,11,0,0,1,2,1
79,22,0,1,3,0,0,0.075949367,0,14,6322,3954957,1,13,0,0,1,1,0
82,16,0,1,2,0,0,0.0,0,143,7840,3993,0,12,0,0,1,0,0
27,18,0,0,2,0,0,0.0,0,65,-1,7831534,0,6,0,0,0,1,0
45,17,0,1,2,0,0,0.022222222,0,43,12560,13786,0,8,0,0,0,1,0
128,14,1,1,2,1,0,0.4453125,1,4,276,0,1,12,0,0,0,2,1
73,28,0,0,2,0,0,0.1643835619999999,0,64,7446,0,0,12,1,0,0,1,0
51,27,0,1,3,1,0,0.0,1,0,7,0,1,11,0,0,2,2,1
42,11,0,0,2,0,0,0.0,0,82,-1,212428,1,9,0,0,1,1,0
29,20,0,0,2,0,0,0.034482759,0,0,1350,19840,1,6,0,0,0,2,1
62,17,0,0,3,0,0,0.096774194,0,154,-1,124276,0,11,0,0,0,2,1
75,35,0,1,2,0,1,0.0,0,133,7620,2205,0,10,0,1,1,1,0
41,17,0,0,2,0,0,0.0,0,237,6429,615,0,7,0,0,0,0,0
81,17,0,1,3,0,0,0.0493827159999999,0,131,4778,60941,0,14,0,0,1,0,0
56,19,0,1,3,0,0,0.035714286,0,125,5311,0,1,10,0,0,3,2,1
77,22,1,0,1,0,0,0.181818182,0,0,3426,6045690,1,11,0,0,1,1,1
84,16,0,0,2,1,0,0.095238095,1,10,8347,1,1,13,1,0,0,0,1
50,18,0,1,2,0,0,0.0,0,558,6071,14479,0,8,0,0,1,2,0
31,23,0,1,2,0,0,0.0,0,49,2610,3214269,0,6,0,0,0,1,0
127,50,1,0,3,1,0,0.196850394,0,51,3992,5697976,1,18,0,1,1,2,1
77,23,1,1,1,0,0,0.246753247,0,30,5767,0,1,7,0,0,1,1,1
55,28,0,1,3,0,0,0.0,0,52,5075,47957,0,10,0,1,0,1,0
35,21,0,1,2,0,0,0.085714286,0,0,76,0,1,6,0,0,0,2,1
30,23,0,1,2,0,1,0.1,0,14,7295,0,1,5,1,0,1,1,1
41,10,0,0,1,1,0,0.0,0,196,4673,90,0,7,1,1,0,0,0
94,28,1,1,3,1,0,0.265957447,0,31,1016,1211946,1,11,0,0,0,1,1
37,22,0,1,2,0,0,0.0,0,204,7587,994,0,6,0,0,1,2,0
38,13,0,1,1,1,0,0.0,0,23,4370,0,1,8,0,0,0,2,1
55,22,0,0,2,0,1,0.0,0,118,7965,394388,0,9,0,0,0,1,0
52,27,0,0,3,0,0,0.019230769,0,194,3862,37627,0,8,0,0,0,2,0
43,18,0,0,3,0,0,0.0,0,560,7129,12,1,9,1,0,0,0,0
47,14,0,1,2,0,0,0.0,0,106,9095,4199,0,9,0,0,1,1,0
31,18,0,0,2,0,0,0.129032258,0,52,5158,0,0,9,1,0,0,1,0
20,13,0,1,2,0,0,0.0,0,215,7670,606148,0,5,0,0,2,2,0
40,31,0,0,3,1,0,0.0,0,11,8195,8063233,1,8,0,0,2,1,1
22,15,0,1,2,0,0,0.090909091,0,8,5158,0,0,5,1,0,1,1,0
23,14,0,0,2,0,0,0.0,0,22,711,2046137,0,6,0,0,0,0,1
38,18,0,1,2,0,0,0.0,0,124,9205,690,0,7,0,0,1,0,0
54,15,0,1,3,0,0,0.074074074,0,0,10616,76836,0,10,0,0,1,3,0
39,31,0,1,2,0,0,0.0,1,47,-1,77586,1,8,0,0,1,1,1
50,15,0,1,2,0,0,0.0,0,193,5887,184,0,9,0,0,1,1,0
25,16,0,0,2,0,0,0.0,0,246,8707,144051,0,6,0,0,0,0,0
28,21,0,1,2,0,1,0.214285714,1,13,6170,567796,1,5,0,0,1,0,1
74,19,0,1,2,1,0,0.0,0,88,-1,627147,0,11,0,0,1,0,0
39,17,0,0,1,0,0,0.0,0,13,-1,0,1,6,0,0,1,1,1
22,14,0,1,2,0,1,0.0,0,14,-1,141247,0,6,0,0,1,0,0
31,19,0,0,2,1,0,0.0,0,728,7053,4510133,0,8,0,0,0,1,0
58,20,0,1,2,0,0,0.0,3,320,6195,84404,1,9,0,0,2,2,0
50,16,0,1,1,0,0,0.0,0,56,1791,58549,0,8,0,0,1,0,0
33,25,0,1,2,0,0,0.0,0,0,49,0,1,8,0,0,0,2,1
30,10,0,1,2,1,0,0.0,0,25,3251,421761,0,8,0,0,1,1,1
32,14,0,0,2,0,1,0.0625,0,30,-1,0,1,8,0,0,2,1,1
33,12,0,0,2,0,0,0.0,0,1,2416,0,1,6,0,0,0,1,1
64,14,0,1,2,0,0,0.0,0,71,4916,19476,0,11,0,0,1,1,0
41,32,0,0,2,0,0,0.1707317069999999,0,33,1546,4669,1,6,0,1,0,2,1
87,18,0,1,3,0,0,0.011494253,0,34,7647,6630238,0,17,0,0,0,2,1
76,49,0,1,3,0,0,0.026315789,1,13,5451,74,1,14,0,0,0,1,1
54,26,0,0,3,0,1,0.111111111,0,33,7296,0,1,9,1,0,0,2,1
31,14,0,1,1,0,0,0.0,0,0,3572,0,1,5,0,0,1,2,1
70,14,1,0,2,0,0,0.142857143,1,25,-1,7596860,0,11,0,0,0,1,1
113,17,0,1,3,1,0,0.0,4,6,4609,0,1,20,0,0,0,1,1
30,22,0,1,2,0,0,0.0,0,587,7621,69638,0,6,0,0,1,2,0
92,22,1,1,2,1,0,0.141304348,3,11,-1,0,1,12,0,0,0,2,1
51,11,0,1,3,0,1,0.039215686,0,173,7498,23235,0,10,0,0,1,0,0
42,25,0,0,2,0,0,0.0,0,93,2313,2158898,0,6,0,0,1,2,0
32,24,0,1,2,0,0,0.0,0,62,258,0,0,6,0,0,0,1,1
77,23,1,1,1,0,0,0.285714286,0,30,5767,0,1,7,0,0,1,1,1
45,21,0,1,2,0,0,0.0,0,176,5401,92750,0,7,0,0,0,2,0
30,18,0,0,2,0,0,0.0,0,76,5180,17109,0,6,0,0,0,0,0
48,17,0,1,2,0,1,0.0,0,155,9639,149,1,10,1,0,1,1,0
74,14,0,1,3,0,0,0.067567568,0,6,-1,86381,1,15,0,0,1,1,1
74,13,0,0,2,0,0,0.0,0,17,7419,285,0,13,0,0,0,0,0
25,16,0,0,2,0,0,0.04,0,60,1334,264328,1,6,0,1,2,1,0
47,29,0,1,2,0,0,0.042553191,0,77,713,0,1,7,0,0,1,1,0
32,11,0,1,2,0,0,0.03125,0,20,3630,209150,0,6,0,0,1,1,0
48,36,0,1,2,0,1,0.020833333,0,17,7296,0,1,11,1,0,1,2,1
74,17,1,1,2,0,0,0.22972973,0,0,-1,326702,1,8,0,0,1,2,1
51,43,1,1,3,0,0,0.196078431,0,5,3243,0,1,9,0,1,0,2,1
56,16,0,1,2,0,0,0.0,0,55,2388,1625,1,10,0,1,1,1,0
29,20,0,0,2,0,0,0.068965517,0,9,1336,20989,1,6,0,0,0,0,1
48,17,0,1,3,0,0,0.0,0,322,9958,18466,0,9,0,0,1,0,0
46,15,0,1,2,0,0,0.0,0,242,5883,181,0,9,0,1,1,1,0
169,17,1,1,1,1,0,0.159763314,2,17,-1,0,1,22,0,0,1,1,1
38,22,0,1,2,0,0,0.0,0,188,7584,969,0,7,0,0,1,2,0
47,21,0,1,2,1,0,0.0,2,0,767,0,1,9,0,0,0,2,1
108,20,1,0,3,0,0,0.25,2,27,866,2164987,1,14,0,0,0,2,1
26,17,0,0,2,0,0,0.0,0,0,7448,3850251,0,6,0,0,0,0,0
84,6,1,0,3,0,0,0.1785714289999999,0,0,-1,24,0,20,0,1,1,2,1
55,16,0,0,2,0,0,0.0,0,657,7131,12,0,12,1,0,0,1,0
39,30,0,0,2,1,0,0.102564103,0,0,190,0,1,7,0,0,0,2,1
27,19,0,1,2,0,0,0.0,0,1652,7396,57498,0,6,0,0,1,2,0
16,8,0,1,1,0,0,0.0,0,85,-1,10507,0,5,0,0,1,1,0
44,21,0,1,3,0,0,0.0,0,0,7284,854720,0,7,0,0,1,3,0
29,11,0,1,1,1,0,0.0,0,8,-1,0,1,7,0,0,0,2,0
27,19,0,1,2,1,0,0.0,0,249,-1,0,0,7,0,0,1,2,0
40,24,0,1,2,0,0,0.0,0,5,1527,0,1,7,0,0,0,2,1
28,19,0,0,2,0,1,0.0,0,26,3993,198861,0,6,0,0,0,0,0
30,21,0,0,2,0,1,0.033333333,0,14,7295,0,0,6,1,0,0,1,1
125,50,1,1,3,1,0,0.144,0,51,3992,5697976,1,19,0,1,0,2,1
21,11,0,0,1,0,0,0.0,0,4,3255,0,1,5,0,0,3,1,1
248,14,1,1,2,0,0,0.237903226,2,5,7816,0,1,35,0,0,0,1,1
40,19,0,1,1,0,0,0.05,0,90,295,0,1,7,0,0,1,2,1
64,22,0,1,2,0,0,0.125,0,86,3898,289375,0,13,0,0,1,2,0
77,27,0,1,2,0,1,0.0,0,85,7618,2188,0,10,0,0,1,1,0
43,25,0,0,2,0,0,0.186046512,0,8,1338,22211,1,7,0,1,0,0,1
62,19,1,1,2,0,0,0.306451613,1,0,3753,0,1,7,0,0,1,2,1
32,8,0,0,1,0,0,0.03125,0,5,1101,4440,1,7,0,0,0,1,1
18,10,0,1,2,0,0,0.0,0,70,-1,14881,0,6,0,0,1,2,0
95,13,0,1,3,1,0,0.0,5,21,630,0,1,16,0,0,2,1,1
49,30,1,0,3,0,0,0.142857143,1,8,5160,18406,1,8,0,1,0,1,1
98,13,0,0,2,0,0,0.0,0,17,7423,289,0,19,0,1,0,0,0
268,13,1,0,3,1,0,0.194029851,0,163,7105,6364958,1,29,0,0,2,2,1
101,18,0,0,3,1,0,0.069306931,1,21,177,0,1,13,0,1,0,2,1
21,13,0,1,1,0,0,0.047619048,0,40,-2,0,0,5,0,0,0,1,1
24,15,0,0,2,0,0,0.0,0,18,4796,621566,0,6,0,0,0,0,0
37,16,0,0,2,0,0,0.0,0,848,7131,12,0,7,1,0,0,1,0
246,15,1,0,2,0,0,0.406504065,2,16,241,0,1,22,0,0,0,1,1
77,26,1,1,2,0,0,0.142857143,0,4,1612,4645834,1,14,0,0,1,1,1
39,26,0,1,3,0,0,0.0,1,0,3792,281042,1,7,0,0,1,2,1
33,16,0,0,2,0,0,0.0,0,53,8520,8,0,6,1,0,0,2,0
33,26,0,1,2,0,1,0.0,0,14,7295,0,1,5,1,0,1,1,1
34,15,0,1,1,0,0,0.0,0,8,2215,0,1,7,0,0,0,1,1
242,19,1,0,3,0,1,0.144628099,1,1,8347,1,0,36,1,1,0,0,1
38,29,0,0,2,0,1,0.0,0,14,7296,0,1,6,1,0,0,2,1
36,29,0,1,2,0,0,0.0,0,24,5161,0,0,6,1,0,1,1,0
39,31,0,1,3,0,0,0.0,0,1,-1,0,0,8,0,0,1,1,1
55,16,0,0,2,0,0,0.0,0,243,7131,12,0,8,1,0,0,1,0
81,25,0,1,3,0,0,0.098765432,0,0,-1,183866,1,13,0,0,1,3,0
20,13,0,1,2,0,0,0.0,0,0,-1,9161487,0,5,0,0,0,1,0
54,31,0,1,2,1,0,0.037037037,0,71,2132,17515,1,10,0,1,1,2,0
81,19,1,1,2,0,0,0.209876543,0,0,535,7375648,1,10,0,0,0,2,1
38,30,0,1,2,1,0,0.0,1,47,-1,77586,1,7,0,0,1,1,1
45,18,0,1,2,0,0,0.0,0,535,8407,128482,1,10,0,0,2,2,0
94,27,0,0,2,0,0,0.0,2,7,4152,4785364,1,12,0,0,1,2,1
52,17,0,1,2,1,0,0.0,1,0,1369,3006508,1,10,0,0,1,2,1
79,13,0,1,2,0,0,0.0,0,88,2394,4120,1,13,0,0,1,0,0
35,26,0,0,3,0,1,0.085714286,0,21,5626,5064421,1,8,0,0,0,2,1
40,32,0,1,2,0,1,0.0,0,70,7298,2293234,0,6,1,0,0,1,0
37,20,0,1,3,0,0,0.0,0,9,-1,0,1,8,0,0,0,1,1
33,22,0,1,2,0,0,0.0,0,0,-1,0,1,7,0,0,0,2,1
22,13,0,0,2,0,0,0.0,0,157,-1,678288,0,6,0,0,0,1,0
16,4,0,1,1,0,0,0.0,0,10,-1,1590047,1,5,0,0,2,1,1
57,21,0,1,2,0,0,0.070175439,1,4,3318,0,1,11,0,0,1,1,1
123,30,0,0,2,1,1,0.1300813009999999,0,26,8019,0,1,17,0,1,1,1,1
114,18,0,0,2,0,0,0.00877193,0,33,3957,3230,0,19,0,0,0,2,0
77,14,1,1,3,1,0,0.1558441559999999,0,38,-1,0,1,15,0,1,2,2,1
32,23,0,0,2,0,1,0.09375,0,14,7295,0,1,6,1,0,0,1,1
27,18,0,0,2,0,0,0.0,0,52,2241,4289979,0,6,0,0,0,0,0
72,31,0,1,2,0,1,0.0,0,127,7619,2192,0,9,0,0,1,1,0
35,27,0,1,2,0,0,0.0,1,611,3103,0,0,6,0,0,0,2,1
83,22,1,1,3,0,0,0.506024096,0,4,6741,32679,1,12,0,0,0,2,1
40,21,0,1,2,0,0,0.0,0,14,8269,2249603,0,7,0,0,0,2,0
29,21,0,1,2,1,0,0.0,0,71,2920,0,0,7,0,0,1,2,0
36,15,0,0,2,0,0,0.0,0,21,1973,0,1,8,0,0,0,1,1
42,14,0,1,3,0,0,0.119047619,0,130,7159,2320,0,9,0,0,2,2,0
32,24,0,1,2,0,0,0.0,0,0,1101,0,0,6,0,0,0,2,1
49,21,0,0,1,1,0,0.0,0,237,2,0,1,9,0,0,0,2,1
23,15,0,1,2,0,0,0.0,0,119,1536,3790904,0,6,0,0,0,1,0
74,18,0,1,2,0,0,0.0,0,96,4489,2889,0,12,0,1,1,1,0
21,7,0,0,1,0,0,0.047619048,0,19,1132,3806966,0,5,0,0,0,0,1
142,20,1,0,3,0,0,0.492957746,0,0,-1,7049181,1,10,0,0,0,2,1
165,21,1,1,3,0,0,0.345454545,1,31,-1,0,1,19,0,0,0,2,1
69,33,0,1,2,0,0,0.144927536,0,0,936,0,1,9,0,0,0,2,1
50,32,0,0,2,0,0,0.0,1,25,5,0,1,6,0,0,2,1,1
92,31,0,1,3,0,0,0.0,0,8,-1,0,1,14,0,0,0,1,1
85,17,0,1,2,0,0,0.070588235,0,9,11801,2032,1,14,0,0,3,0,0
41,16,0,0,2,0,0,0.0,0,227,7133,12,0,7,1,0,0,1,0
78,24,0,1,3,0,0,0.0,0,140,5876,1079265,0,10,0,0,0,1,0
35,27,0,1,2,0,0,0.0,0,0,-1,2584351,1,6,0,0,2,1,1
20,11,0,0,2,0,0,0.0,0,286,4931,409975,0,6,0,0,0,1,0
36,15,0,1,2,1,0,0.0,1,11,6608,0,1,8,0,0,1,2,1
58,26,0,1,2,0,0,0.0,0,26,9054,1644,1,9,0,0,2,1,0
119,12,1,1,3,1,0,0.218487395,0,503,798,0,1,15,1,1,3,2,1
99,15,0,0,2,0,0,0.0808080809999999,1,25,8345,1,1,11,1,0,1,1,1
51,11,0,1,2,0,0,0.019607843,1,17,6392,0,1,10,0,0,0,1,1
17,8,0,0,1,0,0,0.0,0,42,-1,3426171,0,5,0,0,0,0,0
35,27,0,1,2,0,1,0.0,0,188,7298,0,0,6,1,0,0,2,0
72,13,0,0,2,0,0,0.180555556,0,0,3478,26341,1,10,0,0,1,3,1
26,19,0,1,2,0,1,0.038461538,0,0,2683,0,0,5,0,1,0,2,0
36,25,0,1,2,0,0,0.0,0,574,6258,689,0,6,0,0,1,2,0
113,23,1,0,3,0,1,0.079646018,0,11,8019,0,1,12,0,0,1,2,1
26,18,0,1,2,0,0,0.0,0,7,819,0,1,6,0,0,1,1,1
76,29,0,0,3,0,0,0.026315789,0,0,5842,695199,1,12,0,1,0,2,1
56,20,0,1,2,0,0,0.1785714289999999,0,0,529,0,1,9,0,0,0,2,1
98,16,1,0,2,0,0,0.214285714,1,10,8348,1,0,17,1,0,0,0,1
70,13,0,0,2,1,0,0.0,0,74,6991,8824,0,15,0,0,0,2,0
82,22,0,0,2,0,0,0.036585366,3,1,322,129432,1,12,0,0,0,2,1
33,25,0,1,2,0,1,0.0,0,52,7297,0,0,6,1,0,1,1,0
24,15,0,0,2,0,0,0.0,0,203,3396,3049386,0,6,0,0,0,1,0
132,16,1,0,3,0,0,0.060606061,0,9,7764,32,0,12,0,0,0,1,1
38,25,0,0,2,0,0,0.210526316,0,8,1338,22211,1,7,0,1,0,0,1
27,11,0,0,1,0,0,0.074074074,0,1,3006,2068080,1,5,0,0,1,0,1
44,24,1,1,3,1,0,0.1363636359999999,0,21,8094,3652,1,8,0,0,1,2,1
26,18,0,1,2,0,0,0.153846154,0,39,1938,2636665,0,6,0,0,1,1,0
25,10,0,0,1,0,0,0.2,0,8,2139,309382,1,5,0,0,1,0,1
24,17,0,1,1,0,0,0.041666667,0,47,-1,0,0,4,0,0,0,1,0
46,29,0,0,3,0,1,0.0,0,14,42,0,1,7,0,0,0,1,1
35,26,0,0,2,1,0,0.0,0,0,2837,0,1,7,0,0,0,1,1
34,25,0,0,3,0,0,0.0,0,368,3497,4177140,0,7,0,0,0,2,0
19,11,0,0,1,0,0,0.0,0,7,143,0,1,4,0,0,0,1,1
42,24,0,1,3,0,0,0.0,0,7,4103,0,1,9,0,0,0,2,1
54,22,0,1,3,0,0,0.0,0,259,-1,0,1,10,0,0,6,2,1
166,21,1,1,3,0,1,0.487951807,0,183,35,2182476,1,10,0,0,0,2,1
58,14,0,1,3,0,0,0.0,1,56,2686,0,1,13,0,0,0,2,1
342,16,1,0,3,0,0,0.301169591,0,0,7489,376,0,45,0,1,0,0,1
50,19,0,1,2,0,1,0.0,0,94,2459,196497,0,9,0,1,0,2,0
21,14,0,1,2,0,0,0.0,0,234,3820,0,0,5,0,0,0,1,0
71,29,0,0,3,0,0,0.0845070419999999,0,0,7446,383,0,12,1,0,0,3,0
36,17,0,1,2,0,0,0.0,0,0,6302,0,1,8,0,0,0,2,1
164,17,1,1,3,0,0,0.37195122,1,31,-1,0,1,18,0,0,0,2,1
80,47,0,0,3,0,1,0.025,0,22,5627,0,1,11,0,1,0,2,1
96,27,0,0,3,1,0,0.010416667,4,16,2616,0,1,14,0,0,0,2,1
94,21,0,0,3,1,0,0.0,3,587,778,7054782,1,16,0,0,2,2,1
55,14,0,1,2,0,0,0.0,0,14,1794,0,1,9,0,0,1,2,1
26,13,0,0,2,0,0,0.038461538,0,199,4706,1542,0,7,0,0,0,0,0
83,18,0,1,2,1,0,0.0,0,2,8079,22287,1,11,0,0,1,2,0
35,24,0,1,1,0,0,0.0,1,3,1046,0,1,6,0,0,0,2,1
43,26,0,1,2,0,0,0.023255814,0,96,2344,237648,1,8,0,0,1,1,0
126,50,1,1,3,1,0,0.134920635,0,51,3993,5707171,1,18,0,1,1,2,1
110,29,0,1,3,1,0,0.0,1,29,3327,0,1,18,0,1,1,1,1
155,15,1,1,3,0,0,0.174193548,1,1,2414,0,1,15,0,0,1,2,1
78,34,1,1,2,0,0,0.320512821,0,103,7062,491854,1,10,0,0,1,2,1
66,30,0,1,2,0,0,0.151515152,0,0,507,0,1,9,0,0,0,2,1
89,16,0,1,2,1,0,0.04494382,2,70,605,0,1,23,0,0,0,2,1
32,23,0,0,2,0,1,0.0625,0,0,5613,0,1,6,0,0,0,2,1
57,26,0,0,2,0,0,0.0,1,21,9,0,0,8,0,0,0,1,1
243,25,1,0,2,1,0,0.102880658,3,0,2314,0,1,27,0,0,0,2,1
38,9,0,1,1,0,0,0.105263158,0,1,-1,0,1,6,0,0,2,1,1
61,29,0,0,3,1,1,0.016393443,2,21,5615,0,1,12,0,0,0,2,1
23,15,0,1,2,0,0,0.0,0,552,9438,9638228,0,6,0,0,1,2,0
36,28,0,1,3,0,0,0.0,0,79,-1,0,0,7,0,0,1,1,0
115,22,0,1,3,0,0,0.008695652,0,11,6205,39759,1,18,0,0,3,2,0
35,16,0,0,2,0,0,0.0,0,1300,7134,12,0,7,1,0,0,1,0
1641,22,1,0,3,0,0,0.162705667,2,13,1328,0,0,73,0,0,0,2,1
60,20,0,1,3,0,0,0.0,1,4,-1,0,1,11,0,0,1,1,1
37,28,0,0,3,0,1,0.0,0,78,-1,1132851,0,7,0,0,0,2,0
42,12,0,1,3,0,0,0.0,0,22,-1,0,1,8,0,0,2,1,1
72,14,0,1,2,0,0,0.0,0,274,7410,2203,0,13,0,0,1,1,0
45,16,0,0,2,0,0,0.0,0,825,7134,12,0,8,1,0,0,1,0
40,20,0,1,2,0,0,0.0,0,417,4217,819732,1,7,0,0,0,1,0
56,17,0,1,1,0,1,0.107142857,0,46,4489,722263,0,11,0,0,2,1,0
39,22,0,1,2,0,0,0.0,0,8,385,0,1,8,0,0,0,1,1
68,13,0,1,3,0,0,0.0,0,22,-1,0,1,12,0,1,1,1,1
77,59,0,1,3,0,0,0.051948052,1,0,8413,0,1,14,1,1,0,2,1
45,22,0,0,1,1,0,0.022222222,2,3,1824,0,1,7,0,0,1,1,1
133,32,0,0,2,1,1,0.097744361,0,26,8019,0,1,18,0,1,1,1,1
31,23,0,1,2,0,0,0.0,0,15,2044,0,1,6,0,0,0,0,0
69,20,1,0,2,0,0,0.391304348,0,23,1963,5967691,0,6,0,0,0,1,1
37,29,0,1,2,0,0,0.0,0,4,6801,37348,0,8,0,0,1,1,1
74,39,0,1,3,1,0,0.081081081,0,3,11,0,1,11,0,0,1,1,1
41,25,0,1,3,0,0,0.024390244,0,1,5511,200509,1,7,0,0,0,2,1
20,11,0,0,1,0,0,0.0,0,66,-1,0,0,5,0,0,1,0,0
259,27,1,0,3,0,0,0.239382239,0,17,154,0,1,40,0,1,0,1,1
33,22,0,1,1,0,0,0.0,0,31,791,0,1,5,0,0,2,1,1
43,16,0,1,2,0,0,0.023255814,0,8,1953,4365,1,8,0,0,0,1,1
79,14,0,0,3,0,0,0.050632911,0,5,5161,114,1,15,1,1,0,0,0
48,11,0,1,3,1,0,0.083333333,0,91,-1,340,0,11,0,1,1,0,0
271,25,1,1,3,1,0,0.225092251,3,10,531,0,1,53,0,0,1,0,1
106,17,0,1,3,1,0,0.0,4,6,4609,0,1,20,0,0,0,1,1
76,14,0,0,3,0,0,0.052631579,0,5,5160,114,1,15,1,1,0,0,0
31,23,0,0,3,0,0,0.0,0,63,5134,90756,0,6,0,0,0,1,1
89,37,0,0,2,0,0,0.08988764,0,123,7445,0,0,15,1,0,0,1,0
34,19,0,1,1,0,0,0.0,1,0,1212,0,1,6,0,0,1,2,1
55,16,1,0,2,0,0,0.163636364,2,1,8348,1,1,8,1,0,2,0,1
31,11,0,1,1,0,0,0.0,0,7,7793,84222,0,7,0,0,0,1,0
106,27,1,1,3,0,1,0.103773585,0,1,1856,0,1,18,0,0,0,1,1
127,50,1,0,3,1,0,0.149606299,0,4,4004,5828815,1,18,0,1,1,1,1
87,27,1,1,3,1,0,0.16091954,3,63,2887,0,1,13,0,0,0,2,1
32,25,0,1,2,0,1,0.0,0,14,7295,0,1,6,1,0,1,1,1
27,19,0,0,2,0,0,0.0,0,0,560,0,1,6,0,0,0,1,1
95,23,0,1,3,1,0,0.042105263,0,0,7431,27573,1,17,0,0,0,3,0
140,13,0,1,1,0,0,0.007142857,2,9,1905,0,1,20,0,1,1,1,1
128,12,1,1,3,0,0,0.265625,0,0,3386,0,1,22,0,0,0,2,1
46,23,0,1,2,1,0,0.086956522,0,0,4424,0,0,10,0,0,0,1,1
129,25,0,1,3,0,0,0.0,0,0,7791,129860,0,14,0,0,0,3,0
17,8,0,0,1,0,0,0.0,0,672,3354,87568,0,5,0,0,0,1,0
38,30,0,1,3,0,0,0.078947368,1,7,834,0,0,7,0,0,1,1,1
29,21,0,1,2,1,0,0.0,0,0,1,0,1,7,0,0,1,2,1
92,27,0,0,2,1,1,0.043478261,0,26,8019,0,1,14,0,0,1,1,1
126,50,1,0,3,1,0,0.19047619,0,51,3993,5707171,1,19,0,1,0,2,1
49,29,0,0,3,0,0,0.0,0,68,1,0,1,9,0,0,0,3,1
33,25,0,1,2,0,0,0.0,0,47,5161,0,0,6,1,0,1,1,0
41,12,0,1,1,0,0,0.048780488,0,51,2968,6835312,1,8,0,1,0,0,0
30,22,0,1,3,0,0,0.0,0,130,-1,800711,0,7,0,0,1,1,0
29,13,0,0,3,0,0,0.0,0,519,9337,31323,1,7,0,0,0,2,0
52,22,0,0,3,1,0,0.038461538,1,4,13,0,1,10,0,0,1,1,1
41,24,0,1,3,0,0,0.0,0,7,-1,80476,1,8,0,0,0,1,1
57,32,0,0,2,0,0,0.0,0,220,6249,1038,0,8,0,0,0,1,0
69,17,0,0,3,0,0,0.0,0,202,8836,5999,0,11,0,0,0,1,0
38,29,0,0,2,0,0,0.0,0,21,5332,0,0,6,0,0,0,2,0
24,17,0,1,2,0,0,0.0,0,15,6032,0,0,5,0,0,1,1,0
44,19,0,0,3,0,0,0.022727273,0,6,-1,0,1,8,0,0,1,1,1
27,18,0,0,2,0,0,0.0,0,117,1490,1522367,0,6,0,0,0,2,0
38,16,0,1,2,1,0,0.0,0,336,-1,272458,0,8,0,0,1,1,0
67,17,0,0,3,1,0,0.0,0,477,-1,127,1,12,0,0,1,0,0
32,23,0,0,2,0,0,0.0,0,73,3335,338594,0,6,0,0,0,2,0
45,36,1,0,3,1,0,0.088888889,0,31,278,0,1,9,0,1,0,1,1
66,14,1,1,2,0,0,0.196969697,0,0,4376,0,1,8,0,0,1,2,1
52,22,0,0,3,1,1,0.038461538,0,34,5682,2282426,0,11,0,0,0,2,0
109,11,0,1,2,0,0,0.036697248,0,137,9549,5890,0,17,0,1,1,2,0
146,15,1,1,3,0,0,0.260273973,0,44,940,0,1,10,0,0,1,2,1
117,31,1,1,2,0,0,0.307692308,1,1,496,3273064,1,11,0,0,1,1,1
40,18,0,1,2,0,0,0.05,0,0,230,0,1,9,0,0,0,2,1
66,22,0,1,2,1,0,0.090909091,1,24,4090,0,1,12,0,0,0,2,1
66,10,1,1,1,0,0,0.151515152,0,177,6716,0,0,11,0,0,1,1,0
48,23,0,0,2,1,0,0.0,0,319,7838,606,0,8,0,0,0,0,0
43,20,0,1,2,0,0,0.0,0,462,6069,14592,0,7,0,0,1,1,0
128,50,1,0,3,1,0,0.1953125,0,51,3992,5697976,1,19,0,1,0,2,1
62,25,0,1,2,0,0,0.0,0,76,3993,17004,0,10,0,0,1,2,0
50,19,0,0,3,0,1,0.12,0,109,9554,4350,0,10,0,0,0,1,0
23,10,0,1,1,0,0,0.086956522,0,0,-1,9213096,1,5,0,0,0,2,1
39,24,0,1,3,1,0,0.0,0,31,1015,1196152,1,9,0,0,0,1,1
39,16,0,0,2,0,0,0.0,2,1,8348,1,1,8,1,0,2,0,1
39,17,0,1,3,0,1,0.0,1,87,681,0,1,8,0,0,0,2,1
39,31,0,1,2,0,0,0.0,0,65,4394,5585999,0,6,0,0,1,1,0
78,15,0,1,2,0,0,0.0,0,50,8620,1432,0,15,0,1,1,0,0
30,22,0,1,2,0,0,0.0,0,21,7047,0,0,6,0,0,1,2,0
57,20,0,0,2,0,0,0.0,0,78,177,0,1,7,0,0,1,2,1
45,10,0,1,2,0,0,0.044444444,0,11,-1,0,1,8,0,1,0,1,1
24,15,0,0,2,0,0,0.0,0,46,5224,5227935,0,6,0,0,0,2,0
66,15,0,0,3,1,0,0.0,0,229,-1,4248,0,13,0,0,0,2,0
85,19,0,1,2,0,0,0.117647059,0,88,4620,10598549,0,17,0,0,0,2,0
53,20,0,1,2,1,0,0.0,0,119,8836,400693,0,11,0,0,1,2,0
68,19,1,1,2,0,0,0.161764706,1,10,3297,0,1,10,0,0,0,2,1
37,19,0,1,1,0,0,0.0,0,60,3297,0,1,7,0,0,0,2,1
23,16,0,1,2,0,0,0.0,0,77,4245,0,0,5,0,0,0,0,0
110,20,1,1,2,0,0,0.390909091,0,18,523,0,1,10,0,0,0,2,1
57,14,0,1,3,1,0,0.0,3,151,-1,0,1,12,0,1,1,1,1
25,16,0,0,2,0,0,0.0,0,133,7610,153891,0,6,0,0,0,1,0
38,12,0,1,1,0,0,0.078947368,1,0,-2,0,1,7,0,0,1,2,1
132,16,1,0,3,0,0,0.045454545,0,9,7765,32,0,10,0,0,0,1,1
46,11,0,1,1,0,0,0.043478261,0,9,1723,9579282,1,9,0,0,1,1,1
61,24,0,1,3,0,0,0.0,1,0,2926,0,1,10,0,0,0,2,1
19,12,0,1,1,0,0,0.0,0,0,2354,860529,0,4,0,0,0,0,0
127,50,1,0,3,1,0,0.173228346,0,51,3993,5707171,1,18,0,1,1,2,1
126,50,1,0,3,1,0,0.19047619,0,51,3992,5697976,1,19,0,1,0,2,1
23,10,0,1,1,0,0,0.0,0,7,1754,0,0,6,0,0,0,2,1
85,18,0,1,2,1,0,0.035294118,0,96,4489,2889,0,13,0,1,2,1,0
58,28,0,0,3,0,0,0.0,1,211,3282,35086,1,9,0,0,1,2,0
21,13,0,1,2,0,0,0.0,0,135,6577,4902560,0,6,0,0,0,0,0
24,17,0,1,1,0,0,0.0,0,214,2969,1468179,0,4,0,0,1,2,0
25,16,0,0,2,0,0,0.0,0,209,6374,50463,0,6,0,0,0,2,0
26,19,0,1,3,0,0,0.0,0,139,-1,283161,0,6,0,0,1,1,0
41,15,0,0,3,0,0,0.0,1,3,-1,0,1,8,0,0,0,1,1
35,10,0,0,1,1,0,0.0,1,10,1744,0,1,7,0,0,1,1,1
58,15,0,1,3,0,0,0.103448276,0,12,5071,0,0,10,0,0,0,0,1
57,44,0,0,3,0,0,0.052631579,0,39,625,0,1,9,0,0,0,2,1
81,20,0,1,2,1,0,0.0,3,12,7267,0,1,13,0,0,0,1,1
30,21,0,0,2,1,0,0.0,0,68,3893,1486318,0,7,0,0,0,2,0
26,17,0,0,2,0,0,0.0,0,174,3459,1702679,0,6,0,0,0,1,0
46,28,1,1,3,0,1,0.195652174,2,21,5626,0,1,9,0,0,0,2,1
26,18,0,1,2,0,0,0.0,0,58,2649,79203,0,6,0,0,1,2,0
31,11,0,0,1,0,0,0.0,0,25,7491,63,0,5,1,0,0,2,0
55,15,0,1,3,0,0,0.0,0,108,7375,1318241,0,9,0,0,1,2,0
24,15,0,0,2,0,0,0.0,0,173,4484,10170,0,6,0,0,0,2,0
98,22,0,1,3,1,0,0.030612245,0,0,6198,0,1,18,0,0,0,2,1
70,19,0,1,3,1,0,0.057142857,1,32,-1,0,1,11,0,0,0,2,1
105,50,1,1,3,0,0,0.133333333,0,9,1467,0,1,14,0,1,0,1,1
31,20,0,1,1,1,0,0.0,0,0,3152,0,1,7,0,0,0,2,1
242,17,1,0,2,1,0,0.107438017,3,53,6608,0,1,29,0,0,1,0,1
126,50,1,0,3,1,0,0.166666667,0,51,3992,5697976,1,19,0,1,0,2,1
93,19,0,1,2,0,0,0.053763441,0,170,-1,0,1,15,0,1,2,2,0
59,42,0,0,2,0,0,0.0,0,23,7,0,1,6,0,0,0,1,1
96,20,1,1,2,1,0,0.46875,0,38,190,0,1,16,0,0,1,1,1
37,29,0,1,2,0,1,0.027027027,0,7,165,0,1,8,0,0,0,1,1
67,21,0,1,1,0,0,0.029850746,1,22,3833,0,1,10,0,0,1,0,1
54,23,0,1,3,0,0,0.0,0,289,6859,656,0,9,0,0,1,2,0
31,24,0,1,2,0,0,0.0,0,6,7412,1561104,1,5,0,0,0,0,1
104,53,0,1,3,0,0,0.0,1,19,1278,0,1,13,0,0,1,2,1
27,15,0,0,2,0,0,0.0,0,235,2012,364749,0,7,0,0,1,0,0
29,14,0,1,1,0,0,0.0,0,54,-1,0,1,5,0,0,1,2,1
32,24,0,1,2,0,0,0.0,0,55,4839,696662,0,6,0,0,0,2,0
35,13,0,1,2,0,1,0.0,0,76,5779,5832,0,6,0,0,1,0,0
78,18,0,1,3,0,0,0.0,0,91,4926,1208521,0,12,0,0,0,1,0
34,26,0,1,2,0,0,0.0,0,56,4863,0,0,6,0,0,0,2,0
41,19,0,1,1,0,0,0.0,1,12,-1,0,1,7,0,0,1,1,1
26,17,0,0,2,0,0,0.0,0,503,5434,30291,0,6,0,0,0,2,0
62,15,0,1,3,1,0,0.0161290319999999,2,21,-1,0,1,13,0,0,0,2,1
380,32,0,1,3,0,0,0.126315789,1,23,819,0,1,15,0,0,1,1,1
31,22,0,0,2,0,1,0.0,0,14,7295,0,1,6,1,0,0,2,1
29,21,0,1,2,0,0,0.0,0,58,5166,1123904,0,6,0,0,1,2,0
21,12,0,1,1,0,0,0.0,0,31,-1,0,1,5,0,0,2,1,1
190,18,0,0,2,0,0,0.205263158,2,7,383,0,1,13,0,0,0,1,1
27,18,0,0,2,0,0,0.0,0,102,8601,620833,0,6,0,0,0,2,0
254,37,0,1,2,0,0,0.177165354,0,23,818,0,1,10,0,0,1,1,1
32,23,0,0,2,1,0,0.0,0,11,6600,4547034,0,7,0,0,0,2,0
35,27,0,1,2,0,0,0.057142857,0,103,6996,1063779,1,6,0,0,1,2,1
31,23,0,1,2,0,0,0.0,0,20,-1,97934,0,6,0,0,0,1,0
55,13,0,1,3,0,0,0.036363636,0,1,-1,28934,0,11,0,0,0,2,0
25,16,0,0,2,0,0,0.0,0,130,5687,0,0,6,0,0,0,0,0
76,12,0,1,3,1,0,0.039473684,2,0,5495,8277873,1,14,0,0,0,2,1
46,35,0,1,1,0,0,0.0,0,0,3633,0,1,9,0,0,1,2,1
28,19,0,0,2,0,0,0.0,0,74,4720,2575,0,6,0,0,0,2,0
78,25,1,0,2,0,0,0.08974359,0,215,-1,19726,0,12,0,1,0,2,0
68,12,0,1,1,0,0,0.117647059,0,109,5887,10549,0,14,0,0,1,0,0
68,18,0,1,2,0,0,0.102941176,0,23,-1,241316,1,13,0,0,1,2,0
60,16,0,0,2,0,0,0.016666667,2,1,8348,1,0,10,1,0,1,0,1
63,22,0,1,3,0,1,0.0,1,30,8922,309153,1,10,0,0,0,1,1
41,18,0,0,3,0,0,0.0,2,32,7800,0,1,8,0,0,0,0,1
106,18,1,1,1,0,1,0.103773585,0,179,5484,1105,0,15,0,0,1,2,0
28,15,0,1,2,0,0,0.0,0,11,-1,0,1,8,0,0,0,1,1
135,17,1,0,2,0,0,0.222222222,0,0,9339,21,0,22,0,0,0,1,1
31,11,1,1,2,0,0,0.225806452,1,5,3976,0,1,7,0,1,0,1,1
62,21,0,0,3,0,0,0.0,1,74,3952,3862928,0,10,0,0,1,2,0
34,8,0,1,1,0,0,0.029411765,0,37,-1,0,1,7,0,0,1,1,1
42,18,0,1,2,0,0,0.0,0,133,9200,685,0,7,0,0,1,1,0
118,16,1,0,3,0,0,0.093220339,0,0,-1,4198823,0,19,0,0,0,2,1
43,16,1,1,2,0,0,0.162790698,0,117,-1,101802,0,8,0,0,1,1,0
90,11,0,1,3,0,0,0.0,3,0,-1,0,1,16,0,0,1,2,1
29,21,0,1,2,1,0,0.0,0,68,3731,1404167,0,7,0,0,0,2,0
28,19,0,0,1,1,0,0.0,0,2,-1,0,0,6,0,0,1,1,0
28,20,0,0,2,0,0,0.0,0,70,3621,531663,0,5,0,0,0,2,0
31,10,0,1,1,0,0,0.0,0,0,7308,3987899,1,7,0,0,0,2,1
21,12,0,0,2,0,0,0.0,0,168,8520,3247651,0,6,0,0,0,0,0
245,15,1,1,2,0,0,0.408163265,2,16,241,0,1,22,0,0,1,1,1
44,16,0,0,2,0,0,0.0,0,140,8516,8,0,6,1,0,0,0,0
92,15,0,1,2,0,0,0.0,0,50,8618,1418,0,17,0,1,1,0,0
36,27,0,0,2,0,0,0.0,1,47,1950,341948,0,6,0,0,0,1,1
70,24,0,1,2,1,0,0.057142857,3,38,778,0,1,11,0,0,1,2,1
79,28,1,0,3,1,0,0.265822785,0,89,252,2602858,1,15,0,1,0,2,1
60,15,0,1,2,0,0,0.0,0,66,8830,2672,1,12,0,0,1,1,0
23,15,0,1,2,1,0,0.0,0,22,5220,673432,0,7,0,0,0,0,0
22,14,1,1,3,0,0,0.5,0,13,-1,0,1,7,0,1,3,2,1
32,23,0,0,2,0,0,0.0,0,351,1609,291680,0,6,0,0,0,1,0
43,15,0,0,2,0,0,0.11627907,0,52,5637,2,0,8,1,0,0,1,0
38,16,0,0,3,0,1,0.0,0,68,5185,9987254,1,7,0,0,0,2,1
44,25,0,0,2,0,0,0.045454545,0,8,1953,4365,1,6,0,0,0,1,1
81,11,0,0,3,0,0,0.086419753,0,0,6550,621523,1,15,0,0,1,3,0
67,17,0,1,3,0,0,0.059701493,1,159,7292,1010,0,12,0,0,1,2,0
72,36,0,1,2,0,1,0.0,0,79,7619,2192,0,8,0,0,1,1,0
77,17,1,1,1,0,0,0.103896104,0,225,6057,41,0,11,1,0,1,2,0
45,29,1,0,2,0,0,0.488888889,0,0,3378,3100263,1,6,0,1,0,2,1
23,15,0,1,2,0,0,0.0,0,36,8315,11,0,6,1,0,2,2,0
38,20,0,0,3,0,0,0.0,0,54,7736,0,0,7,0,0,0,2,0
62,24,0,1,3,0,0,0.0,0,80,1850,0,0,9,0,0,2,1,0
75,15,0,1,3,0,0,0.066666667,0,371,-1,31746,0,14,0,0,0,0,1
38,13,0,1,2,0,0,0.0,1,133,1899,507771,1,7,0,0,1,1,1
28,19,0,0,2,0,0,0.0,0,23,3481,3597817,0,6,0,0,0,2,0
36,27,0,0,2,0,0,0.0,0,39,2860,657678,0,6,0,0,0,1,0
40,16,0,1,1,0,0,0.0,0,96,5211,0,1,7,0,0,0,2,1
47,20,0,1,3,0,0,0.0,0,119,-1,0,0,9,0,0,0,1,0
25,16,0,0,2,0,0,0.0,0,607,-1,176808,0,6,0,0,0,0,0
34,25,0,0,2,0,0,0.0,0,168,6553,562216,0,6,0,0,0,2,0
33,25,0,1,2,0,0,0.121212121,0,180,1546,4669,1,6,0,0,0,2,1
128,50,1,0,3,1,0,0.109375,0,51,3993,5707171,1,19,0,1,0,2,1
93,17,0,0,3,1,0,0.0,1,74,-1,127,0,14,0,0,0,1,0
46,19,0,1,2,0,0,0.0,0,210,6673,6923,0,7,0,0,1,2,0
85,10,1,1,2,1,0,0.223529412,0,57,3290,8177805,1,12,0,0,0,2,1
218,12,1,1,3,1,0,0.316513761,4,6,-1,0,1,20,0,0,0,1,1
49,17,0,0,3,0,0,0.020408163,2,1251,7430,195,0,9,0,0,0,2,0
58,23,0,1,1,1,0,0.0,2,11,2199,0,1,10,0,0,2,2,1
135,35,0,0,2,1,1,0.044444444,0,7,8018,0,1,17,0,1,1,1,1
123,5,1,0,1,0,0,0.18699187,0,44,-1,3128738,1,24,0,0,2,2,1
43,11,0,1,2,0,0,0.069767442,1,53,260,0,1,9,0,0,1,2,1
98,22,0,1,3,0,1,0.0,0,0,5047,379,0,13,0,0,0,3,0
65,12,1,1,2,0,0,0.323076923,0,1,3489,0,1,8,0,0,0,2,1
45,29,0,1,3,0,0,0.0,0,0,1629,0,0,7,0,0,0,2,1
52,16,0,0,2,0,0,0.038461538,2,19,8347,1,0,8,1,0,0,1,1
45,14,0,1,3,0,0,0.044444444,0,146,7986,348,1,10,1,0,1,1,0
37,18,0,1,3,0,0,0.0,0,4,-1,0,1,9,0,0,1,1,1
15,6,0,0,1,0,0,0.133333333,0,225,3606,512753,0,5,0,0,0,0,0
36,14,0,0,2,0,0,0.0,0,102,5201,3610,0,8,0,0,0,0,0
154,38,0,1,3,0,1,0.1558441559999999,0,19,5613,0,1,17,0,0,0,2,1
328,40,1,1,3,0,0,0.118902439,0,24,-1,0,1,31,1,0,0,1,1
21,14,0,1,2,0,0,0.0,0,114,2607,0,0,5,0,0,1,0,0
79,71,0,1,2,0,0,0.0,0,0,-1,0,1,8,0,0,0,2,1
41,20,0,1,2,0,0,0.0,0,0,6267,0,1,8,0,0,0,2,1
34,22,0,1,1,0,0,0.0,0,0,4460,0,1,6,0,0,1,2,1
47,33,0,0,3,0,0,0.0,1,37,-1,0,1,7,0,0,0,1,1
197,14,1,1,2,0,1,0.365482234,2,22,1478,0,1,15,0,0,0,1,1
59,17,0,1,2,0,0,0.016949153,0,43,4717,6143080,0,12,0,0,0,2,0
100,14,0,1,3,1,0,0.14,0,52,11555,609,1,14,1,0,2,0,0
74,19,0,1,3,0,0,0.081081081,0,277,5444,0,1,12,1,0,1,1,0
41,34,0,1,2,0,1,0.0,0,14,7295,0,1,5,1,0,1,1,1
52,11,0,1,3,0,0,0.076923077,0,15,-1,4439212,1,10,0,0,1,2,1
99,15,0,0,2,0,0,0.111111111,1,30,8347,1,1,11,1,0,0,2,1
45,36,0,0,2,0,0,0.0,0,12,1577,0,0,6,0,0,0,2,0
54,16,0,1,2,0,0,0.0,0,449,6070,14420,0,11,0,0,1,2,0
43,17,0,1,3,0,0,0.0,0,92,4705,28680,0,9,0,0,0,0,0
26,17,0,0,2,0,0,0.0,0,135,4980,3768993,0,6,0,0,0,2,0
84,43,1,0,2,0,0,0.511904762,0,20,1278,0,1,6,0,1,1,1,1
23,15,0,0,1,0,0,0.0,0,4,-1,0,1,5,0,0,1,1,1
15,4,0,1,1,0,0,0.066666667,0,56,-1,0,1,5,0,0,4,2,1
53,16,0,0,2,0,0,0.037735849,0,601,7130,12,0,10,1,0,0,1,0
100,24,0,1,3,0,0,0.04,1,1,3018,2156460,1,16,0,0,2,1,1
56,28,1,1,2,0,0,0.125,0,50,4471,265,1,8,0,0,0,2,1
55,19,0,1,2,0,0,0.181818182,0,0,2750,0,1,9,0,0,0,2,1
28,20,0,1,2,1,0,0.0,0,0,2010,0,1,7,0,0,0,1,0
71,15,0,1,2,1,0,0.0,0,64,5505,59760,0,12,0,0,1,0,0
144,32,0,1,3,0,0,0.0625,0,1,7086,18263,1,9,0,0,0,2,1
26,17,0,0,3,0,1,0.0,0,31,-1,483429,0,7,0,0,0,0,0
57,17,0,1,2,1,0,0.01754386,0,36,3375,33346,0,11,0,0,1,1,0
27,18,0,0,2,0,0,0.0,0,31,8970,1192930,0,6,0,0,0,2,0
38,29,0,0,2,0,0,0.131578947,0,79,4484,262,1,6,0,0,0,2,1
36,29,0,1,2,0,1,0.0,0,14,7295,0,1,5,1,0,1,1,1
41,14,1,1,3,0,0,0.268292683,1,21,-1,0,1,12,0,1,2,2,1
102,15,1,1,1,1,0,0.166666667,3,88,2047,0,1,12,0,0,1,1,1
21,9,0,1,1,0,0,0.0,0,4,1629,0,1,5,0,0,2,2,1
57,33,0,1,3,0,0,0.01754386,0,44,5232,0,0,8,0,0,1,1,0
31,23,0,1,2,0,0,0.0,0,22,1091,1860501,0,6,0,0,1,2,0
32,25,0,1,2,0,1,0.0625,0,14,7295,0,1,5,1,0,1,1,1
58,18,0,1,1,0,0,0.103448276,0,0,3154,0,1,11,0,0,0,2,1
31,6,0,1,1,0,0,0.258064516,0,0,2327,6131468,1,7,0,0,0,2,1
69,36,1,1,3,0,0,0.130434783,0,60,-1,0,1,11,0,0,0,2,1
25,16,0,0,2,0,0,0.0,0,605,4957,321038,0,6,0,0,0,1,0
29,21,0,1,2,0,0,0.0,0,36,8058,1203458,0,6,0,0,1,1,0
40,16,0,1,3,1,0,0.0,0,0,-1,0,1,9,0,0,2,2,1
115,31,1,1,3,1,0,0.069565217,4,1,1496,1096538,1,19,0,0,1,1,1
34,25,0,0,2,0,0,0.0,0,6,-1,0,0,6,0,0,0,2,0
47,24,0,1,1,0,0,0.0,0,17,-1,0,1,7,0,0,0,2,1
52,16,0,0,2,1,0,0.0,2,1,8346,1,0,10,1,0,1,0,1
51,27,0,1,3,0,0,0.0,0,0,-1,0,1,9,0,0,0,2,1
118,42,1,1,3,0,0,0.220338983,0,51,3992,5697976,1,17,0,1,1,2,1
136,13,0,0,1,1,0,0.036764706,3,22,778,0,1,23,0,0,0,2,1
50,19,0,1,3,0,0,0.0,2,40,3534,0,1,9,0,0,0,1,1
62,15,0,1,2,1,0,0.096774194,0,0,5273,41333,0,12,0,0,1,3,0
47,12,0,1,3,0,0,0.106382979,0,0,11262,54168,0,10,0,0,0,1,0
99,16,0,1,2,0,0,0.111111111,0,37,9318,13,1,20,1,0,1,1,0
33,26,0,1,2,0,1,0.121212121,0,44,7298,0,0,5,1,0,0,2,0
44,12,0,1,3,0,0,0.022727273,1,7,-1,8768700,0,10,0,0,1,0,1
30,21,0,0,2,1,0,0.0,0,14,564,0,0,7,0,0,0,2,1
51,13,1,1,3,0,0,0.294117647,0,332,9229,763,1,11,0,0,2,0,0
43,14,0,0,2,0,0,0.0,0,149,6087,1056,0,8,1,0,1,0,0
123,46,1,0,3,0,0,0.12195122,0,51,3993,5707171,1,18,0,1,1,2,1
41,17,0,0,2,0,0,0.0,0,62,5891,35,0,7,1,0,0,0,0
26,17,0,0,2,0,1,0.0,0,31,7389,848,0,6,0,0,0,1,0
70,22,0,0,3,0,1,0.0,0,0,5658,886,1,10,0,1,0,2,1
25,16,0,0,2,0,0,0.0,0,89,-1,0,0,6,0,0,1,1,0
26,15,0,0,2,0,0,0.0,0,235,2409,1324300,0,6,0,0,0,2,0
23,7,0,0,1,0,0,0.043478261,0,57,923,11493,1,5,0,0,1,1,1
37,24,0,0,2,0,0,0.054054054,0,14,5160,0,1,9,1,0,0,1,0
57,10,0,1,2,1,0,0.0,1,34,3251,421761,0,9,0,0,0,1,1
51,13,0,1,3,0,0,0.0,0,6,1337,0,1,10,0,0,0,1,1
31,23,0,1,2,0,0,0.0,0,23,2070,6641931,0,6,0,0,0,0,0
55,23,1,0,3,1,0,0.272727273,0,20,-1,0,1,10,0,0,3,1,1
75,25,0,1,3,0,1,0.053333333,2,182,5121,0,1,11,0,1,0,2,1
40,32,0,1,2,0,1,0.0,0,327,7297,0,0,6,1,0,0,2,0
34,26,0,1,2,1,0,0.0,0,90,-1,0,0,7,0,0,1,1,0
41,18,0,1,3,0,0,0.0,1,88,-1,982473,1,9,0,0,2,2,1
48,19,0,0,2,0,0,0.0,0,139,2411,0,0,9,0,0,2,1,0
35,12,0,1,2,0,0,0.0,0,0,834,10749999,1,7,0,0,0,2,1
36,16,0,0,2,0,0,0.0,0,465,7133,12,0,7,1,0,0,1,0
78,15,0,1,3,0,0,0.076923077,0,317,10320,3483,0,13,0,0,1,0,0
40,31,0,0,2,0,0,0.0,0,671,3180,1323616,0,6,0,0,0,2,0
19,10,0,0,1,0,0,0.0,0,114,-1,1239633,0,5,0,0,0,2,0
50,15,0,0,3,0,0,0.08,0,96,11555,609,0,10,1,0,0,0,0
52,21,0,1,2,1,0,0.0,2,0,1704,0,1,10,0,0,0,2,1
40,32,1,1,3,1,0,0.1,0,31,275,0,1,8,0,1,0,1,1
35,22,0,1,3,0,0,0.085714286,0,105,12165,5921,0,8,0,0,1,2,0
358,23,1,1,2,0,0,0.142458101,0,21,987,0,0,20,0,0,0,2,1
44,24,0,1,2,0,0,0.022727273,1,100,1787,0,1,8,0,0,2,2,1
36,16,0,1,3,0,0,0.0,0,12,-1,234071,1,9,0,0,0,0,1
37,14,0,0,2,0,0,0.162162162,0,0,1953,4365,1,7,0,0,0,2,1
52,19,0,0,1,1,0,0.0,0,21,6967,118171,0,7,0,0,0,1,0
50,10,0,1,2,0,0,0.04,0,4,2138,309082,1,9,0,0,1,1,1
67,18,0,1,1,1,0,0.104477612,0,26,2497,945088,0,13,0,0,0,2,0
45,26,0,1,3,0,0,0.0,0,0,4605,0,1,7,0,0,0,1,1
43,15,0,0,2,0,0,0.069767442,0,52,5636,2,0,8,1,0,0,0,0
36,28,0,1,2,1,0,0.0,0,103,7011,705069,1,7,0,0,1,2,1
38,11,0,1,3,0,0,0.0,0,5,1778,0,1,9,0,0,0,1,1
43,14,0,1,3,0,0,0.139534884,0,154,7160,2336,1,9,0,0,2,2,0
26,17,0,0,3,0,0,0.0,0,10,4514,0,0,7,0,0,0,1,0
78,16,0,1,3,0,0,0.076923077,0,206,5384,15400,0,14,0,0,1,0,0
76,34,0,1,2,0,1,0.0,0,66,7615,2188,0,9,0,0,1,1,0
26,17,0,0,3,0,0,0.0,0,157,-1,320977,0,7,0,0,0,1,0
52,13,0,1,1,0,0,0.096153846,0,32,2130,0,1,8,0,1,2,2,0
63,13,0,0,3,0,0,0.031746032,0,18,4565,7521365,1,15,0,0,1,2,1
119,19,0,0,2,0,0,0.100840336,0,55,9108,1084,0,22,0,0,0,2,0
36,29,0,1,2,0,0,0.0,0,221,5808,10297537,0,5,0,0,0,2,0
31,14,0,1,1,0,0,0.0,0,8,1523,0,1,7,0,0,0,1,1
26,17,0,0,2,0,0,0.0,0,212,-1,260782,0,6,0,0,0,0,0
66,16,0,0,2,0,0,0.075757576,0,10,8348,1,0,10,1,0,1,0,1
68,42,1,1,3,0,0,0.117647059,0,51,3992,5697976,1,9,0,1,1,2,1
56,22,0,0,1,1,0,0.0,3,0,715,0,1,9,0,0,0,2,1
126,61,1,1,3,0,0,0.333333333,0,51,1659,2580873,1,15,0,1,0,1,1
69,18,0,0,2,0,0,0.057971014,0,420,6318,8262,0,11,0,1,0,0,0
73,13,0,0,2,0,0,0.0,0,160,5397,5752,0,15,0,1,0,3,0
49,27,0,1,3,1,1,0.12244898,1,27,6636,0,1,10,0,0,2,1,1
27,18,0,0,1,0,0,0.0,0,69,4633,1218702,0,5,0,0,0,0,0
33,15,0,1,1,0,0,0.0,0,37,1369,0,1,6,0,0,1,1,1
61,21,0,1,3,0,0,0.016393443,0,46,5458,335398,0,10,0,0,0,1,0
72,38,0,1,3,0,0,0.0,0,211,323,0,1,9,0,0,0,1,1
84,13,0,1,3,1,0,0.0,0,33,213,0,1,13,0,1,0,2,1
33,24,0,0,2,1,0,0.0,0,0,2837,0,1,7,0,0,0,1,1
71,15,0,0,3,0,0,0.014084507,0,116,8349,1,0,14,1,1,0,0,0
45,24,0,1,2,0,0,0.133333333,0,71,7157,2272,1,7,0,0,1,2,0
34,25,0,0,2,0,1,0.0,0,14,7295,0,1,6,1,0,0,2,1
78,16,0,1,2,0,0,0.0,0,51,5910,2140,0,15,0,0,1,0,0
25,16,0,0,2,1,0,0.0,0,1,4517,1499409,0,7,0,0,1,2,0
208,24,1,1,3,1,0,0.225961538,2,0,-1,0,1,27,0,0,0,2,1
32,25,0,1,2,0,1,0.03125,0,14,7295,0,1,5,1,0,1,1,1
42,18,0,0,3,0,0,0.0,1,12,4790,113061,1,9,0,0,2,2,1
98,12,0,1,1,1,0,0.051020408,2,132,1706,4830221,1,15,0,0,3,2,1
25,7,0,0,1,0,0,0.0,1,18,-1,70339,0,7,0,0,0,0,0
24,17,0,1,1,0,0,0.0,0,7,-1,0,0,4,0,0,1,2,0
58,26,0,1,3,0,1,0.0,0,264,4278,0,0,8,0,0,2,1,0
27,18,0,0,2,0,0,0.0,0,50,-1,897103,0,6,0,0,0,1,0
79,18,0,0,2,0,0,0.075949367,0,18,204,0,0,9,0,0,0,1,1
42,33,0,0,2,0,0,0.0,0,9,6497,245759,0,9,0,0,0,2,0
77,23,1,1,1,0,0,0.298701299,0,30,5767,0,1,7,0,0,1,1,1
95,15,1,0,2,0,1,0.263157895,0,281,9281,125,1,14,1,0,1,0,0
95,17,0,1,2,1,0,0.052631579,1,145,7403,7218,0,14,0,0,1,1,0
35,27,0,1,2,1,0,0.0,0,0,3460,273715,1,7,0,0,0,2,1
32,14,0,0,2,0,0,0.125,0,484,9265,8473,1,7,0,0,1,1,0
38,31,0,1,2,0,1,0.0,0,14,7295,0,1,5,1,0,1,1,1
43,18,0,1,2,0,0,0.0,0,96,9201,685,0,7,0,0,1,0,0
44,15,0,0,2,0,1,0.0,0,320,9283,124,0,9,1,0,0,0,0
36,25,0,1,2,0,0,0.0,0,299,6258,682,0,6,0,0,1,2,0
24,15,0,0,2,0,0,0.0,1,28,8315,4,0,6,1,0,0,2,0
42,8,0,1,1,0,0,0.142857143,0,0,3077,0,1,11,0,0,0,2,1
51,14,1,1,1,0,0,0.235294118,0,14,4091,2080075,1,8,0,0,0,2,1
45,21,0,1,1,0,0,0.022222222,1,4,3318,0,1,8,0,0,1,1,1
63,20,0,1,2,1,0,0.0,2,86,1048,0,1,11,0,0,1,1,1
22,11,0,1,1,0,0,0.090909091,0,0,2772,0,1,6,0,0,0,2,1
36,28,0,1,2,0,0,0.0,0,85,2805,0,0,6,0,0,0,2,0
32,23,0,0,2,0,0,0.0,0,217,8164,1273697,0,6,0,0,1,1,0
27,19,0,1,2,0,0,0.0,0,234,1664,4365827,0,6,0,0,0,2,0
30,14,0,1,3,0,0,0.0,0,0,-1,0,1,7,0,0,0,2,1
28,20,0,1,2,0,0,0.0,0,60,7191,0,0,6,0,0,1,2,0
30,21,0,0,2,0,0,0.0,0,34,1309,542841,0,6,0,0,0,2,0
49,24,0,1,2,0,0,0.0,0,79,444,0,1,9,0,0,1,1,1
94,12,1,0,1,1,0,0.244680851,1,4,872,0,1,20,0,0,0,1,1
26,18,0,1,2,0,0,0.0,0,165,2437,1328127,0,6,0,0,1,1,0
227,30,1,0,2,0,0,0.145374449,0,0,1610,3948303,1,10,0,0,0,1,1
75,14,0,0,3,0,0,0.053333333,0,5,5160,115,1,15,1,1,0,0,0
75,22,0,1,3,0,0,0.0,0,0,6425,1883099,0,9,0,0,0,3,0
44,35,0,0,2,0,1,0.0,0,17,7296,0,1,6,1,0,0,1,1
65,36,0,1,3,0,0,0.0,0,111,4069,0,0,12,0,0,1,1,0
48,18,0,1,3,1,0,0.0,0,92,523,0,1,9,0,0,1,0,1
96,20,0,1,1,0,0,0.104166667,0,158,3376,1654335,0,16,0,0,0,2,0
29,20,0,0,3,0,0,0.0,0,280,-1,15044,0,7,0,0,0,0,0
25,16,0,0,1,0,0,0.0,0,177,5080,2716802,0,5,0,0,0,1,0
59,21,0,0,3,1,0,0.0,0,70,6928,94719,1,11,0,0,1,2,0
61,12,0,0,3,0,0,0.114754098,0,0,6984,525473,0,13,0,0,0,3,0
30,21,0,0,2,0,0,0.0,0,83,1262,0,0,6,0,0,1,2,0
37,18,0,1,2,0,0,0.0,0,23,8227,0,0,6,0,0,2,2,0
31,22,0,0,2,0,0,0.0,0,20,2539,0,0,6,0,0,0,2,0
37,13,1,1,2,0,0,0.162162162,0,83,-1,0,1,8,0,0,0,1,1
36,27,0,0,2,0,0,0.0,0,0,3313,298753,0,6,0,0,0,2,0
42,14,0,1,3,0,0,0.119047619,0,77,7156,2272,1,9,0,0,2,1,0
70,24,0,1,3,0,0,0.242857143,0,1,5062,723831,1,14,0,0,0,1,0
88,17,0,0,2,0,0,0.0,0,68,1925,2709,0,16,0,0,0,1,0
151,25,1,1,3,1,0,0.092715232,1,52,-1,238118,1,26,1,0,0,2,1
33,25,0,1,1,0,0,0.0,0,0,396,0,1,5,0,0,0,2,1
28,13,0,0,2,0,0,0.071428571,0,2,2290,132459,1,6,0,0,1,2,1
32,25,0,1,2,0,1,0.0,0,14,7295,0,1,5,1,0,1,1,1
27,19,0,1,2,1,0,0.0,0,72,-1,1611338,0,7,0,0,0,1,0
22,13,0,0,2,1,0,0.0,0,182,3753,314249,0,7,0,0,0,1,0
22,13,0,0,2,0,0,0.045454545,0,16,806,45133,0,6,0,0,0,1,1
70,24,0,1,2,1,0,0.0,4,36,3538,0,1,11,0,0,0,2,1
53,22,0,1,2,0,0,0.0,0,185,7584,969,0,8,0,0,1,2,0
50,17,0,1,3,0,0,0.0,0,46,7108,135545,0,11,0,0,0,1,0
23,15,0,1,2,1,0,0.0,0,109,3571,211484,0,7,0,0,1,2,0
51,23,0,0,2,1,0,0.0,0,270,7839,606,0,8,0,0,0,0,0
58,16,0,0,2,0,0,0.0,2,37,8349,1,1,8,1,0,0,1,1
88,21,0,0,3,0,0,0.090909091,0,68,-1,19486,0,18,0,0,0,2,0
80,25,0,1,2,1,0,0.05,0,70,7883,475598,0,13,0,0,1,2,0
47,16,0,0,2,0,0,0.0,0,884,7132,12,0,8,1,0,0,1,0
220,14,1,1,3,1,0,0.363636364,1,3,-1,0,1,16,0,1,2,1,1
39,10,0,0,2,0,0,0.025641026,0,28,2960,1148678,1,8,0,0,0,0,0
26,17,0,0,2,0,0,0.0,0,229,2051,890770,0,6,0,0,0,2,0
92,26,0,1,2,1,0,0.0,3,0,4170,0,1,14,0,0,0,2,1
85,21,1,1,2,1,1,0.247058824,2,23,4284,0,1,11,0,0,2,2,1
84,28,0,1,3,0,0,0.0,0,214,4306,16175,1,10,0,0,1,2,0
68,33,0,1,3,0,1,0.0,0,112,4821,151781,0,11,0,0,1,2,0
134,24,1,1,3,1,0,0.21641791,0,0,3381,0,1,20,0,0,0,1,1
40,25,0,0,2,0,0,0.2,0,8,1338,22211,1,7,0,1,0,0,1
87,16,1,1,2,0,0,0.08045977,0,91,7744,277,0,12,0,0,1,1,0
86,16,0,1,2,0,0,0.139534884,1,0,-1,0,1,15,0,0,0,2,1
24,15,0,0,2,0,0,0.0,0,39,1592,2506622,0,6,0,0,0,0,0
43,25,0,1,2,0,0,0.0,0,245,6255,688,0,6,0,0,1,2,0
51,23,0,0,2,1,0,0.0,0,273,7835,600,0,9,0,0,0,0,0
36,19,0,1,2,0,0,0.0,0,6,4723,2209903,1,8,0,0,0,2,1
46,17,0,1,1,1,0,0.0,0,32,2851,877707,0,8,0,0,0,2,1
54,14,0,1,2,0,0,0.0,0,511,6071,14420,0,10,0,0,1,2,0
103,35,0,0,3,0,0,0.058252427,0,0,7447,385,1,15,1,0,0,3,0
59,21,0,0,2,1,0,0.0,0,149,8215,216,0,11,0,0,0,2,0
35,28,0,1,2,0,1,0.057142857,0,32,7299,0,0,5,1,0,0,1,0
36,9,0,0,2,0,0,0.083333333,0,22,356,0,1,8,0,0,0,2,1
56,21,0,1,2,0,0,0.017857143,0,23,1350,488922,1,10,0,0,2,2,0
76,20,0,0,2,0,0,0.026315789,0,80,2133,11262,1,12,0,1,1,1,0
73,15,0,0,3,0,0,0.0,0,143,8346,1,0,14,1,1,0,0,0
77,40,0,1,2,1,0,0.0,0,253,6256,688,0,7,0,0,1,2,0
43,21,0,1,3,1,1,0.139534884,0,45,3415,0,1,10,0,0,2,1,1
29,20,0,0,2,0,0,0.0,0,22,7649,357469,0,6,0,0,0,2,0
50,23,0,0,2,1,0,0.0,0,285,7838,606,0,8,0,0,0,0,0
46,16,0,0,2,0,0,0.0,0,1284,7134,13,0,8,1,0,0,1,0
25,16,0,0,2,0,0,0.0,0,75,2786,1090791,0,6,0,0,0,2,0
28,19,0,0,2,0,0,0.0,0,42,8934,18070,0,6,0,0,0,1,0
25,16,0,0,2,0,0,0.0,0,77,1205,355818,0,6,0,0,0,0,0
48,17,0,0,3,0,1,0.0,0,35,5526,10856,1,9,0,0,1,1,0
51,18,0,0,2,0,0,0.019607843,0,60,5906,1495,0,9,0,0,0,1,0
85,16,0,0,1,1,0,0.0,0,85,6064,219535,1,14,0,1,2,1,0
70,37,0,1,3,0,0,0.057142857,0,4,0,0,1,11,0,0,1,1,1
33,24,0,0,2,0,1,0.0,0,23,3494,3399200,0,6,0,0,0,2,0
98,26,1,1,2,1,0,0.255102041,2,22,2300,0,1,14,0,0,2,2,1
40,13,0,1,1,0,0,0.0,0,7,7967,7232787,1,7,0,0,2,1,1
29,21,0,1,2,0,0,0.0,1,47,1950,341948,1,6,0,0,1,1,1
80,16,0,1,2,1,0,0.0375,3,9,3314,0,1,11,0,0,0,1,1
57,21,0,0,2,0,0,0.0,0,765,6338,289,0,9,0,0,0,1,0
99,25,0,0,2,1,1,0.03030303,1,26,8018,0,1,15,0,0,1,1,1
76,13,0,0,3,0,0,0.039473684,0,142,-1,2352325,0,13,0,0,1,2,0
126,61,1,1,3,0,0,0.325396825,0,37,1669,1961063,1,15,0,0,0,2,1
37,29,0,1,3,0,0,0.0,0,86,3433,0,1,8,1,1,3,2,1
43,14,0,1,3,0,0,0.139534884,0,363,7158,2294,0,9,0,0,2,2,0
125,26,1,0,3,1,0,0.088,1,0,8217,1509316,0,20,0,0,0,3,0
70,16,0,0,2,0,0,0.028571429,1,10,8347,1,1,10,1,0,0,0,1
56,21,0,1,3,0,0,0.035714286,0,33,12102,17784,0,12,0,0,0,1,0
82,23,1,0,2,0,0,0.243902439,0,7,139,0,1,14,0,0,0,1,1
128,50,1,0,3,1,0,0.125,0,51,3993,5707171,1,19,0,1,0,2,1
40,27,0,1,2,0,0,0.0,0,8,1953,4365,1,6,0,0,0,1,1
55,38,0,0,2,1,0,0.018181818,0,4,-1,0,1,8,0,0,0,1,1
41,20,0,0,3,0,0,0.0,0,887,8048,2615,0,7,0,0,0,2,0
129,14,1,1,2,1,0,0.465116279,1,4,276,0,1,12,0,0,0,2,1
32,19,0,1,2,0,0,0.0,0,10,6529,551720,0,7,0,0,1,0,0
128,50,1,0,3,1,0,0.140625,0,51,3993,5707171,1,19,0,1,0,2,1
51,14,0,1,1,0,1,0.0,0,33,3871,22440,0,9,0,0,1,0,0
29,21,0,1,2,0,0,0.0,0,25,-1,936822,0,6,0,0,1,0,0
29,20,0,0,2,0,0,0.034482759,0,8,1336,20989,1,6,0,0,0,0,1
30,22,0,1,2,1,0,0.0,0,50,-1,0,0,7,0,0,0,1,0
56,37,0,1,3,0,0,0.089285714,0,8,5466,74,1,11,0,0,0,1,1
86,17,1,1,3,0,0,0.255813953,1,3,-1,8661090,1,10,0,0,1,1,1
25,18,0,1,2,0,0,0.0,0,6,93,0,1,5,0,0,0,1,1
21,14,0,1,2,0,0,0.0,0,12,7253,943419,1,5,0,0,0,1,1
30,10,0,0,1,0,0,0.0,0,225,4672,90,0,6,1,0,0,0,0
55,16,0,0,2,0,0,0.0,0,210,7130,12,0,9,1,0,0,0,0
29,13,1,1,3,0,0,0.344827586,1,10,-1,0,0,8,0,1,0,1,1
54,16,0,0,2,0,0,0.0,0,121,6215,3167,0,9,0,0,0,0,0
22,13,0,0,1,0,0,0.0,0,49,-1,173891,0,5,0,0,0,1,0
97,15,0,0,2,0,0,0.030927835,0,203,7982,13287,0,16,0,0,0,0,0
28,6,0,1,1,0,0,0.428571429,0,4,-1,1080945,0,7,0,0,0,2,1
63,27,0,1,2,0,0,0.158730159,0,0,2783,7664335,1,9,0,0,0,2,1
206,12,1,1,3,0,0,0.174757282,3,25,-1,0,1,35,0,1,0,2,1
72,18,0,1,3,1,0,0.0,0,0,6405,0,1,14,0,0,0,2,1
44,25,0,1,3,0,1,0.0,1,22,5627,0,1,10,0,0,0,2,1
48,29,0,1,2,1,0,0.0,2,76,4684,0,1,8,0,0,1,1,1
90,6,1,0,3,0,0,0.1555555559999999,0,18,-1,502500,0,15,0,1,0,1,1
127,50,1,0,3,1,0,0.141732283,0,51,3993,5707171,1,18,0,1,1,2,1
128,50,1,0,3,1,0,0.171875,0,51,3993,5707171,1,19,0,1,0,2,1
28,19,0,0,2,0,0,0.0,0,270,-1,1375774,0,6,0,0,0,1,0
25,16,0,0,2,0,0,0.0,0,124,5832,2383950,0,6,0,0,0,1,0
47,19,0,1,2,1,0,0.0,0,153,5751,3759,0,8,0,1,1,1,0
52,16,0,0,2,0,0,0.0,0,275,7134,12,0,8,1,0,0,1,0
80,27,0,1,3,0,0,0.075,0,334,5443,0,1,13,1,1,1,1,0
78,24,0,1,2,0,0,0.0,0,84,4847,6060,0,16,0,1,1,2,0
181,19,1,1,3,0,0,0.342541436,1,31,-1,1835934,1,24,0,0,0,2,1
42,25,0,1,3,0,0,0.047619048,1,103,6253,272316,1,7,0,0,1,2,1
41,12,0,1,2,0,0,0.0,1,0,6532,0,1,8,0,0,0,1,1
47,27,0,1,3,0,0,0.0,0,4,-1,8615137,1,8,0,0,0,2,1
34,26,0,1,2,0,1,0.058823529,0,28,7309,0,0,6,1,0,1,1,1
21,12,0,0,2,0,0,0.0,0,129,8649,1409953,0,6,0,0,0,0,0
84,14,1,0,2,0,0,0.226190476,0,78,2192,0,1,10,0,0,0,1,1
88,28,0,0,2,0,0,0.056818182,1,137,4062,99,0,13,1,0,0,2,0
18,11,0,1,2,0,0,0.055555556,0,158,3691,1889322,0,5,0,0,0,2,0
80,20,1,1,3,0,0,0.1125,0,202,9131,15561,1,14,0,1,2,2,0
99,15,0,0,2,0,0,0.111111111,1,30,8347,1,1,10,1,0,0,2,1
53,24,0,1,2,0,0,0.0,0,37,5259,579623,0,8,0,0,0,0,0
56,15,0,0,2,0,0,0.089285714,0,55,5636,2,0,11,1,0,0,1,0
38,31,0,1,2,0,0,0.105263158,0,24,-1,0,1,5,1,0,2,1,1
18,11,0,1,2,0,0,0.0,0,180,-1,735492,0,5,0,0,0,2,0
103,29,0,0,2,0,0,0.048543689,0,134,4059,99,0,13,1,0,0,2,0
36,17,0,1,2,0,0,0.0,0,0,90,0,1,7,0,0,0,2,1
26,17,0,0,2,0,0,0.0,0,948,3262,9832045,0,6,0,0,0,0,0
77,23,1,1,1,0,0,0.272727273,0,30,5767,0,1,7,0,0,1,1,1
22,13,0,0,2,0,0,0.0,0,41,4104,49465,0,6,0,0,0,1,0
31,23,0,1,3,0,0,0.0,0,19,3913,7604323,0,7,0,0,0,2,0
28,19,0,0,2,0,0,0.035714286,1,30,4489,0,0,6,0,0,0,1,1
79,28,1,0,3,1,0,0.265822785,0,89,252,2602858,1,15,0,1,0,2,1
89,30,0,0,3,0,0,0.06741573,0,0,7448,385,0,15,1,0,0,3,0
33,25,0,1,2,1,1,0.0,0,70,7297,0,0,7,1,0,0,1,0
30,18,0,1,1,1,0,0.0,0,0,-1,0,1,6,0,0,2,2,1
32,24,0,1,2,0,1,0.0625,0,193,7299,0,0,6,1,0,1,2,0
60,27,0,1,3,1,0,0.016666667,3,0,-1,0,1,12,0,0,0,2,1
35,16,0,1,1,0,0,0.0,0,76,2674,8291831,0,7,0,1,0,2,0
55,36,0,0,3,0,0,0.054545455,1,33,1546,4669,1,9,0,0,0,1,1
33,20,0,0,2,0,0,0.0,0,66,5159,8007434,0,9,1,0,0,2,0
299,31,1,1,3,1,0,0.173913043,3,10,3808,0,1,54,0,0,0,1,1
125,20,0,1,2,0,0,0.0,0,137,8219,8755,0,18,0,0,1,0,0
66,27,0,0,2,0,0,0.015151515,1,29,2706,196027,1,10,0,0,0,1,0
41,20,0,0,3,0,0,0.0,0,8,5491,2902297,0,8,0,0,0,1,0
77,29,0,0,2,0,0,0.0,0,25,581,796025,0,8,0,0,0,2,1
57,28,0,1,3,0,0,0.0,0,361,-1,1539269,0,8,0,0,0,2,0
29,21,0,1,2,0,0,0.0,0,73,-1,509584,0,6,0,0,1,2,0
55,18,0,1,3,0,0,0.0,0,119,1800,0,1,10,0,0,0,2,1
32,24,0,1,2,0,0,0.0,0,22,2835,0,1,6,0,0,1,1,1
63,19,1,1,2,0,0,0.174603175,0,4,-1,0,0,12,0,0,0,2,1
31,24,0,1,1,0,0,0.0,0,165,-1,8063240,0,4,0,0,1,2,0
74,21,0,1,3,0,0,0.0,0,50,7688,383023,0,14,0,0,1,1,0
111,19,1,0,3,0,0,0.108108108,2,953,7792,557,0,16,1,0,0,1,0
15,4,0,1,1,0,0,0.133333333,0,56,-1,0,1,5,0,0,4,2,1
23,14,0,0,2,0,0,0.0,0,62,3088,2628104,0,6,0,0,0,1,0
204,27,0,0,2,0,1,0.12745098,0,12,7968,892,0,14,0,0,0,1,1
214,37,1,1,3,0,0,0.23364486,0,29,7083,0,1,18,0,1,2,1,1
71,19,0,1,2,0,0,0.0,0,96,8000,237688,0,11,0,0,0,0,0
78,12,1,1,3,0,0,0.128205128,1,25,-1,0,1,18,0,1,0,2,1
36,29,0,1,2,0,0,0.0,1,6,7412,1561104,1,5,0,0,0,0,1
67,18,0,1,2,0,0,0.089552239,0,65,6587,2673,0,12,0,0,3,2,0
26,17,0,0,2,0,0,0.0,0,747,6991,406163,0,6,0,0,0,1,0
33,25,1,1,3,0,0,0.272727273,1,74,3698,179705,1,7,0,0,0,1,1
43,36,0,1,2,0,1,0.0,0,13,7295,0,1,5,1,0,1,1,1
30,19,0,1,2,0,0,0.0,0,0,2865,0,1,7,0,0,0,2,1
21,14,0,1,2,0,0,0.0,0,91,-1,0,0,5,0,0,0,0,0
27,19,0,1,2,0,0,0.0,0,130,1616,0,0,6,0,0,1,2,0
54,38,0,1,3,0,1,0.0,0,21,5616,0,1,11,0,0,0,2,1
52,28,0,1,2,0,0,0.0,0,172,5086,53314,0,7,0,0,1,2,0
30,21,0,0,2,1,0,0.0,0,3,6998,2435691,0,7,0,0,0,0,0
23,15,0,1,2,0,0,0.0,0,34,2166,898859,0,6,0,0,1,1,0
23,16,0,1,1,0,0,0.0,0,28,1493,0,0,4,0,0,1,1,0
29,21,0,1,2,0,0,0.0,0,23,1346,504286,0,6,0,0,1,2,0
47,19,0,1,3,0,0,0.0,0,66,8575,92470,0,8,0,0,0,2,0
153,21,1,1,2,1,1,0.183006536,2,23,4284,0,1,18,0,0,2,2,1
44,15,0,1,1,0,0,0.0,0,279,4937,64385,0,7,0,0,0,1,0
45,20,0,1,1,0,0,0.0,0,15,2172,1130377,1,5,0,0,1,2,1
34,26,0,0,2,0,0,0.0,0,5,2837,0,1,6,0,0,0,3,1
61,30,0,1,2,0,0,0.0,0,181,6256,688,0,6,0,0,1,2,0
43,15,0,0,3,0,0,0.0,0,7,-1,784159,1,9,0,0,1,2,1
67,17,0,1,2,0,0,0.0,0,37,6149,11846,1,13,0,0,3,2,0
30,23,0,1,2,0,1,0.1,0,14,7295,0,1,5,1,0,1,1,1
28,21,0,1,2,0,0,0.0,0,5,5160,0,0,5,1,0,2,0,0
45,18,0,0,3,0,0,0.0,0,624,7130,12,1,9,1,0,0,0,0
62,22,0,1,2,1,0,0.0,3,0,201,0,1,12,0,0,0,2,1
29,20,0,0,2,1,0,0.0,0,234,6304,428296,0,7,0,0,0,2,0
82,15,0,1,3,0,0,0.0,0,14,-1,276218,1,12,0,0,1,1,0
26,18,0,0,2,0,0,0.0,0,43,862,0,0,5,0,0,0,2,1
31,23,0,1,2,0,0,0.0,0,15,3312,833799,0,6,0,0,1,2,0
77,22,1,1,2,0,1,0.298701299,0,0,5783,50436,1,9,0,1,0,2,1
49,18,0,1,3,1,0,0.12244898,0,0,3857,1747496,1,12,0,0,0,3,0
18,10,0,1,2,0,0,0.0,1,5,-1,0,0,6,0,0,0,1,1
93,24,1,1,3,0,0,0.129032258,0,0,5232,0,0,18,0,0,0,3,0
123,46,1,0,3,0,0,0.1707317069999999,0,51,3992,5707171,1,18,0,1,1,2,1
64,31,1,1,3,0,1,0.15625,0,21,5627,0,1,10,0,1,0,2,1
159,14,0,1,2,0,0,0.308176101,1,39,-1,0,1,13,0,0,0,2,1
91,18,0,0,2,0,0,0.0,0,131,5222,135,0,13,0,0,0,2,0
75,20,0,1,2,0,0,0.053333333,1,0,8202,114489,0,11,0,0,1,1,0
32,23,0,0,2,0,0,0.0,0,18,7449,1307416,0,6,0,0,0,1,0
20,8,0,1,1,0,0,0.0,0,41,4383,0,1,5,0,0,0,1,1
33,12,1,1,2,0,0,0.212121212,0,584,8964,70,0,7,1,0,2,0,0
38,29,0,0,2,0,0,0.0,0,186,1456,0,0,6,0,0,0,1,0
63,18,0,1,2,0,0,0.031746032,1,31,2254,0,1,11,0,0,0,1,1
55,21,0,0,2,0,0,0.0,0,95,5032,8889671,0,9,0,0,0,0,0
50,20,0,0,3,0,0,0.0,0,52,8047,2604,0,9,0,0,0,2,0
40,31,0,0,2,0,0,0.0,1,47,-1,77586,1,8,0,0,0,1,1
72,32,0,0,2,0,0,0.0,0,104,-1,3541485,0,14,0,0,0,2,0
45,15,0,1,3,0,0,0.0,0,83,5812,10664,0,10,0,0,0,2,0
31,22,0,0,2,0,0,0.0,0,78,2006,3760288,0,6,0,0,0,2,0
90,23,0,0,3,1,0,0.0,5,15,-1,0,1,16,0,0,0,1,1
84,16,0,0,2,0,0,0.071428571,1,10,8347,1,1,12,1,0,0,0,1
35,26,0,0,2,0,0,0.028571429,0,2,2837,4073967,1,6,0,0,0,2,1
63,22,0,1,1,1,0,0.0,2,590,2809,0,1,11,0,0,2,2,1
35,20,0,1,2,0,0,0.0,0,8,212,0,1,7,0,0,0,1,1
24,10,0,0,1,0,0,0.041666667,0,18,5509,787013,1,5,0,0,1,0,1
24,16,0,1,2,0,0,0.0,0,21,3466,381443,0,6,0,0,0,1,0
26,12,0,1,1,0,0,0.0,0,16,1735,2262517,1,6,0,0,1,0,1
41,23,0,1,2,0,0,0.024390244,0,0,-1,0,1,7,0,0,0,2,0
49,16,0,0,2,0,0,0.0,0,1486,7130,12,0,9,1,0,0,1,0
37,17,0,1,2,0,0,0.054054054,0,9,-1,3529045,1,8,0,0,1,1,0
46,17,0,0,3,0,0,0.0,0,16,-1,0,1,9,0,0,0,2,1
25,17,0,1,2,0,0,0.0,0,228,3040,112982,0,6,0,0,0,0,0
47,39,0,1,3,0,1,0.127659574,0,0,5612,5865346,1,10,0,0,0,2,1
90,16,0,1,2,0,0,0.011111111,0,46,5414,55888,0,16,0,0,1,1,0
24,16,0,1,2,0,0,0.0,0,156,7251,940265,1,6,0,0,0,2,1
29,20,0,0,2,0,1,0.068965517,0,0,5613,0,1,6,0,0,0,2,1
53,16,0,1,3,0,0,0.0,0,187,7692,502614,0,9,0,0,0,2,0
85,14,1,1,1,0,0,0.094117647,0,174,5797,1518,0,15,0,0,1,1,0
70,9,0,1,3,0,0,0.0,0,24,2350,0,1,16,0,0,1,0,1
26,17,0,0,3,0,0,0.0,0,80,-1,988977,0,7,0,0,0,1,0
47,16,0,0,2,0,0,0.0,0,235,7132,12,0,8,1,0,0,0,0
61,16,0,0,3,0,0,0.0,0,96,7071,76196,0,10,0,0,0,2,0
65,20,0,1,3,0,0,0.107692308,0,0,8592,4293,0,12,0,0,0,3,0
33,16,0,0,2,0,1,0.0,0,29,582,238940,1,7,0,0,1,1,1
27,19,0,1,2,0,0,0.0,1,311,5342,2415737,0,6,0,0,0,1,0
124,50,1,1,3,1,0,0.1693548389999999,0,51,3993,5707171,1,18,0,1,1,2,1
51,13,0,1,1,0,0,0.058823529,1,1,4410,0,1,10,0,0,0,1,1
35,14,0,1,2,0,1,0.0,0,95,6977,120226,0,7,0,0,0,0,0
68,18,0,1,2,0,1,0.073529412,0,54,5034,204376,0,14,0,0,1,1,0
30,22,0,1,2,0,0,0.033333333,0,3,-1,4286481,0,6,0,0,1,1,0
29,21,0,1,2,0,0,0.0,0,51,6391,413,0,6,0,0,1,1,0
70,43,0,1,3,0,0,0.071428571,1,0,505,0,1,13,1,1,0,0,1
105,18,0,0,3,0,0,0.057142857,0,177,3037,3636,0,16,0,0,0,1,0
148,16,1,0,2,1,0,0.236486486,1,4,883,0,1,24,0,0,0,1,1
127,50,1,1,3,1,0,0.118110236,0,51,3992,5697976,1,19,0,1,0,2,1
57,23,0,1,3,0,0,0.0,0,47,8373,1352921,0,10,0,0,0,2,0
70,45,1,0,3,0,1,0.242857143,0,0,5616,0,1,12,0,1,0,2,1
31,24,0,1,2,0,0,0.0,0,45,3579,3148672,0,5,0,0,0,2,0
24,16,0,1,3,0,0,0.0,0,8,-1,0,0,7,0,0,0,0,0
26,18,0,1,2,0,0,0.038461538,0,0,-1,0,0,6,0,0,0,2,0
51,17,0,1,1,0,0,0.0,1,1,155,9655552,1,10,0,0,0,2,1
303,15,1,0,3,1,0,0.287128713,4,17,-1,0,1,33,0,0,0,2,1
26,17,0,0,2,0,0,0.0,0,88,6564,51845,0,6,0,0,0,1,0
27,19,0,1,2,0,0,0.0,0,0,5617,0,0,6,0,0,0,1,0
59,15,0,1,2,0,0,0.0,0,66,8829,2635,0,11,0,0,1,1,0
30,21,0,0,2,1,1,0.0,0,14,7296,0,1,7,1,0,0,1,1
42,22,0,0,2,0,0,0.0,0,511,7740,779,0,9,0,0,1,3,0
39,31,0,1,2,0,0,0.0,0,126,2718,0,0,9,0,0,1,2,0
33,11,0,0,2,1,0,0.0,0,36,-1,163131,0,9,0,1,0,1,0
41,21,0,1,2,0,0,0.146341463,0,50,7530,23288,1,7,0,0,0,2,1
50,16,0,1,3,0,0,0.04,0,25,7376,6362655,0,8,0,0,0,1,0
25,16,0,0,2,0,0,0.0,0,14,9041,1936483,0,6,0,0,0,1,0
55,18,0,0,2,0,0,0.018181818,0,123,3839,21416,1,9,0,0,1,1,0
36,15,0,1,2,0,0,0.055555556,0,41,-1,0,1,7,0,0,0,1,1
45,17,0,0,3,0,0,0.0,0,0,1818,8021772,1,8,0,0,1,1,1
70,49,1,0,3,0,1,0.242857143,0,0,5626,0,1,12,0,1,0,2,1
76,50,1,1,3,1,0,0.144736842,0,4,4003,5816617,1,10,0,1,1,1,1
106,19,1,1,2,1,0,0.150943396,3,88,2046,0,1,13,0,0,1,1,1
30,21,0,0,2,0,0,0.0,0,110,-1,211600,0,6,0,0,0,0,0
22,14,0,1,3,0,0,0.0,0,126,-1,555264,0,7,0,0,1,2,0
41,17,0,1,3,1,0,0.0,0,4,-1,0,1,9,0,0,0,1,1
70,27,0,0,3,1,0,0.0,0,90,4286,262783,0,11,0,0,0,2,0
42,14,0,0,2,0,0,0.047619048,0,8,1953,4365,0,8,0,0,0,1,1
56,25,0,1,2,1,0,0.053571429,0,0,-1,590567,1,9,0,0,1,2,1
27,19,0,1,2,0,0,0.0,0,34,1382,67497,0,6,0,0,1,2,0
30,13,0,0,2,0,0,0.0,1,50,3777,6328,0,7,0,0,1,1,0
38,18,0,0,3,0,0,0.0,0,152,7133,12,1,8,1,0,0,0,0
75,42,0,1,3,0,1,0.08,0,21,5626,0,1,13,0,1,0,2,1
77,16,0,1,3,0,0,0.103896104,0,85,9010,446919,1,13,0,1,2,2,0
77,27,1,0,3,0,0,0.3376623379999999,0,78,152,5008870,1,8,0,0,0,1,1
67,28,0,1,3,0,0,0.0,0,52,7119,163874,0,9,0,0,0,2,0
78,13,0,1,3,1,0,0.0,4,21,630,0,1,13,0,0,2,1,1
34,11,0,0,1,0,0,0.0,0,25,7491,63,0,5,1,0,0,2,0
19,11,0,1,2,1,0,0.0,0,0,54,0,1,7,0,0,0,2,1
55,16,0,0,2,0,0,0.0,0,102,8520,8,0,7,1,0,0,0,0
40,13,1,1,3,0,0,0.25,1,21,-1,0,1,12,0,1,2,2,1
89,20,0,1,2,1,0,0.02247191,0,2169,4211,165366,1,15,0,0,1,2,0
45,21,0,0,2,0,0,0.0,0,62,3772,35245,0,8,0,0,0,1,0
74,22,0,1,3,0,0,0.067567568,0,0,-1,171134,0,11,0,0,1,3,0
50,25,0,1,2,0,0,0.02,0,25,5271,4135720,1,9,0,0,1,2,1
19,11,0,1,1,0,0,0.052631579,0,16,-1,406442,0,5,0,0,1,0,0
330,16,1,0,3,0,0,0.312121212,0,0,7490,376,0,42,0,1,0,1,1
42,22,0,1,2,1,0,0.0,0,7,27,0,1,7,0,0,0,1,1
43,28,0,1,3,0,0,0.23255814,0,25,2215,627168,1,9,0,0,2,1,1
21,12,0,0,2,0,0,0.0,0,137,-1,676660,0,6,0,0,0,0,0
127,50,1,1,3,1,0,0.141732283,0,51,3992,5697976,1,19,0,1,0,2,1
62,26,0,1,3,0,0,0.032258065,0,0,12712,1117,1,11,0,0,0,3,0
36,28,0,0,2,0,0,0.0,0,5,2837,0,1,6,0,0,0,3,1
27,19,0,1,2,1,0,0.0,0,27,3313,384896,0,7,0,0,1,2,0
26,15,0,1,1,0,0,0.0,0,0,-1,0,1,6,0,0,0,2,1
66,22,0,0,2,0,0,0.0,0,13,4641,6166,0,11,0,0,0,2,0
50,24,0,1,2,0,0,0.0,0,23,4545,254352,0,8,0,1,0,1,1
45,19,0,1,2,1,0,0.0,0,81,8539,29422,0,8,0,0,0,0,0
31,23,0,0,2,0,1,0.0,0,14,7295,0,1,5,1,0,0,2,1
30,21,0,0,2,1,0,0.0,0,0,1,0,1,7,0,0,0,2,1
33,13,0,0,2,0,0,0.0,0,18,7717,891900,0,9,1,0,0,0,0
36,21,0,1,2,0,0,0.027777778,0,28,2881,5754,1,6,0,0,0,0,1
45,16,0,0,2,0,0,0.0,0,846,7132,12,0,8,1,0,0,1,0
44,16,0,0,2,0,0,0.0,0,575,7133,12,0,8,1,0,0,1,0
43,15,0,0,2,0,0,0.046511628,0,53,5636,2,0,9,1,0,0,1,0
64,25,0,0,3,0,0,0.125,0,8,1338,22211,1,8,0,1,0,0,1
92,21,1,1,3,0,1,0.239130435,0,0,259,0,1,11,0,1,0,2,1
33,24,0,0,2,0,0,0.0,0,98,-1,1593690,0,6,0,0,0,2,0
74,66,0,1,3,0,1,0.0,0,70,8181,178077,1,11,0,0,0,2,0
255,17,1,0,3,0,0,0.329411765,1,0,9338,21,0,44,0,0,0,1,1
219,13,1,0,1,1,0,0.219178082,3,22,778,0,1,26,0,0,0,2,1
54,31,0,1,2,1,0,0.037037037,0,56,2132,17569,1,10,0,0,1,2,0
31,19,0,1,2,0,0,0.0,0,89,-1,788916,0,7,0,0,0,2,0
28,20,0,0,2,0,0,0.0,0,54,734,3941699,0,5,0,0,0,1,1
23,11,0,1,1,0,0,0.0,0,22,-1,121046,0,6,0,0,1,2,0
188,13,1,1,3,0,0,0.5,2,3,-1,0,0,15,0,1,0,2,1
23,14,0,0,2,0,0,0.0,0,59,4666,747137,0,6,0,0,0,2,0
29,20,0,0,2,0,0,0.0,0,51,1163,0,0,6,0,0,0,1,0
263,214,0,1,3,0,1,0.178707224,1,5,2660,0,1,21,0,0,0,2,1
36,9,0,1,1,0,0,0.0,1,183,2247,50432,0,7,0,0,1,0,0
120,42,1,0,3,0,0,0.108333333,0,51,3992,5697976,1,18,0,1,0,2,1
34,17,0,1,3,0,0,0.0,1,103,7062,1760637,1,7,0,0,1,2,1
60,23,0,1,2,1,0,0.0,3,61,345,0,1,11,0,0,2,2,1
64,20,0,0,3,0,0,0.0,0,7,6724,13495,0,10,0,0,0,0,0
28,19,0,0,2,0,0,0.0,0,160,2858,291303,0,6,0,0,0,2,0
97,22,0,0,1,1,0,0.0,3,5,835,0,1,14,0,0,0,1,1
48,34,0,1,3,0,0,0.1875,0,4,184,0,1,9,0,0,1,1,1
72,13,0,1,3,0,0,0.166666667,0,121,-1,8013,1,14,0,0,2,1,0
49,21,0,1,3,0,0,0.081632653,0,59,-2,131425,0,8,0,0,0,1,0
74,18,0,0,3,1,1,0.108108108,0,31,10673,23,1,13,1,0,1,0,0
34,21,1,0,2,0,0,0.264705882,0,16,5160,0,0,9,1,0,0,1,0
43,16,0,1,2,0,0,0.0,2,29,8348,1,0,7,1,0,2,2,1
88,14,0,0,2,1,0,0.0681818179999999,0,110,6991,4524,0,13,0,0,0,0,0
56,19,0,1,2,0,0,0.053571429,0,130,6111,0,0,9,0,0,1,1,0
22,15,0,1,2,0,0,0.0,0,26,995,0,0,5,0,0,0,1,0
49,20,0,0,2,0,0,0.0,1,93,9091,25870,0,7,0,0,0,1,0
73,13,0,0,2,0,0,0.0,0,17,7419,285,0,15,0,0,0,0,0
52,15,0,0,2,0,0,0.019230769,0,0,2397,7613314,1,9,0,0,0,1,1
31,16,0,1,2,0,0,0.0,0,100,4190,21732,0,6,0,0,1,1,0
40,14,1,1,3,0,0,0.35,0,8,-1,0,1,10,0,1,0,2,1
31,23,0,0,2,0,1,0.096774194,0,14,7295,0,1,5,1,0,0,1,1
66,20,1,0,2,1,0,0.181818182,0,582,4,0,1,11,0,0,0,2,1
27,19,0,1,2,0,0,0.0,0,42,1128,0,0,6,0,0,0,1,0
88,19,1,1,3,0,0,0.079545455,0,73,8758,947,0,16,0,0,1,0,0
55,13,0,1,3,1,0,0.090909091,0,120,9800,72,0,12,0,0,1,1,0
74,7,0,1,1,0,0,0.0,0,81,3565,39004,0,12,0,0,1,0,0
37,16,0,1,2,0,0,0.0,0,21,451,0,1,8,0,0,1,1,1
23,14,0,0,3,0,0,0.0,0,79,-1,439401,0,7,0,0,0,1,0
110,38,1,0,3,1,0,0.181818182,0,4,-1,0,1,12,0,0,0,1,1
132,26,0,0,2,1,1,0.060606061,0,26,8019,0,1,21,0,0,1,2,1
63,24,0,1,3,0,0,0.0,0,124,5208,27898,0,10,0,0,1,2,0
25,11,0,0,1,0,0,0.0,0,37,519,0,1,5,0,0,2,1,1
83,18,0,1,2,1,0,0.0,0,175,9221,0,1,17,0,0,2,2,0
22,15,0,1,2,0,0,0.0,0,0,-1,0,1,6,0,0,0,2,1
54,20,0,0,3,0,0,0.0,0,79,6739,10600,0,9,0,0,0,1,0
91,25,0,1,2,0,0,0.021978022,0,42,3930,1051803,0,15,0,0,0,0,0
40,16,0,0,1,0,0,0.0,0,159,5554,926922,0,6,0,0,0,1,0
48,41,0,1,3,0,0,0.0,1,1,-1,0,1,9,0,0,0,2,1
145,32,0,0,3,1,0,0.055172414,0,1,7086,18105,1,10,0,0,0,2,1
36,16,0,0,2,0,0,0.0,0,137,8519,8,1,6,1,0,1,0,0
81,33,0,1,2,1,0,0.0,2,12,1184,0,1,11,0,0,2,2,1
60,19,0,1,1,0,0,0.033333333,0,9,3855,0,0,10,0,0,0,1,0
38,31,0,1,2,0,1,0.0,0,14,7295,0,1,5,1,0,1,1,1
77,23,1,1,1,0,0,0.311688312,0,30,5767,0,1,7,0,0,1,1,1
27,18,0,0,2,0,0,0.037037037,1,48,1230,123186,1,6,0,0,0,1,1
50,17,0,1,3,0,0,0.0,0,165,8145,12421,0,10,0,0,1,0,0
203,9,1,0,2,0,0,0.39408867,2,28,-1,0,1,15,0,0,0,1,1
54,22,0,1,3,0,0,0.0,0,4,-1,0,1,11,0,0,1,1,1
36,18,0,0,2,0,0,0.027777778,0,2,473,0,1,6,0,0,0,1,1
25,16,0,0,2,0,0,0.0,0,77,2887,195017,0,6,0,0,0,2,0
32,23,0,0,3,0,0,0.0,0,158,-1,1363440,0,7,0,0,0,1,0
29,13,0,0,2,0,0,0.0,0,1,2052,6963675,1,6,0,0,0,2,1
81,15,0,1,3,0,0,0.061728395,0,0,8205,0,1,14,0,0,0,3,0
157,21,1,0,3,0,0,0.267515924,0,129,6019,3365993,1,9,0,0,3,2,1
54,9,0,1,3,0,0,0.0,0,24,2350,0,1,14,0,0,1,0,1
76,29,0,0,3,0,0,0.1710526319999999,1,25,2370,0,1,19,0,0,0,1,1
92,24,0,0,3,0,0,0.0,0,11,4313,219768,1,10,0,0,0,2,1
97,16,0,1,2,0,0,0.0,0,197,7841,3990,0,15,0,0,1,0,0
74,12,0,1,2,1,0,0.0,0,36,9286,153840,1,12,0,0,3,0,0
164,21,1,1,3,1,1,0.134146341,2,23,4284,0,1,20,0,1,2,2,1
37,30,0,1,2,0,0,0.0,1,47,-1,77586,1,6,0,0,1,1,1
132,16,1,0,3,0,0,0.037878788,0,9,7765,32,0,12,0,0,0,1,1
25,16,0,0,1,0,0,0.0,0,170,2005,350582,0,5,0,0,0,2,0
49,16,0,0,2,0,0,0.0,0,771,7133,12,0,9,1,0,0,1,0
26,18,0,1,2,0,0,0.0,0,190,1186,141129,0,6,0,0,1,1,0
53,16,0,1,3,0,0,0.0,0,10,-1,0,1,9,0,0,0,2,1
25,17,0,1,2,0,0,0.0,0,12,6986,407240,0,6,0,0,0,0,0
29,20,0,0,2,0,0,0.0,0,99,4258,422100,0,6,0,0,0,2,0
29,21,0,1,2,1,0,0.0,0,41,4087,940638,0,7,0,0,1,2,0
65,36,0,1,3,0,1,0.076923077,1,22,5626,0,1,12,0,0,0,1,1
67,14,1,1,2,0,0,0.194029851,0,0,4376,0,1,9,0,0,0,2,1
53,20,0,1,2,1,0,0.056603774,0,177,9078,43635,0,10,0,0,0,2,0
56,20,0,1,3,0,0,0.1785714289999999,0,17,7473,0,1,12,0,0,0,1,1
56,21,0,1,2,1,0,0.0,3,0,767,0,1,10,0,0,0,2,1
63,24,0,1,2,1,0,0.015873016,0,84,-1,853259,0,13,0,0,0,2,0
44,35,0,0,2,0,1,0.0,0,159,7298,275769,0,6,1,0,0,2,0
43,15,0,1,3,0,0,0.11627907,0,396,7156,2250,0,9,0,1,1,2,0
57,12,0,1,3,1,0,0.070175439,0,7,9265,8548,1,13,0,0,1,0,0
91,20,0,0,3,1,0,0.076923077,2,13,518,4431878,1,13,0,0,1,2,1
179,6,1,0,3,0,0,0.067039106,2,38,-1,10534904,1,40,1,0,0,2,1
118,38,1,1,2,1,0,0.194915254,0,75,1279,0,1,11,0,1,0,1,1
36,19,0,1,2,0,0,0.0,1,16,61,0,1,6,0,0,0,2,1
44,15,0,1,3,0,0,0.1363636359999999,0,243,7157,2294,0,9,0,1,1,2,0
33,16,0,0,2,0,0,0.0,0,142,8518,8,0,6,1,0,0,0,0
65,17,1,0,2,1,0,0.292307692,0,392,6697,3822,0,9,0,0,0,2,0
46,16,0,1,2,1,0,0.0,0,384,6264,5725,0,10,0,0,1,1,0
33,24,0,0,2,0,0,0.0,0,155,2917,68190,0,6,0,0,0,1,0
150,12,1,1,3,0,0,0.2,2,25,-1,0,1,29,0,1,0,2,1
21,12,0,0,2,0,0,0.0,0,211,7969,15330,0,6,0,0,0,0,0
56,31,0,1,3,0,0,0.017857143,0,144,8050,1593,1,8,0,0,1,0,0
41,31,0,1,2,0,0,0.0,0,124,-1,0,0,6,0,0,1,2,0
26,17,0,0,2,0,0,0.0,0,203,-1,0,0,6,0,0,0,0,0
76,50,1,1,3,1,0,0.197368421,0,51,3993,5707171,1,10,0,1,1,2,1
85,10,0,1,1,0,0,0.105882353,0,110,6064,10507,0,17,0,0,1,0,0
90,34,0,1,2,0,1,0.066666667,0,68,7616,2190,0,14,0,0,1,1,0
27,16,0,1,2,0,0,0.0,0,716,1703,1095998,0,7,0,0,0,2,0
36,28,0,1,2,0,1,0.0,0,25,7296,1488112,0,6,1,0,0,2,0
70,18,0,1,3,0,0,0.0,0,33,6348,188311,0,12,0,1,1,1,0
113,12,1,1,3,0,0,0.221238938,0,10,6677,0,1,14,0,1,0,1,1
22,14,0,1,2,0,1,0.0,0,83,1986,0,0,6,0,0,1,1,0
31,18,0,0,1,0,0,0.0,0,14,6,0,1,5,0,0,1,1,1
41,32,0,0,2,0,0,0.0,0,152,7447,0,0,6,1,0,0,1,0
89,11,0,1,2,0,0,0.0,0,27,1436,2323308,0,14,0,0,0,2,0
51,21,0,1,2,0,0,0.058823529,0,23,2314,0,1,9,0,0,0,2,1
25,16,0,0,2,0,1,0.0,1,8,-1,0,0,6,0,0,1,1,1
27,18,0,0,2,0,0,0.0,0,124,-1,0,0,6,0,0,0,0,0
35,26,0,0,2,0,1,0.114285714,0,15,7296,0,1,6,1,0,0,1,1
38,14,0,1,3,0,0,0.0,0,73,8272,13549,0,9,0,0,1,2,0
48,17,0,1,3,0,0,0.104166667,0,0,11909,5646,1,12,0,0,1,3,0
76,17,0,1,3,1,0,0.0,0,8,6242,2409,0,13,0,0,1,1,0
38,30,0,1,2,0,1,0.0,0,36,7621,56198,1,6,0,0,0,1,1
45,18,0,1,2,0,0,0.088888889,0,0,1414,0,1,7,0,0,0,2,1
30,15,0,1,2,0,0,0.0,0,17,889,0,1,6,0,0,1,2,1
76,20,0,0,2,0,0,0.0,0,51,4502,896069,1,11,0,0,1,1,0
31,24,0,1,2,0,1,0.0,0,14,7297,0,1,5,1,0,0,1,1
77,8,0,1,2,1,0,0.0,3,0,5927,0,1,14,0,0,1,1,1
88,32,1,0,3,1,0,0.147727273,0,22,1533,4623,1,14,0,0,0,3,1
56,15,1,1,3,0,0,0.607142857,0,0,-1,0,1,8,0,1,0,2,1
51,24,0,1,3,0,0,0.117647059,0,80,6106,737,1,8,0,0,2,2,0
33,19,0,1,2,0,0,0.0,0,165,7140,0,0,7,0,0,0,2,0
93,18,0,0,3,0,0,0.0,0,0,-1,2818,0,17,0,0,0,3,0
98,21,0,1,2,1,0,0.0,0,170,5738,8559,0,13,0,0,1,2,0
41,11,0,1,1,0,0,0.0,0,519,1345,0,1,7,0,0,1,1,1
38,16,0,1,2,0,0,0.0,0,21,-1,0,1,7,0,0,0,2,1
98,19,1,1,2,1,0,0.173469388,2,9,3078,0,1,12,0,0,1,1,1
43,14,0,1,2,0,0,0.0,0,49,4918,19671,0,9,0,0,1,1,0
78,12,1,1,2,1,1,0.08974359,3,274,7449,21320,1,11,0,0,3,2,1
23,15,0,1,2,0,0,0.0,0,92,-1,1054810,0,6,0,0,1,2,0
201,18,1,1,3,0,1,0.457711443,2,22,1479,0,1,16,0,0,0,1,1
31,22,0,0,2,1,0,0.0,0,37,6467,37793,0,7,0,0,1,2,0
68,19,0,0,3,0,0,0.0,0,78,6109,1617,0,12,0,1,0,0,0
32,15,0,0,2,0,0,0.0,0,71,7808,8348,0,6,0,0,0,0,0
42,19,0,0,2,0,0,0.023809524,0,275,5844,6767,0,7,0,1,0,1,0
48,20,0,0,3,0,0,0.125,0,47,8047,2604,0,8,0,0,0,2,0
198,19,1,1,3,1,0,0.191919192,4,19,678,10421362,1,28,0,0,0,2,1
54,11,0,0,2,0,1,0.12962963,0,58,7827,383,1,7,0,0,0,0,1
50,31,0,1,3,0,0,0.0,0,0,5026,0,1,7,0,0,0,1,1
54,18,0,0,3,1,1,0.111111111,0,66,10674,23,1,10,1,0,2,0,0
28,19,0,0,2,0,0,0.0,0,35,5981,0,0,6,0,0,0,2,0
27,19,0,1,2,0,0,0.0,0,123,5910,1860613,0,6,0,0,0,1,0
40,17,0,1,3,0,0,0.0,0,164,8147,12601,0,9,0,0,1,0,0
44,26,0,1,2,0,0,0.0,0,239,2345,237648,1,8,0,0,1,1,0
49,18,0,1,2,0,0,0.0,0,130,-1,6129966,0,9,0,0,0,2,0
26,18,0,1,2,0,0,0.0,0,14,-1,0,0,6,0,0,1,1,0
81,12,0,1,2,0,0,0.098765432,0,45,8945,32,1,20,1,0,1,1,0
127,50,1,0,3,1,0,0.149606299,0,4,4003,5816617,1,18,0,1,1,1,1
36,18,0,1,3,0,0,0.027777778,0,7,92,0,1,7,0,0,0,1,1
61,20,0,0,2,0,0,0.0,2,1,-1,9417793,1,12,0,0,0,2,1
64,8,0,1,2,0,0,0.046875,0,16,3688,0,1,11,0,0,0,2,1
38,15,0,0,2,0,0,0.0,0,55,5636,2,0,7,1,0,0,1,0
53,26,0,1,2,1,0,0.018867925,0,8,1953,4365,1,9,0,0,0,1,1
30,21,0,0,2,0,0,0.0,0,154,-1,0,0,6,0,0,1,2,0
52,24,0,1,3,0,0,0.0,0,26,-1,331651,0,10,0,0,0,0,0
40,11,0,1,1,0,0,0.0,0,128,4706,47113,0,8,0,0,1,1,0
41,15,0,1,3,0,0,0.1707317069999999,0,126,4861,0,0,10,0,0,0,0,0
60,21,0,1,2,0,0,0.0,0,216,5509,1290,0,11,0,0,1,1,0
17,10,0,1,2,0,0,0.0,0,6,4516,144211,0,5,0,0,0,1,0
48,20,0,0,3,0,0,0.125,0,65,8048,2604,0,8,0,0,0,2,0
78,69,1,0,3,0,1,0.115384615,0,0,5627,0,1,10,0,0,0,2,1
34,25,0,0,2,0,0,0.0,0,252,-1,314851,0,6,0,0,0,1,0
44,36,0,1,3,0,0,0.022727273,0,466,165,0,1,10,0,0,1,2,1
48,17,0,1,1,1,0,0.0,3,3,4629,0,1,9,0,0,1,1,1
143,26,0,0,3,0,1,0.125874126,0,19,5613,0,1,15,0,0,0,2,1
56,16,0,1,3,0,0,0.0,3,8,1971,0,0,10,0,0,1,0,1
65,14,0,1,3,0,0,0.076923077,0,50,11049,549,0,11,0,0,1,1,0
73,18,0,1,3,0,0,0.02739726,1,0,761,0,1,14,0,0,0,2,1
29,22,0,1,2,0,0,0.0,0,279,6466,0,0,5,0,0,1,2,0
71,20,0,1,3,1,0,0.056338028,0,81,1731,7026810,0,14,0,0,0,1,0
25,16,0,0,2,0,0,0.0,0,48,4473,0,0,6,0,0,0,1,0
110,17,0,1,3,1,0,0.0,4,6,4609,0,1,19,0,0,0,1,1
80,22,1,1,3,1,0,0.3,0,0,5826,0,1,12,0,0,1,2,1
54,26,0,1,2,1,0,0.074074074,2,0,786,0,1,8,0,0,0,2,1
70,45,1,0,3,0,1,0.242857143,0,0,5616,0,1,12,0,1,0,2,1
71,28,0,0,2,0,0,0.112676056,0,341,7445,5393701,0,14,1,0,0,2,0
106,13,0,1,3,0,0,0.009433962,3,5,-1,0,1,27,0,0,0,1,1
32,13,0,0,2,0,0,0.0,1,200,-1,0,1,6,0,0,0,2,1
50,14,0,1,1,0,0,0.0,0,44,2213,305155,1,9,0,0,2,0,0
44,16,0,1,3,0,1,0.0,0,109,3332,0,1,9,0,1,3,2,1
39,30,0,0,3,0,0,0.0,0,134,-1,733495,0,7,0,0,0,2,0
100,29,0,0,3,0,0,0.07,0,0,7449,385,0,16,1,0,0,3,0
91,22,1,1,2,1,0,0.142857143,3,11,-1,0,1,11,0,0,1,2,1
127,50,1,0,3,1,0,0.133858268,0,51,3992,5697976,1,18,0,1,1,2,1
31,22,0,0,2,0,0,0.0,0,69,7962,71370,0,6,0,0,0,1,0
49,23,0,0,2,0,0,0.0,0,0,1502,2698315,1,8,0,0,0,2,1
66,23,0,1,3,0,0,0.075757576,0,69,11048,546,0,11,0,0,1,1,0
259,34,1,1,3,0,0,0.420849421,3,103,7062,491854,1,22,0,0,1,2,1
70,44,0,1,3,0,1,0.0,2,21,5616,0,1,13,0,0,0,2,1
180,41,1,0,3,1,0,0.05,2,25,2188,15873,1,26,0,0,0,1,1
61,18,0,1,3,1,0,0.06557377,0,342,8746,23386,1,11,0,0,1,2,0
19,10,0,0,1,0,0,0.0,0,72,5890,2438924,0,5,0,0,0,0,0
44,20,0,1,3,0,0,0.0,1,63,3605,1137979,1,8,0,0,1,2,1
46,20,0,0,3,0,0,0.0,1,93,3710,818029,1,9,0,0,1,1,0
75,17,0,1,3,0,0,0.0,0,249,8206,15425,1,11,0,0,3,1,0
102,7,0,1,3,0,0,0.166666667,0,0,4842,9602,0,19,0,0,0,1,1
62,10,1,1,1,0,0,0.35483871,0,48,-1,0,1,7,0,0,1,2,1
466,15,1,0,3,0,0,0.165236052,1,44,7708,1416447,1,83,1,1,2,2,1
83,20,0,0,3,1,0,0.012048193,1,31,383,10628193,1,14,0,0,0,2,1
59,18,0,0,3,1,0,0.0,0,131,-1,5695,1,10,0,0,2,0,0
68,21,0,1,3,1,0,0.014705882,3,5,1728,0,1,12,0,0,0,1,1
38,13,0,0,1,0,0,0.105263158,0,1,439,0,1,8,0,0,0,1,1
36,28,0,1,2,0,1,0.0,0,167,7297,0,0,6,1,0,0,2,0
127,15,0,0,2,0,0,0.11023622,0,4,8348,1,1,16,1,0,0,2,1
37,23,0,1,2,0,0,0.108108108,0,349,4057,98,1,7,1,0,2,2,0
38,18,0,0,2,0,0,0.0,0,510,9174,625,0,7,0,0,0,1,0
60,8,0,1,2,0,0,0.0,0,0,8546,58239,0,9,0,0,2,3,0
35,16,0,1,2,0,1,0.0,0,135,-1,228333,0,7,0,0,1,1,0
63,56,0,1,3,0,0,0.031746032,0,0,177,0,1,11,0,1,0,2,1
51,16,0,1,3,0,0,0.0,0,91,6137,28754,0,10,0,1,1,1,0
128,50,1,0,3,1,0,0.15625,0,51,3993,5707171,1,19,0,1,0,2,1
50,12,0,1,2,0,0,0.0,1,6,-1,0,1,8,0,0,0,1,1
60,24,0,1,2,0,0,0.166666667,0,0,514,0,1,9,0,0,0,2,1
62,15,0,1,1,1,0,0.0,3,4,4540,0,1,10,0,0,2,1,1
38,14,0,1,2,0,0,0.0,0,119,8149,133,0,11,0,0,1,0,0
33,16,0,1,3,0,0,0.03030303,0,0,4161,0,1,7,0,0,0,2,1
127,50,1,1,3,1,0,0.141732283,0,51,3992,5707171,1,19,0,1,0,2,1
162,40,0,1,3,0,1,0.12345679,0,22,5616,0,1,16,0,0,0,2,1
20,7,0,1,1,0,0,0.0,0,6,-1,2472276,1,5,0,0,0,0,1
50,10,1,1,1,0,0,0.42,0,0,4312,0,1,5,0,0,1,2,1
42,27,0,0,3,0,1,0.023809524,0,21,5627,0,1,9,0,0,0,2,1
40,33,0,1,2,0,1,0.0,0,14,7295,0,1,5,1,0,1,1,1
31,14,0,1,3,0,0,0.0,0,25,-1,0,1,7,0,0,0,2,1
24,17,0,1,2,0,0,0.0,0,15,5852,76924,1,5,0,0,0,1,1
66,29,0,1,2,1,0,0.0,0,26,9056,1664,1,10,0,0,2,1,0
71,15,0,0,2,1,1,0.197183099,0,694,9283,124,0,12,1,0,0,0,0
33,12,1,1,2,0,0,0.212121212,0,542,8966,70,0,7,1,0,2,1,0
73,16,0,1,3,0,0,0.232876712,0,17,793,514912,0,18,0,0,0,1,1
466,15,1,0,3,0,0,0.165236052,1,44,7709,1422202,1,83,1,1,2,2,1
61,16,0,0,2,0,0,0.0,0,562,7133,12,1,10,1,0,0,1,0
84,13,0,0,1,0,0,0.071428571,0,225,9034,696,0,13,0,0,0,2,0
57,24,0,1,2,1,1,0.035087719,0,96,7119,32633,1,11,0,1,0,2,0
42,18,0,0,2,1,0,0.0,0,24,5456,124062,1,8,0,0,2,1,0
60,22,0,1,3,0,0,0.0,0,64,3097,2437404,0,12,0,0,0,2,0
59,20,0,1,3,1,0,0.0,3,0,4193,0,1,10,0,0,0,2,1
44,17,0,1,2,0,0,0.113636364,0,46,7780,6206,0,9,0,0,0,1,0
50,27,0,1,2,1,1,0.0,0,171,4255,0,0,8,0,0,2,1,0
36,27,0,0,2,0,0,0.0,1,7,-1,77586,1,8,0,0,0,1,1
21,11,0,1,1,0,0,0.0,0,13,4320,0,1,6,0,0,2,2,1
30,21,0,0,2,0,0,0.0,0,277,2613,670465,0,6,0,0,0,2,0
32,25,0,1,2,0,1,0.03125,0,14,7295,0,1,5,1,0,1,1,1
68,42,1,1,3,0,0,0.161764706,0,4,4003,5816617,1,9,0,1,1,1,1
39,31,0,1,2,0,1,0.0,0,9,-1,0,1,6,0,0,0,1,1
71,23,0,1,3,0,0,0.014084507,0,9,-1,0,1,10,0,0,0,2,1
15,4,0,1,1,0,0,0.133333333,0,56,-1,0,1,5,0,0,4,2,1
43,34,0,0,2,1,0,0.0,0,48,1971,0,0,7,0,0,0,2,0
36,16,0,0,2,0,0,0.0,0,53,8518,8,0,7,1,0,0,2,0
40,17,0,1,1,1,0,0.0,3,231,1744,0,0,8,0,0,1,1,1
29,21,0,1,2,0,0,0.0,0,14,7549,733780,0,6,0,0,1,2,0
129,6,1,0,3,0,0,0.170542636,0,0,-1,24,0,22,0,1,1,2,1
38,17,0,1,1,0,0,0.0,0,10,909,0,1,7,0,0,0,2,1
16,7,0,0,1,0,0,0.0,0,13,6001,9363234,0,5,0,0,0,0,0
70,38,0,0,3,0,0,0.0,0,150,8097,52592,0,11,0,0,0,1,0
48,15,0,0,2,1,0,0.0,0,53,7743,20027,0,8,0,0,0,1,1
42,14,0,1,3,0,0,0.0,0,146,7982,348,1,9,1,0,1,1,0
33,26,0,1,2,0,1,0.0,0,84,7297,0,0,5,1,0,0,2,0
35,22,0,1,2,0,1,0.0,1,4,888,0,0,6,0,0,0,2,1
150,34,0,0,2,1,1,0.033333333,1,26,8019,0,1,19,0,1,1,1,1
64,17,0,0,2,0,0,0.0,0,19,6215,1173260,0,11,0,0,0,1,0
61,20,1,1,2,0,0,0.442622951,0,0,3157,0,1,7,0,0,0,2,1
128,50,1,0,3,1,0,0.203125,0,51,3993,5707171,1,19,0,1,0,2,1
38,13,0,1,1,0,0,0.0,0,0,4778,0,1,9,0,0,0,2,1
22,13,0,0,2,0,0,0.0,0,21,1654,4127669,0,6,0,0,0,0,0
35,18,0,1,3,0,0,0.0,0,49,-1,2639634,1,7,0,0,2,0,0
61,18,0,1,2,0,0,0.0,0,94,4487,2870,0,10,0,1,1,1,0
47,13,0,1,3,0,0,0.170212766,0,14,8051,0,0,10,0,0,0,1,0
85,22,0,0,3,0,0,0.0,0,294,-1,0,1,14,0,0,1,2,1
33,12,0,1,2,0,0,0.0,0,31,8930,18546,0,7,0,0,2,0,0
37,28,0,0,2,1,1,0.0,0,56,5303,931080,0,7,0,0,0,2,0
77,14,0,0,3,0,0,0.064935065,0,5,5159,115,1,15,1,1,0,0,0
159,30,1,0,3,1,1,0.13836478,0,18,5670,5836,1,25,0,1,0,2,1
80,19,0,0,1,0,0,0.0125,0,45,2041,493547,1,13,0,0,0,2,0
23,14,0,0,2,0,0,0.0,0,51,-1,71035,0,6,0,0,0,1,0
174,21,1,1,3,0,0,0.333333333,1,31,-1,0,1,20,0,0,0,2,1
108,17,0,1,3,0,0,0.0,1,0,3323,209025,0,16,0,0,0,3,0
67,28,0,1,3,0,0,0.0,0,79,3827,1709412,0,12,0,0,1,1,0
30,13,0,1,1,0,0,0.0,2,51,1899,507771,0,7,0,0,0,1,1
87,21,0,1,2,1,0,0.103448276,3,4,7728,0,1,14,0,0,1,1,1
53,21,0,0,3,0,0,0.0,0,176,7481,307,1,9,0,0,1,1,0
126,50,1,1,3,1,0,0.182539683,0,51,3993,5707171,1,18,0,1,1,2,1
81,27,1,1,2,0,0,0.222222222,0,30,5767,0,1,8,0,0,1,1,1
44,16,0,0,2,0,0,0.0,2,1,8348,1,1,7,1,0,1,0,1
59,14,0,0,1,0,0,0.101694915,0,18,2107,234160,0,9,0,0,0,1,0
73,19,0,1,2,0,0,0.02739726,0,56,4075,14263,0,10,0,0,1,1,0
27,18,0,0,2,0,0,0.0,0,331,-1,201422,0,6,0,0,1,2,0
120,42,1,0,3,0,0,0.2,0,4,4003,5816617,1,18,0,1,1,1,1
34,25,0,0,3,0,0,0.0,0,33,5974,136505,0,7,0,0,0,2,0
56,27,0,0,3,0,0,0.017857143,0,266,3858,36712,0,9,0,0,0,2,0
48,20,0,0,3,0,0,0.0,0,74,8045,2580,0,9,0,0,0,2,0
122,28,0,0,2,1,1,0.081967213,0,26,8019,0,1,19,0,1,1,1,1
32,24,0,1,2,0,1,0.0,0,250,7296,0,0,6,1,0,0,1,0
76,14,1,1,2,0,0,0.105263158,1,122,5284,15208,0,13,0,0,1,1,0
74,12,0,1,3,0,0,0.067567568,0,5,135,0,1,13,0,0,0,1,1
53,18,0,0,2,0,0,0.0,0,109,9174,623,0,8,0,1,0,0,0
74,20,0,0,2,0,0,0.0,1,90,5118,92095,0,11,0,0,0,1,0
38,30,0,1,2,0,0,0.0,0,7,2785,921056,0,6,0,0,0,0,0
29,20,0,0,2,0,0,0.0,0,28,5109,0,0,6,0,0,0,1,0
62,27,0,0,3,1,0,0.0,2,0,253,0,1,10,0,0,0,2,1
33,26,0,1,2,0,1,0.03030303,0,10,7295,0,1,5,1,0,1,1,1
48,16,0,0,2,0,0,0.0,0,174,6212,3128,0,8,0,0,0,1,0
60,19,0,1,3,0,0,0.0,4,77,7017,0,1,11,1,0,0,2,1
25,18,0,1,2,0,0,0.0,0,1,147,0,1,5,0,0,0,1,1
56,12,0,1,2,0,0,0.0,0,21,6833,0,1,10,0,0,0,2,1
50,16,0,1,3,0,0,0.24,0,155,7343,611,0,10,0,0,1,1,0
40,14,0,1,1,0,0,0.1,0,124,5194,1139798,0,8,0,0,0,1,0
55,26,0,1,2,0,0,0.0,0,45,4104,1337106,0,8,0,0,1,1,0
59,22,0,1,2,0,0,0.0,0,16,6382,3283160,0,10,0,0,1,1,0
37,23,0,1,2,0,0,0.0,0,49,-1,399905,0,6,0,0,2,2,0
35,16,0,0,1,0,0,0.0,0,4,300,0,1,6,0,0,1,1,1
54,26,0,1,2,0,0,0.12962963,0,31,1546,4669,1,11,0,0,0,2,1
77,17,0,0,2,0,0,0.038961039,0,100,6168,3204,0,12,0,0,0,0,0
33,9,0,1,1,0,0,0.03030303,0,12,3512,0,0,11,0,0,0,1,1
44,25,0,1,3,0,0,0.0,0,138,5659,1280742,1,7,0,0,1,1,0
65,18,0,1,3,0,0,0.0,0,4,3106,4486984,1,16,0,0,1,2,1
26,18,0,1,2,0,0,0.0,0,139,3546,3318392,0,6,0,0,1,1,0
86,27,1,0,3,0,0,0.290697674,0,81,152,5008870,1,8,0,0,0,1,1
283,17,1,0,3,0,0,0.286219081,1,0,9338,21,0,50,0,0,0,1,1
36,11,0,1,2,0,0,0.0,0,18,7494,1141553,1,8,0,0,1,1,0
70,16,0,0,1,1,0,0.085714286,2,1,2095,0,1,13,0,0,0,2,1
23,14,0,0,2,0,1,0.0,0,68,1813,0,0,6,0,0,0,1,0
28,20,0,1,2,0,0,0.0,0,60,3091,0,0,6,0,0,1,0,0
38,11,0,1,2,0,0,0.026315789,0,663,3194,128555,1,8,0,0,1,2,1
93,28,1,1,3,1,0,0.23655914,0,31,1016,1211946,1,10,0,0,0,1,1
32,25,0,1,1,0,0,0.0,0,87,-1,0,0,4,0,0,1,2,0
98,16,1,0,2,0,1,0.112244898,0,124,8959,574,0,17,0,0,0,1,0
41,14,0,0,2,0,0,0.0,0,93,3570,16109,0,8,0,0,0,1,0
30,21,0,0,1,0,0,0.0,0,29,4907,1786477,0,5,0,0,0,2,0
20,7,0,1,1,0,0,0.0,0,16,-1,4055774,1,6,0,0,0,0,1
122,17,1,0,2,0,0,0.180327869,0,0,9339,21,0,19,0,0,0,1,1
23,14,0,0,2,0,0,0.043478261,0,102,2495,8018283,0,6,0,0,0,0,0
44,15,0,1,2,0,0,0.0,0,313,5887,184,0,8,0,0,1,1,0
90,26,0,1,3,0,0,0.022222222,0,38,-1,301622,1,13,0,0,1,2,1
67,54,0,0,2,1,0,0.0,0,30,-1,306001,0,7,0,0,0,1,1
57,21,0,1,2,0,0,0.070175439,0,198,6901,11507,1,10,0,0,1,2,0
47,25,0,1,2,1,0,0.0,0,8,2725,0,0,9,0,0,1,1,0
65,43,0,1,2,0,0,0.076923077,0,4,1834,0,1,7,0,0,1,1,1
25,17,0,1,2,0,0,0.08,0,10,1761,0,0,6,0,0,1,2,0
42,13,1,0,1,0,0,0.238095238,0,77,4238,18680,0,8,0,0,0,1,0
36,27,0,0,2,1,0,0.0,0,0,2837,0,1,7,0,0,0,1,1
56,26,0,1,2,0,0,0.0,0,77,6162,6596,0,8,0,0,1,0,0
43,14,0,1,3,0,0,0.139534884,0,67,7159,2320,1,9,0,0,2,2,0
28,21,0,1,2,0,1,0.035714286,0,275,7297,5850976,0,5,1,0,1,1,0
70,15,0,1,2,1,0,0.0,4,10,3047,0,1,13,0,0,0,1,1
69,26,0,1,1,1,0,0.0,3,118,2542,2034769,1,10,0,0,0,2,1
30,21,0,0,2,0,0,0.0,0,654,-1,1727087,0,6,0,0,0,1,0
85,61,1,1,3,1,0,0.258823529,0,31,1015,1196152,1,9,0,0,0,1,1
44,16,0,0,2,0,0,0.0,0,336,7133,12,0,7,1,0,0,0,0
43,14,0,1,3,0,0,0.139534884,0,266,7157,2294,1,9,0,0,2,2,0
31,22,0,0,2,0,1,0.064516129,0,14,7295,0,1,6,1,0,0,1,1
127,50,1,0,3,1,0,0.133858268,0,51,3993,5707171,1,18,0,1,1,2,1
42,13,1,1,3,0,0,0.261904762,0,20,-1,0,1,9,0,1,0,2,1
64,18,0,1,2,1,0,0.0,3,0,131,0,1,11,0,0,0,2,1
41,21,0,0,2,0,1,0.0,0,63,3996,16360,0,7,0,0,0,0,0
91,16,0,1,2,0,0,0.065934066,0,120,8163,708731,1,16,0,1,2,1,0
49,16,0,1,2,0,0,0.0,0,20,6060,754593,1,7,0,0,5,1,0
37,13,0,0,1,0,0,0.027027027,0,10,146,4024186,0,7,0,0,0,2,1
82,17,0,0,2,0,0,0.085365854,0,56,5062,578,0,17,0,0,0,2,0
34,27,0,1,2,0,0,0.0,0,30,5160,0,0,5,1,0,1,2,0
35,27,0,1,1,0,0,0.0,0,0,388,0,1,5,0,0,0,2,1
38,18,0,0,2,0,0,0.0,0,31,-1,0,1,7,0,0,0,2,1
32,21,0,1,1,0,0,0.0,0,40,7505,1754,0,5,0,0,1,2,0
27,18,0,0,2,0,0,0.0,0,68,4333,0,0,6,0,0,0,2,0
44,36,0,1,2,0,1,0.0,0,11,7296,0,1,9,1,0,1,2,1
27,20,0,1,2,0,0,0.0,0,15,90,0,1,5,0,0,0,0,1
21,13,0,1,2,0,0,0.0,0,18,978,0,0,6,0,0,1,0,0
27,19,0,1,2,1,0,0.0,0,15,-1,0,0,7,0,0,0,1,0
34,17,0,1,2,1,0,0.0,0,154,8928,46468,0,8,0,0,1,0,0
64,23,1,0,2,0,0,0.140625,1,28,-1,0,1,10,0,0,0,2,1
38,30,0,1,2,0,0,0.131578947,0,31,1546,4669,1,6,0,0,0,2,1
77,18,0,0,3,0,0,0.051948052,1,0,7748,40610,1,11,0,0,0,3,0
48,22,0,1,2,0,0,0.0625,0,189,7881,436856,0,8,0,0,0,2,0
39,14,0,1,3,0,0,0.0,0,1,3448,0,1,8,0,0,0,2,1
19,11,0,1,1,0,0,0.0,0,27,4,0,1,5,0,0,2,2,1
22,13,0,0,2,0,0,0.0,0,34,5525,649230,0,6,0,0,0,0,0
22,14,0,1,2,0,0,0.0,0,57,9074,1953598,0,6,0,0,1,0,0
126,50,1,1,3,1,0,0.182539683,0,51,3993,0,1,18,0,1,1,2,1
64,16,0,1,3,0,0,0.0,0,91,6135,28418,0,13,0,1,1,2,0
29,21,0,1,2,1,0,0.0,0,5,60,0,0,7,0,0,0,1,0
59,14,0,1,3,0,0,0.06779661,0,55,11049,549,0,11,0,0,1,1,0
128,50,1,0,3,1,0,0.1640625,0,51,3993,5707171,1,19,0,1,0,2,1
37,15,0,1,3,0,0,0.135135135,0,20,7378,192745,1,8,0,0,2,1,1
94,21,0,1,3,1,0,0.0,4,1,5993,0,1,15,0,0,0,2,1
39,17,0,1,3,0,0,0.025641026,0,11,7378,746847,1,10,0,0,0,1,1
29,15,0,0,1,0,0,0.0,1,59,60,0,1,5,0,0,1,1,1
25,16,0,0,2,0,0,0.0,0,252,8494,6469,0,6,0,0,0,1,0
86,36,0,1,3,1,0,0.023255814,1,103,6990,2001589,1,13,0,0,1,2,1
86,16,0,1,2,1,0,0.081395349,2,13,518,4431878,1,12,0,0,1,2,1
123,46,1,0,3,0,0,0.18699187,0,51,3992,5697976,1,18,0,1,1,2,1
118,28,1,0,2,1,1,0.13559322,0,7,8018,0,1,19,0,0,1,1,1
53,23,0,0,2,1,0,0.0,0,248,7834,600,0,8,0,0,0,0,0
36,28,0,1,2,0,0,0.0,1,16,6349,0,0,6,0,0,0,2,1
31,22,0,0,2,1,0,0.0,0,78,4392,0,0,7,0,0,0,2,0
38,12,0,1,2,0,0,0.0,0,17,2411,0,0,7,0,0,0,1,0
61,14,0,0,3,0,0,0.06557377,0,0,7189,80480,0,11,0,0,0,3,0
23,14,0,0,2,0,0,0.0,0,85,6241,0,0,6,0,0,0,1,0
24,15,0,0,2,0,0,0.0,0,58,3509,8127484,0,6,0,0,0,1,0
30,23,0,1,2,0,1,0.1,0,14,7295,0,1,5,1,0,1,1,1
42,14,0,1,3,0,0,0.119047619,0,301,7156,2250,1,9,0,0,2,2,0
66,19,0,1,3,1,0,0.090909091,0,0,-1,60011,0,13,0,0,0,3,0
23,14,0,0,2,0,0,0.0,0,532,8332,0,0,6,0,0,0,1,0
38,19,0,1,2,1,0,0.0,0,512,6073,14411,0,8,0,0,1,2,0
39,13,0,0,1,1,0,0.0,1,76,6329,642,1,8,1,0,0,0,0
26,15,0,1,2,0,0,0.038461538,0,1,2995,395612,1,7,0,0,0,2,1
49,18,0,1,2,0,0,0.0,0,95,9201,684,0,8,0,0,1,0,0
41,18,0,1,3,0,0,0.0,0,105,3962,50893,0,7,0,0,1,1,0
124,16,0,1,3,0,0,0.0080645159999999,3,0,2108,0,1,24,0,0,0,2,1
56,47,1,0,2,0,1,0.375,0,10,7296,0,1,6,1,0,0,2,1
36,14,0,1,2,0,0,0.083333333,0,32,-1,0,1,8,0,0,0,2,1
37,28,0,0,3,0,0,0.0,0,53,5515,423457,0,7,0,0,1,2,0
51,19,0,1,2,0,0,0.019607843,0,23,4138,0,1,9,0,0,0,2,1
30,22,0,1,2,0,0,0.0,0,9,1358,1471895,0,6,0,0,0,2,0
129,14,1,1,2,1,0,0.441860465,1,4,276,0,1,12,0,0,0,2,1
76,29,0,1,2,0,1,0.0,0,99,7616,2190,0,10,0,0,1,1,0
33,24,0,0,2,0,0,0.060606061,0,187,7447,0,0,6,1,0,0,2,0
58,24,0,1,3,0,0,0.0172413789999999,1,0,359,0,1,12,0,0,0,2,1
185,17,1,1,2,1,0,0.254054054,1,28,1944,0,1,21,0,0,0,2,1
18,11,0,1,2,0,0,0.0,0,12,7253,943419,1,5,0,0,0,1,1
24,16,0,1,2,0,0,0.0,0,144,4011,3283858,0,6,0,0,1,1,0
27,19,0,1,2,0,0,0.0,0,165,6209,0,0,6,0,0,0,2,0
257,11,0,0,3,0,0,0.13618677,1,9,755,0,1,13,0,1,0,1,1
57,16,0,0,3,0,0,0.0,3,8,1971,0,0,10,0,0,0,0,1
36,27,0,0,2,0,0,0.0,0,812,3620,423466,0,8,0,0,0,2,0
40,25,0,1,2,0,0,0.0,0,322,6260,683,0,6,0,0,1,2,0
76,13,0,1,2,0,0,0.105263158,0,13,-1,0,0,15,0,0,0,1,0
94,22,0,0,3,0,0,0.0,0,1,6448,2838593,1,15,0,0,0,2,1
21,13,0,1,2,0,0,0.0,0,128,4148,0,0,6,0,0,0,0,0
75,15,0,1,3,0,0,0.026666667,0,0,12714,5025,0,13,0,0,1,3,0
41,15,0,1,3,0,0,0.024390244,0,0,128,0,1,9,0,0,0,2,1
84,14,0,0,3,0,0,0.023809524,0,129,7476,629,0,14,0,0,1,1,0
77,7,0,1,1,0,0,0.116883117,0,130,6304,8338,0,16,0,0,1,0,0
43,16,0,0,2,0,0,0.0,0,961,7130,12,0,8,1,0,0,1,0
28,20,0,1,2,0,0,0.0,0,0,436,0,0,6,0,0,0,2,0
96,22,0,0,1,1,0,0.0,3,5,835,0,1,13,0,0,1,1,1
62,20,0,1,3,0,0,0.0161290319999999,0,106,7668,301,0,11,0,0,1,1,0
26,14,0,0,2,0,0,0.0,0,275,7115,1329043,1,7,0,1,1,1,0
95,17,0,1,3,0,0,0.0,0,11,3454,389882,1,15,0,0,0,1,0
102,17,0,0,2,0,0,0.058823529,0,54,5063,582,0,22,0,0,0,2,0
43,18,0,1,2,0,0,0.0,0,118,9200,685,0,7,0,0,1,0,0
36,27,1,0,2,0,1,0.305555556,0,5,7296,0,1,6,1,0,0,2,1
32,8,0,1,1,0,0,0.125,0,0,3077,0,1,9,0,0,0,2,1
132,16,1,0,3,0,0,0.037878788,0,9,7764,32,0,12,0,0,0,1,1
35,27,0,1,2,0,0,0.0,0,137,7441,612034,0,6,0,0,2,2,0
37,18,0,1,2,0,0,0.0,0,104,2021,4511081,1,6,0,0,2,2,1
42,28,0,1,2,0,0,0.0,0,6,4507,571736,1,7,0,0,0,1,1
124,18,0,0,3,0,0,0.0,0,96,9501,2052,1,19,0,0,1,0,0
24,15,0,0,2,0,0,0.0,0,76,3927,1623912,0,6,0,0,0,2,0
124,46,1,0,3,0,0,0.120967742,0,51,3993,5707171,1,19,0,1,0,2,1
63,34,0,1,2,0,0,0.0,0,9,-1,0,1,8,0,0,0,2,1
36,18,0,1,2,0,0,0.0,0,148,9203,687,0,7,0,0,1,0,0
52,14,0,1,2,0,0,0.0,0,32,6897,293139,0,9,0,0,0,1,0
74,17,0,1,3,0,0,0.0,0,170,8148,12761,0,12,0,0,1,0,0
135,21,1,1,2,1,1,0.207407407,2,23,4284,0,1,14,0,0,2,2,1
43,16,0,0,2,0,0,0.0,0,586,7133,12,1,7,1,0,0,1,0
47,33,0,1,3,1,1,0.063829787,0,21,5626,0,1,10,0,0,0,2,1
114,10,0,0,1,0,0,0.061403509,0,22,-1,2988,1,12,0,0,0,1,1
172,39,0,0,2,1,1,0.104651163,0,7,8018,0,1,26,0,1,1,1,1
74,14,0,1,3,1,0,0.0,0,0,9219,114616,0,12,0,0,2,3,0
106,8,0,1,2,0,0,0.0,0,4,5622,0,1,20,0,0,0,1,1
69,14,1,1,2,0,0,0.217391304,0,0,4377,0,1,10,0,0,1,2,1
28,20,0,1,2,0,0,0.0,0,63,6671,397947,0,6,0,0,1,2,0
57,22,0,1,3,0,0,0.0,0,0,9239,4803955,0,10,0,0,1,3,0
54,18,0,0,2,0,0,0.0,0,1,59,0,1,9,0,0,0,1,1
76,50,1,1,3,1,0,0.144736842,0,4,4003,5816617,1,10,0,1,1,1,1
124,46,1,0,3,0,0,0.193548387,0,51,3993,5707171,1,19,0,1,0,2,1
37,29,0,1,3,1,1,0.027027027,0,103,7189,481145,1,8,0,0,1,2,1
51,16,0,0,2,0,0,0.0,0,712,7134,12,0,10,1,0,0,1,0
25,17,0,1,2,0,0,0.0,0,10,6416,237480,0,6,0,0,1,0,0
27,19,0,1,2,0,0,0.0,0,131,7556,614699,0,6,0,0,2,1,0
62,14,1,1,3,0,0,0.258064516,0,0,-1,0,1,13,0,1,0,2,1
84,22,0,1,3,1,0,0.0,3,44,6559,0,1,15,0,0,3,0,1
50,15,0,1,1,0,0,0.0,0,21,226,5807838,1,8,0,0,1,2,1
26,15,1,1,3,0,0,0.461538462,0,32,-1,0,1,8,0,1,0,2,1
324,33,1,0,3,1,1,0.271604938,0,19,8018,0,1,37,0,1,0,1,1
28,7,0,0,1,0,0,0.0,0,65,334,0,1,6,0,0,1,2,1
38,16,0,1,3,0,0,0.105263158,0,6,-1,0,1,9,0,0,0,1,1
28,20,0,1,2,0,0,0.071428571,0,34,-1,0,1,6,0,0,0,1,1
31,23,0,1,2,0,0,0.0,0,25,3727,10481070,0,6,0,0,0,1,0
128,14,1,1,2,1,0,0.4375,1,4,276,0,1,12,0,0,0,2,1
111,11,1,1,3,0,0,0.063063063,0,197,9297,8115,1,20,0,0,2,1,0
147,13,0,0,3,1,0,0.040816327,0,22,1620,2363,1,27,0,0,0,1,1
48,25,0,1,3,0,0,0.041666667,0,40,1628,3025118,1,13,0,0,1,2,1
24,16,0,1,2,0,0,0.0,0,43,-1,1108129,0,6,0,0,1,1,0
41,16,0,0,2,0,0,0.0,0,1078,7131,12,0,7,1,0,0,1,0
43,8,0,1,2,1,0,0.023255814,3,11,2492,0,1,9,0,0,1,1,1
102,15,1,1,1,1,0,0.205882353,3,88,2046,0,1,12,0,0,1,1,1
20,12,0,1,2,0,0,0.0,0,29,-1,0,0,6,0,0,0,1,0
39,24,0,1,2,0,0,0.0,0,21,90,0,1,7,0,0,1,1,1
49,31,1,1,3,0,1,0.204081633,2,21,5615,0,1,9,0,0,0,2,1
35,18,0,0,1,0,0,0.0,0,1,2970,8325539,1,7,0,0,0,2,1
69,16,0,1,3,0,1,0.086956522,0,186,8587,2544,0,12,0,1,1,0,0
24,15,0,0,3,0,0,0.0,0,291,-1,224845,0,7,0,0,0,0,0
42,22,0,1,3,0,0,0.0,0,0,532,0,1,8,0,0,0,2,1
55,18,0,1,1,1,0,0.018181818,0,18,2183,3190599,0,10,0,0,0,1,0
30,11,0,0,1,0,0,0.0,0,25,7491,63,0,5,1,0,0,2,0
46,21,0,1,2,0,0,0.043478261,0,191,6903,11602,1,8,0,0,1,2,0
43,16,0,1,1,1,0,0.0,2,0,-1,2357981,1,9,0,0,0,2,1
22,15,0,1,2,0,0,0.0,0,65,-1,2988364,0,5,0,0,1,1,0
46,15,0,0,1,0,0,0.0,0,298,7657,433,0,7,0,1,0,1,0
39,9,0,0,1,0,1,0.0,0,35,7430,5517,1,8,0,0,1,1,0
39,16,0,0,2,0,0,0.0,0,292,6221,6192,0,7,0,0,0,1,0
41,24,0,1,2,0,0,0.0,0,4,6009,0,1,6,0,0,1,1,1
49,13,0,1,2,0,0,0.204081633,0,0,1059,0,1,9,0,0,0,2,1
25,17,0,1,2,0,0,0.0,0,105,-1,1993331,0,6,0,0,0,0,0
110,35,0,1,2,0,0,0.0,0,65,-1,904517,0,16,0,0,0,2,0
34,25,0,0,3,0,0,0.0,0,1,-1,863712,0,7,0,0,0,2,0
88,22,0,1,2,1,0,0.045454545,1,6,1086,0,1,16,0,0,1,2,1
23,15,0,1,1,0,0,0.0,0,16,1697,7294945,0,5,0,0,1,2,0
46,14,0,1,2,0,0,0.043478261,0,68,4917,19627,0,9,0,0,1,1,0
39,25,0,1,2,0,0,0.0,0,112,7724,246,0,6,0,0,1,1,0
124,50,1,1,3,1,0,0.153225806,0,4,4003,5828815,1,18,0,1,1,1,1
41,18,0,1,3,0,0,0.0,0,1,9058,4321397,0,8,0,0,0,0,0
71,22,0,0,3,0,0,0.056338028,0,0,12874,2232,0,11,0,0,0,3,0
27,18,0,0,2,0,0,0.0,0,14,-1,6996253,0,6,0,0,0,2,0
71,35,0,1,2,0,0,0.14084507,0,0,507,0,1,9,0,0,0,2,1
56,30,0,1,3,0,0,0.0,1,0,5682,0,1,11,0,0,0,2,1
128,50,1,0,3,1,0,0.140625,0,51,3993,5707171,1,19,0,1,0,2,1
74,19,0,1,2,0,0,0.0,1,21,3764,0,1,13,0,1,1,1,1
45,37,0,1,3,0,0,0.0,0,7,1015,40937,1,8,0,1,0,1,1
75,13,0,0,2,0,0,0.0,0,17,7423,293,1,14,0,0,1,0,0
76,18,0,1,3,1,0,0.0,3,51,3436,299847,1,12,0,0,1,1,1
42,18,0,0,3,0,0,0.0,0,66,-1,1999746,0,8,0,0,0,0,0
23,14,0,0,2,0,0,0.0,0,107,9076,144824,0,6,0,0,0,0,0
188,22,1,1,2,0,0,0.218085106,3,64,3734,4969132,1,16,0,0,0,2,1
29,20,0,0,2,0,0,0.0,0,164,1815,109622,0,6,0,0,0,2,0
88,28,0,1,3,1,0,0.0,0,432,1532,0,1,15,0,1,2,2,1
57,21,0,0,2,0,0,0.0,0,194,6342,294,0,9,0,0,0,1,0
33,25,0,1,2,0,0,0.0,0,2,3526,0,0,6,0,0,1,1,1
62,19,0,1,2,1,0,0.0,3,4,2818,0,1,10,0,0,0,1,1
27,11,0,0,2,0,0,0.0,0,53,9394,6896,0,7,0,0,0,0,0
56,26,0,1,3,1,1,0.035714286,2,21,5615,0,1,11,0,0,0,2,1
40,20,0,0,3,0,0,0.025,0,8,1338,22211,0,7,0,0,0,0,1
35,26,0,0,2,1,0,0.0,0,0,2837,0,1,7,0,0,0,1,1
73,24,0,0,3,1,0,0.0,0,38,7590,635,1,15,0,0,1,0,0
28,21,0,1,2,0,0,0.071428571,0,64,6465,10307170,0,6,0,0,1,2,0
39,15,0,1,2,0,0,0.051282051,1,41,-1,0,1,7,0,0,0,1,1
26,17,0,0,2,0,0,0.0,0,171,1380,459976,0,6,0,0,0,1,0
44,17,0,0,3,0,0,0.0,0,245,9336,199475,0,9,0,0,0,0,0
99,11,1,1,1,0,1,0.121212121,0,92,217,0,1,7,0,0,0,1,1
47,14,0,1,2,0,0,0.0,0,90,4180,0,1,10,0,0,1,0,1
50,19,0,1,3,0,0,0.0,0,94,5309,37739,0,7,0,0,1,1,0
118,42,1,1,3,0,0,0.110169492,0,4,4003,5816617,1,17,0,1,1,1,1
39,32,0,1,2,0,1,0.025641026,0,14,7295,0,1,5,1,0,1,1,1
45,10,0,1,1,0,0,0.0,1,28,-1,3864418,1,9,0,0,1,2,1
30,22,0,1,2,0,0,0.0,0,135,4799,1616591,0,6,0,0,0,1,0
81,20,0,0,2,1,0,0.098765432,0,46,4866,1432099,1,17,0,0,1,2,0
24,15,0,0,2,0,0,0.0,0,138,4593,1248266,0,6,0,0,0,0,0
84,23,1,1,3,0,0,0.119047619,1,44,8973,67603,1,14,0,0,2,2,0
126,50,1,0,3,1,0,0.206349206,0,51,3993,5707171,1,19,0,1,0,2,1
30,21,0,0,2,1,0,0.0,0,85,-1,0,0,7,0,0,1,2,0
128,50,1,0,3,1,0,0.1171875,0,4,4003,5816617,1,19,0,1,1,1,1
82,23,0,1,3,0,0,0.06097561,0,62,11048,546,0,13,0,0,1,1,0
67,11,0,0,3,0,0,0.0,1,12,8584,0,1,14,0,0,0,2,1
32,23,0,0,2,0,0,0.0,0,245,8969,211482,0,6,0,0,0,1,0
35,20,0,1,2,0,0,0.0,0,552,5380,7696,1,7,0,0,1,2,0
69,14,0,1,1,1,0,0.0,0,34,3259,0,1,10,0,0,1,1,1
57,18,0,0,3,0,0,0.0,3,40,3023,0,1,10,0,0,0,1,1
105,15,1,1,2,0,0,0.266666667,0,1,5963,0,1,9,0,0,2,2,1
127,25,0,0,2,1,1,0.007874016,1,26,8019,0,1,20,0,1,1,1,1
77,23,1,1,1,0,0,0.272727273,0,30,5767,0,1,7,0,0,1,1,1
22,14,0,0,1,0,0,0.0,0,117,2799,1263403,0,4,0,0,0,1,0
27,20,0,1,2,0,0,0.0,0,12,5160,0,0,5,1,0,1,1,0
82,12,1,1,3,1,0,0.109756098,1,6,-1,0,1,16,0,1,0,1,1
27,18,0,0,2,0,0,0.0,0,20,1632,0,0,6,0,0,0,2,0
67,27,0,1,2,0,0,0.059701493,0,37,3993,0,1,10,0,0,1,2,0
25,18,0,1,2,0,1,0.0,0,116,8236,263590,0,5,0,0,2,2,0
22,14,0,1,2,0,0,0.0,0,54,-1,0,0,6,0,0,1,0,0
49,16,0,0,2,0,0,0.0,0,259,6807,0,0,8,0,0,2,2,0
64,28,0,1,3,0,0,0.078125,0,0,4025,91922,1,14,0,0,0,3,0
30,22,0,1,2,0,1,0.0,0,266,7298,0,0,6,1,0,0,2,0
43,16,0,1,3,0,0,0.0,0,113,1675,70853,0,9,0,0,1,1,1
37,28,0,0,2,0,1,0.108108108,0,15,7295,0,1,6,1,0,0,1,1
68,35,0,1,3,0,1,0.029411765,0,21,5627,9424969,1,10,0,1,0,2,1
32,23,0,0,2,0,0,0.0,0,7,-1,0,1,6,0,1,0,1,1
21,12,0,0,2,0,0,0.0,0,96,-1,165559,0,6,0,0,0,0,0
68,19,0,1,2,0,0,0.0,0,38,2527,3090921,0,12,0,0,0,2,0
24,16,0,1,2,0,0,0.083333333,0,4,-1,80476,0,6,0,1,0,1,1
50,16,0,1,3,0,0,0.02,0,185,3139,0,1,8,0,1,0,2,1
67,24,0,1,3,0,0,0.0,0,0,284,0,1,10,0,0,0,2,1
24,15,0,0,2,1,0,0.041666667,0,43,2181,1260885,0,7,0,0,0,1,0
63,18,0,1,2,0,0,0.0,0,6,4212,0,1,9,0,0,0,1,1
24,15,0,0,2,0,0,0.0,0,119,-1,192053,0,6,0,0,0,1,0
45,19,0,1,2,0,0,0.0,0,209,6673,6923,0,7,0,0,1,2,0
43,22,0,1,2,0,0,0.0,0,0,-1,0,1,8,0,0,0,2,1
39,26,0,1,3,0,1,0.0,1,21,5626,0,1,8,0,0,0,2,1
50,15,0,1,3,0,0,0.12,0,207,10316,3494,0,9,0,0,1,0,0
92,25,1,1,3,0,0,0.25,1,0,1534,0,1,13,0,0,0,2,1
24,15,0,0,1,1,0,0.0,0,4,1,0,1,6,0,0,1,1,1
48,18,0,1,2,0,0,0.083333333,0,50,1762,0,0,12,0,0,1,0,1
70,19,0,0,3,0,0,0.071428571,1,33,82,9795924,1,14,0,0,0,2,1
168,20,0,1,2,1,0,0.029761905,2,1,1838,0,1,25,0,0,1,2,1
34,21,0,1,2,0,0,0.0,0,0,515,1923676,1,6,0,0,2,2,1
60,52,0,0,3,0,0,0.0,0,16,-1,0,1,8,0,0,0,1,1
28,15,0,0,1,0,0,0.107142857,0,7,1152,66834,1,6,0,0,0,0,0
43,14,0,0,3,0,0,0.0,1,244,6863,2044997,0,8,0,0,0,0,0
51,16,0,1,3,0,0,0.196078431,0,17,7473,0,1,10,0,0,2,1,1
131,15,1,1,1,0,0,0.183206107,1,1,2114,0,1,11,0,0,0,2,1
48,14,0,0,2,0,0,0.0625,0,0,1953,4365,1,7,0,0,0,2,1
51,24,0,0,2,0,0,0.0,0,60,7127,4279,0,8,0,0,0,1,0
32,16,0,1,3,0,0,0.0,0,0,-1,7138757,1,7,0,0,0,2,1
67,7,0,1,1,0,0,0.119402985,0,134,6304,8338,0,13,0,0,1,0,0
30,22,0,1,2,0,0,0.0,0,171,5810,0,0,6,0,0,1,2,0
74,19,0,1,3,1,0,0.0,4,10,3046,0,1,14,0,0,0,1,1
73,17,0,0,2,1,0,0.0,0,120,8899,145007,0,10,0,0,0,1,0
63,21,0,0,2,1,0,0.0,0,159,8217,213,0,13,0,0,0,2,0
52,18,0,1,2,0,0,0.038461538,1,1,973,8238037,1,10,0,0,1,1,1
179,41,1,1,3,1,0,0.05027933,2,25,2189,15873,1,26,0,0,0,1,1
53,23,0,1,3,0,0,0.0,0,121,6385,37834,0,10,0,0,1,2,0
91,24,0,1,3,0,0,0.10989011,0,0,5553,10767986,1,19,0,1,1,3,0
40,23,0,0,2,0,0,0.0,0,42,6444,448374,0,6,0,0,1,2,0
43,16,0,0,2,0,0,0.0,0,629,7132,12,0,9,1,0,0,0,0
48,21,0,1,3,1,0,0.041666667,0,34,16,8051915,1,10,0,0,0,2,1
19,12,0,1,1,0,0,0.0,0,62,-1,749072,0,4,0,0,2,1,0
61,18,0,1,3,0,0,0.0,0,24,7402,2085,0,10,0,0,1,1,0
131,16,1,0,3,0,0,0.435114504,0,22,243,10496635,1,13,0,0,0,2,1
201,18,0,1,2,0,0,0.119402985,0,7,2613,0,1,8,0,0,1,2,1
23,15,0,1,2,0,0,0.0,0,24,3931,169549,0,6,0,0,2,2,0
35,11,0,1,1,0,0,0.0,0,10,-1,10090,0,6,0,0,1,1,0
39,19,0,1,3,0,0,0.0,0,3,6982,0,0,7,0,0,0,1,1
47,39,0,1,3,0,1,0.085106383,0,22,5616,0,1,10,0,0,0,2,1
93,21,0,1,3,1,0,0.010752688,2,10,-1,0,1,18,0,0,2,1,1
30,21,0,0,2,0,0,0.0,0,57,4897,1626642,0,6,0,0,0,2,0
69,18,0,0,2,0,0,0.0,0,194,5222,136,0,11,0,0,0,2,0
49,40,0,0,3,0,1,0.06122449,0,22,5614,0,1,10,0,0,0,2,1
26,14,0,1,2,0,0,0.0,0,30,4483,125300,0,7,0,0,0,0,0
49,22,0,1,2,1,1,0.0,0,189,6509,808813,0,8,0,1,1,0,0
36,28,0,1,3,1,0,0.0,0,28,7056,2078843,1,8,0,0,0,2,1
58,40,0,1,3,0,1,0.0862068969999999,1,22,5626,0,1,10,0,0,0,2,1
49,20,0,0,3,0,1,0.12244898,0,35,7297,0,1,9,1,0,0,2,1
103,13,1,0,2,1,0,0.116504854,0,63,8454,64256,1,17,0,0,0,0,0
26,17,0,0,2,0,0,0.0,0,65,-1,3880927,0,6,0,0,0,0,0
186,20,1,1,2,0,0,0.311827957,0,163,3556,0,1,31,0,0,2,2,1
131,58,1,1,3,0,0,0.13740458,2,18,4478,188429,1,19,1,1,0,1,1
26,15,0,1,1,0,0,0.0,0,0,127,0,1,6,0,0,0,2,1
69,16,0,1,3,0,0,0.0144927539999999,1,0,645,0,1,17,0,0,1,1,1
102,13,0,1,2,1,0,0.049019608,3,0,3632,0,1,15,0,0,0,2,1
74,28,1,1,2,0,0,0.364864865,0,39,3918,0,1,8,0,0,0,2,1
62,19,0,1,3,0,0,0.0,1,50,5170,2080048,1,12,1,0,1,2,1
60,13,0,1,2,0,0,0.083333333,0,290,9227,767,1,10,0,0,2,1,0
41,16,0,0,2,0,0,0.0,0,309,6212,3111,0,8,0,0,0,0,0
29,20,0,0,2,0,0,0.0,0,47,4578,0,0,6,0,0,2,2,0
35,15,0,1,2,0,0,0.0,0,34,6969,2519986,0,7,0,0,1,1,0
32,23,0,0,3,0,0,0.0,0,36,7440,0,0,7,0,0,0,2,0
37,18,0,1,2,0,0,0.0,0,139,6263,6627,0,7,0,0,1,0,0
66,16,0,1,2,1,0,0.0,0,82,7412,13241,0,9,0,0,2,1,0
20,12,0,1,2,0,0,0.0,0,26,7188,2888357,1,6,0,0,0,2,1
112,17,0,1,3,1,1,0.0,6,58,4493,0,1,18,0,0,0,2,1
34,25,0,0,2,0,0,0.0,0,61,7447,0,0,6,1,0,2,1,0
38,25,0,1,2,0,0,0.0,0,355,6260,683,0,6,0,0,1,2,0
34,26,0,1,2,0,0,0.0,0,76,8375,1430338,0,6,0,0,1,2,0
58,17,0,0,2,0,1,0.0,0,47,3893,171,0,10,1,0,1,2,0
27,19,0,1,2,0,0,0.0,0,158,5586,50384,0,6,0,0,1,0,0
34,25,0,0,2,0,1,0.147058824,0,14,7295,0,1,6,1,0,0,1,1
34,16,0,1,3,0,0,0.0,0,0,1830,0,1,7,0,0,0,1,1
27,18,0,0,2,0,0,0.0,0,24,3222,0,0,6,0,0,0,2,0
36,24,0,0,3,0,0,0.0,0,32,-1,0,1,9,0,0,0,2,1
60,44,0,1,3,0,0,0.0,0,8,4407,0,1,10,1,0,0,1,1
43,18,0,1,2,0,0,0.0,0,162,8698,25707,0,9,0,0,0,1,0
21,13,0,1,2,0,0,0.0,0,65,7767,7218488,0,6,0,0,1,1,0
67,14,0,0,3,0,0,0.059701493,0,7,2612,261070,1,13,0,0,0,1,1
89,23,0,0,3,0,0,0.011235955,1,114,8326,993169,0,14,0,0,0,2,0
49,20,0,1,3,0,0,0.040816327,0,0,5073,287661,1,9,0,0,0,3,0
61,30,0,1,3,0,1,0.131147541,0,74,7298,0,1,10,1,0,0,2,1
19,9,0,1,1,0,0,0.0,0,0,1638,0,1,6,0,0,1,2,1
46,16,0,0,2,0,0,0.02173913,2,19,8347,1,1,8,1,0,0,1,1
65,24,0,1,2,0,0,0.0,0,213,-1,18370,0,10,0,0,1,0,0
41,16,0,0,2,0,0,0.0,0,801,7129,12,0,8,1,0,0,1,0
57,23,0,0,2,0,0,0.0,1,487,6717,252556,0,9,0,0,0,2,0
55,22,0,0,1,0,0,0.0,0,587,536,0,1,8,0,0,2,2,1
82,17,0,1,3,0,0,0.048780488,0,46,148,0,1,12,0,1,1,2,1
31,19,0,1,2,0,0,0.0,0,130,8813,97606,0,6,0,0,1,0,0
19,11,0,1,2,0,0,0.1578947369999999,0,45,1154,0,1,6,0,0,0,2,1
97,19,0,1,3,1,0,0.206185567,2,41,5729,3192494,0,18,0,0,2,2,0
53,45,0,1,2,0,0,0.0,0,110,4536,0,0,10,0,0,0,2,0
34,25,0,0,3,1,1,0.0,0,295,5837,2112335,0,8,0,0,0,2,0
33,24,0,0,2,0,0,0.0,0,43,3369,2865212,0,6,0,0,0,2,0
22,6,0,0,1,0,1,0.045454545,0,32,-1,3514,1,5,0,0,2,1,1
128,50,1,0,3,1,0,0.1484375,0,51,3993,5707171,1,19,0,1,0,2,1
65,9,0,1,2,1,0,0.1692307689999999,2,0,3684,246183,1,13,0,0,0,3,1
38,19,0,1,1,0,0,0.1578947369999999,0,24,1757,0,1,6,0,0,0,1,0
40,18,0,0,1,0,1,0.0,0,16,4070,5422,0,7,0,0,0,1,0
21,13,0,1,2,0,0,0.0,0,1018,-1,1165,0,6,0,0,1,1,0
54,18,0,1,2,0,0,0.0,0,163,6995,50763,0,9,0,0,0,1,0
31,22,0,0,2,0,0,0.0,0,265,-1,45954,0,6,0,0,0,2,0
55,20,0,1,2,1,0,0.0,1,38,6041,0,1,10,0,0,0,2,1
84,23,1,0,2,0,1,0.083333333,0,11,8019,0,1,10,0,0,1,2,1
132,50,1,1,3,1,0,0.090909091,0,51,3992,5697976,1,20,0,1,1,2,1
30,22,0,1,3,0,0,0.066666667,0,0,1,0,1,7,0,0,0,2,1
17,10,0,1,1,0,0,0.0,0,19,-1,955197,0,4,0,0,1,0,0
68,23,1,1,3,0,0,0.132352941,1,42,1528,0,1,9,0,0,0,2,1
243,60,1,1,3,0,0,0.349794239,2,3,1658,0,1,23,0,0,1,1,1
31,22,0,0,2,1,0,0.0,0,165,-1,1196261,0,7,0,0,0,2,0
39,30,0,0,2,1,0,0.153846154,0,0,189,0,1,7,0,0,0,2,1
26,19,0,1,2,0,0,0.0,0,30,5158,0,0,5,1,0,1,1,0
62,27,0,1,1,1,0,0.0,2,1,-1,0,1,8,0,0,2,2,1
44,37,0,1,2,0,1,0.0,0,97,7299,5258306,0,5,1,0,0,1,0
42,17,0,1,3,0,0,0.095238095,0,42,6773,182609,0,9,0,0,0,2,0
55,24,0,1,3,0,0,0.0,0,11,-1,298112,1,10,0,0,0,0,0
68,42,1,1,3,0,0,0.161764706,0,51,3992,5697976,1,9,0,1,1,2,1
40,16,0,0,2,0,0,0.0,2,27,8348,1,0,8,1,0,0,2,1
128,50,1,0,3,1,0,0.1484375,0,51,3993,5707171,1,19,0,1,0,2,1
53,20,0,1,3,0,0,0.056603774,0,41,3962,6530861,0,9,0,0,0,1,0
228,12,1,1,2,1,0,0.3859649120000001,5,33,36,0,1,20,0,0,0,1,1
37,29,0,1,2,0,0,0.108108108,0,30,1546,4669,1,6,0,0,0,0,1
259,13,0,1,3,0,0,0.181467181,2,9,31,0,1,13,0,1,0,1,1
37,28,0,0,3,0,0,0.0,0,1,2202,533532,1,8,0,0,0,1,1
38,29,0,0,2,0,0,0.0,0,1,2301,22884,1,6,0,0,0,1,1
43,15,0,0,2,0,0,0.046511628,0,52,5638,2,0,9,1,0,0,1,0
77,23,1,1,1,0,0,0.350649351,0,30,5767,0,1,7,0,0,1,1,1
39,31,0,1,2,1,0,0.0,1,7,-1,77586,1,7,0,0,0,1,1
81,19,1,1,2,0,0,0.283950617,0,0,535,7375648,1,10,0,0,0,2,1
72,12,0,1,2,0,0,0.111111111,1,34,2033,0,0,14,0,0,1,1,0
46,22,0,1,2,0,0,0.0,0,77,346,0,1,8,0,0,1,1,1
29,22,0,1,2,0,1,0.068965517,0,14,7295,0,1,5,1,0,1,1,1
57,26,0,1,3,0,0,0.0,0,130,3203,0,1,9,0,1,3,2,0
34,25,0,0,2,0,0,0.0,0,57,7140,0,0,6,0,0,0,2,0
279,16,1,0,3,0,0,0.23297491,0,11,7764,32,0,28,0,0,0,1,1
22,15,0,1,2,0,0,0.181818182,0,23,5778,577529,0,5,0,0,1,2,0
26,17,0,0,2,0,0,0.0,0,19,4441,81842,0,6,0,0,0,0,0
38,15,0,1,3,1,0,0.078947368,0,180,6509,2381,1,10,0,0,2,0,0
94,28,1,1,3,1,0,0.244680851,0,31,1016,1211946,1,11,0,0,0,1,1
49,21,0,0,3,1,0,0.0,0,6,-1,0,1,11,0,0,0,1,1
21,12,0,0,2,0,0,0.0,0,45,6452,1067701,0,6,0,0,0,2,0
61,10,0,0,3,1,0,0.0,2,29,-1,0,0,12,0,0,0,1,1
30,17,0,1,2,0,0,0.0,0,15,1982,0,1,7,0,0,0,2,1
251,17,1,0,3,0,0,0.342629482,2,0,9338,21,0,42,0,0,0,1,1
126,50,1,1,3,1,0,0.142857143,0,51,3992,5697976,1,18,0,1,1,2,1
58,40,0,1,3,0,0,0.034482759,0,4,-1,0,1,10,0,0,1,1,1
28,19,0,0,3,0,0,0.0,0,141,3319,481781,0,7,0,0,0,0,0
29,20,0,0,2,0,0,0.0,0,53,4930,7447880,0,6,0,0,0,1,0
33,25,0,1,2,0,0,0.0,0,249,7724,246,0,6,0,0,2,1,0
43,31,0,1,2,1,0,0.0,0,225,2130,17465,1,8,0,0,1,2,0
35,26,0,0,2,0,0,0.0,0,111,8145,0,0,6,0,0,0,2,0
33,24,0,0,2,0,0,0.0,0,56,7449,0,0,6,1,0,0,1,0
33,16,0,0,2,0,0,0.0,0,53,8520,8,0,6,1,0,0,2,0
74,15,0,1,2,0,1,0.0,0,42,6699,4589207,0,13,0,1,0,1,0
29,21,0,1,2,0,0,0.0,0,215,7530,4970261,0,6,0,0,0,0,0
59,14,1,0,2,0,0,0.13559322,0,67,5048,282,0,10,0,0,0,2,0
48,39,0,0,2,0,0,0.0,1,0,101,0,1,9,0,0,0,0,1
32,24,0,1,2,1,0,0.0,0,95,1193,160850,0,7,0,0,1,1,0
21,10,0,1,1,1,0,0.0,0,0,5499,0,1,7,0,0,0,2,1
58,12,0,1,2,0,0,0.120689655,0,41,11564,375,1,12,1,0,2,0,0
30,23,0,1,2,0,1,0.033333333,0,14,7295,0,1,5,1,0,1,1,1
100,19,0,1,2,1,0,0.0,3,0,5806,0,1,15,0,0,0,2,1
45,37,0,1,2,0,1,0.0,0,55,7298,0,0,6,1,0,0,2,0
47,38,0,0,3,0,1,0.127659574,0,18,5614,0,1,10,0,0,0,2,1
128,50,1,0,3,1,0,0.1484375,0,4,4003,5828815,1,19,0,1,1,1,1
138,34,1,0,2,0,0,0.231884058,0,0,-1,0,1,22,0,1,0,1,1
48,19,0,0,3,0,0,0.0,0,209,7552,185439,0,8,0,0,0,2,0
66,15,0,0,3,0,0,0.151515152,0,40,11555,609,0,12,1,0,0,3,0
47,19,0,1,2,0,1,0.042553191,0,147,7721,1492,0,9,0,0,1,1,0
47,39,0,1,2,0,0,0.0,1,41,5230,0,1,6,0,0,1,1,1
202,18,0,0,2,0,0,0.118811881,0,7,2612,0,1,8,0,0,0,2,1
35,15,0,1,2,0,0,0.0,0,43,8431,567,0,7,0,0,1,1,0
45,20,0,1,3,0,0,0.0,0,0,1750,0,1,9,0,0,0,2,1
49,9,0,1,3,0,0,0.0,4,2,7528,0,1,10,0,1,0,2,1
34,24,0,0,2,0,1,0.0,0,105,-1,1930148,0,7,0,0,0,2,0
44,10,0,1,3,0,0,0.0,0,4,2960,0,1,9,0,0,0,1,1
19,11,0,0,2,0,0,0.0,0,7,8036,0,1,5,0,0,0,1,1
65,39,1,0,3,1,1,0.307692308,2,22,5615,0,1,11,0,0,0,2,1
102,24,0,0,2,1,0,0.058823529,0,91,-1,295578,0,19,0,0,0,2,0
33,14,0,0,2,0,0,0.060606061,0,0,1953,4365,1,6,0,0,0,2,1
30,22,0,1,2,0,0,0.0,0,88,530,0,0,6,0,0,1,2,0
35,16,0,1,2,0,0,0.0,0,0,3768,0,1,6,0,0,0,2,1
43,17,0,0,3,0,0,0.139534884,0,154,2101,124276,0,7,0,0,0,2,1
119,27,0,0,3,0,0,0.042016807,3,0,-1,2509075,1,17,0,0,0,2,1
39,30,0,0,2,0,1,0.0,0,13,7295,0,1,6,1,0,0,1,1
29,21,0,1,2,0,1,0.137931034,0,106,7296,0,0,6,1,0,0,2,0
48,15,0,1,2,0,0,0.0,0,52,9123,48,1,8,1,1,1,0,0
20,12,0,1,2,0,0,0.0,0,184,7732,22144,0,6,0,0,1,2,0
60,42,0,1,3,0,1,0.066666667,2,21,5627,0,1,11,0,0,0,2,1
85,53,1,1,3,0,0,0.2,0,44,5466,75,1,16,0,1,3,2,1
79,11,0,1,2,0,0,0.012658228,0,33,4654,780517,0,14,0,0,0,2,0
62,22,0,1,3,1,0,0.0,0,45,5102,44165,0,10,0,0,1,1,0
37,21,0,1,2,0,0,0.027027027,0,9,5916,0,1,7,0,0,1,1,1
28,21,0,1,2,0,1,0.0,0,156,7298,0,0,6,1,0,1,1,0
99,15,1,0,2,1,0,0.0808080809999999,0,315,7929,11068,0,17,0,0,0,0,0
33,11,0,0,1,0,0,0.0,0,25,7488,63,0,6,1,0,0,2,0
36,28,0,1,2,0,0,0.0,0,92,4280,0,0,6,0,0,1,2,0
106,29,0,1,2,0,0,0.103773585,1,150,-1,277466,1,19,0,0,2,2,0
50,15,0,0,2,0,0,0.0,0,0,7330,154708,0,10,0,0,0,1,1
64,18,0,1,2,0,0,0.0625,0,96,4489,2889,0,11,0,0,1,2,0
32,25,0,1,2,0,1,0.09375,0,14,7295,0,1,5,1,0,1,1,1
299,20,1,0,3,0,0,0.20735786,1,5,-2,0,1,55,0,0,0,1,1
84,28,0,0,3,0,0,0.047619048,1,24,2974,1118394,1,11,0,0,1,2,1
99,14,0,0,2,1,1,0.03030303,3,1,211,0,1,14,0,0,0,2,1
106,19,1,1,2,1,0,0.188679245,3,88,2046,0,1,13,0,0,1,1,1
42,19,0,1,2,0,0,0.0,0,210,6670,6886,0,7,0,0,1,2,0
51,25,0,0,2,0,0,0.0,0,160,5400,32887,1,7,0,0,2,2,0
68,41,1,1,3,1,0,0.264705882,0,0,2644,0,1,11,0,0,0,2,1
32,23,0,0,3,0,0,0.0,0,67,-1,414774,0,7,0,0,0,1,0
56,17,1,1,3,1,0,0.107142857,0,5,-2,6684,0,9,0,0,1,1,0
45,13,0,1,2,0,0,0.0,2,139,-1,0,1,10,0,0,3,2,1
45,22,0,1,1,0,0,0.0,0,66,4924,247167,0,6,0,0,1,1,0
59,24,0,0,2,0,0,0.0,0,15,2169,1125607,1,6,0,0,1,2,1
21,12,0,0,2,0,0,0.0,0,118,6515,0,0,6,0,0,0,0,0
76,20,0,1,3,1,0,0.0,3,1,761,0,1,13,0,0,0,2,1
20,13,0,1,2,0,0,0.0,0,15,2091,0,0,5,0,0,0,2,0
56,16,0,0,2,0,0,0.0,0,352,7133,12,0,9,1,0,0,1,0
64,23,0,1,2,0,0,0.0,0,28,-1,12043,0,10,0,0,1,1,0
112,22,0,1,3,1,0,0.053571429,0,8,12376,3063,1,17,0,0,1,1,0
60,28,0,1,2,0,0,0.0,0,299,5086,53314,0,8,0,0,1,1,0
57,16,0,0,2,0,0,0.0,0,131,7130,12,0,10,1,0,0,0,0
47,15,0,1,1,1,0,0.0,0,101,5994,475913,0,9,0,0,1,1,0
31,5,0,1,1,0,0,0.064516129,0,29,-1,19748,1,7,0,0,0,2,1
84,24,0,1,3,0,0,0.0,0,50,6246,195180,0,15,0,0,0,1,0
24,15,0,0,2,0,0,0.0,0,104,5445,6496,0,6,0,0,0,0,0
95,24,0,1,2,0,0,0.0,0,100,4848,6082,1,18,0,0,2,2,0
123,16,0,1,2,0,0,0.06504065,0,35,9317,13,1,22,1,0,1,1,0
70,16,0,0,2,1,0,0.085714286,1,10,8347,1,1,11,1,0,0,0,1
206,17,0,0,3,0,0,0.0631067959999999,0,0,6360,186,0,37,1,1,0,2,1
32,20,0,1,2,0,0,0.0,0,0,5321,0,1,7,0,0,0,2,1
23,14,0,0,2,0,0,0.0,0,132,5391,10053,0,6,0,0,0,2,0
72,12,0,1,3,1,0,0.0,0,32,2690,6207267,1,11,0,0,0,2,1
63,19,1,1,3,0,0,0.126984127,0,162,-1,266000,0,12,0,1,1,1,0
72,20,0,1,2,1,0,0.0,0,86,6158,6546,0,11,0,0,1,0,0
70,24,0,1,3,0,1,0.0,0,136,7805,6377,0,11,0,0,2,1,0
43,15,0,1,2,1,1,0.0,0,181,8095,2583581,0,9,0,0,1,1,0
37,16,0,1,1,1,0,0.0,0,0,5294,0,1,8,0,0,1,2,1
53,23,0,0,2,1,0,0.0,0,270,7838,606,0,8,0,0,0,0,0
26,18,0,1,2,0,0,0.0,0,114,7407,0,1,6,0,0,0,2,1
20,12,1,1,3,0,0,0.45,0,55,-1,0,0,7,0,1,2,2,1
72,19,0,0,2,0,0,0.0,0,278,8519,641,0,12,0,0,0,2,0
21,13,0,1,2,0,0,0.0,0,111,7243,0,0,6,0,0,1,1,0
62,24,0,1,3,0,0,0.0,0,109,5208,27339,0,10,0,1,1,2,0
41,20,0,0,3,1,0,0.0,0,182,-1,0,0,9,0,1,0,1,0
24,16,0,1,2,0,0,0.166666667,0,104,1380,5572480,0,6,0,0,0,2,0
42,14,0,1,2,0,0,0.0,2,1,8264,0,1,11,0,0,0,2,1
19,11,0,1,2,0,0,0.052631579,0,52,9368,31833,0,6,0,0,0,1,0
46,20,0,0,2,0,0,0.0,0,243,7134,13,0,8,1,0,0,1,0
47,11,0,1,1,0,0,0.0,0,77,41,0,1,7,0,0,1,1,0
16,7,0,0,1,0,0,0.0,0,49,1820,939835,0,5,0,0,0,1,0
76,16,0,1,1,1,0,0.0,3,278,760,0,1,12,0,0,1,1,1
46,21,0,0,3,0,0,0.0,0,37,933,249971,0,8,0,0,0,2,1
63,16,0,1,3,0,0,0.031746032,0,0,-1,6925913,0,11,0,0,0,3,0
128,50,1,0,3,1,0,0.140625,0,51,3993,5707171,1,19,0,1,0,2,1
43,16,0,0,2,0,0,0.0,2,51,8346,1,1,8,1,0,0,2,1
218,12,1,1,3,1,0,0.426605505,4,6,-1,0,1,20,0,0,0,1,1
107,19,1,1,2,1,0,0.214953271,3,88,2047,0,1,14,0,0,0,1,1
27,19,0,1,2,0,1,0.0,0,178,7298,0,0,6,1,0,0,2,0
21,14,0,1,2,0,0,0.0,0,0,7347,777104,0,5,0,0,0,2,0
87,24,0,0,2,0,0,0.068965517,0,118,8186,2640,0,12,0,1,0,1,0
38,21,0,0,2,0,0,0.0,1,7,2520,0,1,7,0,0,0,1,1
38,31,0,1,2,0,0,0.0,1,2,5619,25607,0,5,0,0,0,1,1
225,21,1,1,2,1,0,0.195555556,6,13,319,0,1,35,0,0,0,1,1
29,20,0,0,2,0,0,0.0,0,239,-1,48618,0,6,0,0,0,1,0
50,23,0,1,3,0,0,0.0,0,53,5995,4707988,0,8,0,0,1,1,0
22,12,0,0,2,0,0,0.0,0,124,7618,1990852,0,7,0,0,0,0,0
89,23,1,1,2,0,0,0.179775281,1,0,461,0,1,11,0,0,0,2,1
79,28,1,0,3,1,0,0.265822785,0,89,252,2602858,1,15,0,1,0,2,1
46,19,0,1,3,0,0,0.0,0,39,5310,38610,0,7,0,0,1,1,0
46,26,0,1,2,0,0,0.02173913,0,162,2344,233673,1,9,0,0,1,0,0
58,13,0,0,1,0,0,0.103448276,0,47,3247,436389,0,11,0,0,0,1,0
177,17,1,1,3,0,0,0.305084746,0,0,-1,7576349,1,21,0,0,0,1,1
31,19,0,0,2,0,0,0.0,0,311,1808,3467541,0,7,0,0,0,2,0
34,25,0,0,2,1,0,0.0,0,5,2837,0,0,7,0,0,0,3,1
32,23,0,0,3,0,1,0.0,0,435,-1,1801352,0,7,0,0,0,2,0
70,41,0,1,3,0,0,0.071428571,1,23,1423,0,1,15,0,0,2,1,1
60,42,0,1,3,0,1,0.05,3,22,5615,0,1,11,0,0,0,2,1
76,17,0,1,3,1,0,0.0,0,3,7409,4044493,0,15,0,0,0,2,1
45,29,0,1,2,0,0,0.022222222,0,40,3905,2659436,0,7,0,0,1,2,0
36,27,0,0,2,0,0,0.0,0,0,2837,0,1,8,0,0,0,1,1
29,18,0,1,1,1,0,0.0,0,0,3448,0,1,7,0,0,0,2,1
19,11,0,0,2,0,0,0.0,0,82,-1,202287,0,5,0,0,0,1,0
154,30,1,0,3,0,1,0.12987013,0,35,5660,6032,1,25,0,1,0,1,1
35,26,0,0,2,0,0,0.0,0,110,7449,0,0,6,1,0,0,1,0
44,22,0,1,2,0,0,0.045454545,0,21,596,411219,0,7,0,0,0,2,1
40,32,0,1,2,1,0,0.0,0,0,74,0,1,7,0,0,0,2,1
36,13,0,1,2,0,0,0.0,2,133,1899,507771,1,8,0,0,1,1,1
39,21,0,1,2,0,0,0.0,1,391,8079,101628,0,7,0,0,1,0,0
100,20,0,1,3,1,0,0.0,4,1,5758,0,1,17,0,1,0,2,1
21,14,0,1,2,0,1,0.0,0,105,6980,3698321,0,5,0,0,1,2,0
43,25,0,1,2,0,0,0.0,0,227,6258,689,0,6,0,0,1,2,0
57,17,0,0,2,0,0,0.0,0,64,3850,1225017,1,11,0,0,2,0,0
32,21,0,1,1,0,0,0.0,0,46,7505,1754,0,5,0,0,1,2,0
121,20,0,0,2,0,0,0.041322314,0,116,4061,99,0,22,1,0,0,2,0
23,15,0,1,2,0,0,0.0,0,256,1564,1352976,0,6,0,0,0,2,0
45,10,0,1,2,0,0,0.0,0,7,-1,5076,0,9,0,0,0,1,0
41,33,0,1,3,0,0,0.0,0,0,49,0,1,10,0,0,0,2,1
46,24,0,1,2,1,0,0.0,0,10,3090,0,0,8,0,0,0,1,0
67,20,0,0,3,1,0,0.014925373,2,43,1113,0,1,12,0,0,0,1,1
33,24,0,0,3,0,0,0.0,0,534,-1,1279737,0,7,0,0,1,2,0
110,12,0,1,3,1,0,0.045454545,2,50,3080,0,1,19,0,0,0,2,1
51,43,1,1,3,0,0,0.196078431,0,5,3233,0,1,9,0,1,0,2,1
47,39,0,1,2,0,0,0.0,0,29,4146,2131645,0,11,0,0,0,2,0
25,11,0,1,1,0,0,0.0,0,146,2122,124192,1,5,0,0,1,2,1
19,10,0,0,2,0,0,0.0,0,650,4644,35576,0,6,0,0,0,2,0
55,16,0,1,3,0,0,0.0,0,31,-1,9075,0,10,0,0,1,0,0
58,17,0,1,2,0,0,0.0172413789999999,0,11,-1,0,1,10,0,1,1,1,1
98,13,1,0,3,1,0,0.112244898,3,4,2618,0,1,20,0,0,1,1,1
65,14,0,1,3,0,0,0.0,0,117,6493,7329,1,12,0,0,2,0,0
23,14,0,0,2,0,0,0.0,0,98,1937,114231,0,6,0,0,0,0,0
41,20,0,1,2,0,1,0.0,0,16,4822,209887,1,6,0,0,1,1,0
48,28,0,1,3,0,0,0.0,0,0,6556,0,1,7,0,0,0,2,1
38,14,0,1,2,0,0,0.0,0,159,7900,141805,0,7,0,0,1,1,0
20,13,0,1,1,0,0,0.0,0,27,-1,207173,0,4,0,0,0,1,0
57,18,0,1,1,0,0,0.105263158,0,0,3153,0,1,10,0,0,0,2,1
35,27,0,1,2,0,0,0.0,0,15,6208,0,0,6,0,0,1,2,0
25,17,0,1,2,0,1,0.0,0,76,8892,174422,0,6,0,0,1,0,0
84,17,0,1,2,0,0,0.023809524,1,96,5133,1315,0,18,0,0,1,1,0
39,18,0,1,1,0,0,0.0,0,19,-1,752492,0,7,0,0,1,1,0
47,13,0,1,2,0,0,0.0,0,182,298,0,1,11,0,0,1,1,0
27,15,0,1,1,0,1,0.0,0,0,4454,0,1,7,0,0,0,2,1
73,18,1,1,1,1,0,0.260273973,0,14,2965,0,1,8,0,0,0,1,1
16,7,0,0,1,0,0,0.0,0,41,-1,957184,0,5,0,0,0,1,0
132,16,1,0,3,0,0,0.03030303,0,9,7765,32,0,12,0,0,0,1,1
50,18,0,1,3,0,0,0.0,0,4,-1,0,1,10,0,0,1,1,1
51,22,0,1,2,1,1,0.0,2,4,3403,0,1,10,0,0,1,1,1
29,10,0,1,1,0,0,0.068965517,0,0,-1,0,1,7,0,0,0,2,1
41,26,0,1,2,0,0,0.0,0,69,6349,0,0,7,0,0,0,1,1
64,17,0,1,2,0,0,0.09375,0,49,4194,536277,0,13,0,0,1,3,0
34,26,0,1,2,0,1,0.0,0,118,4168,581435,0,6,0,0,0,2,0
51,10,1,1,1,0,0,0.411764706,0,0,4312,0,1,6,0,0,0,2,1
25,17,0,1,2,0,0,0.0,0,55,3981,719927,0,6,0,0,0,1,0
28,20,0,1,2,0,0,0.0,0,184,2071,7928061,0,6,0,0,0,1,0
66,12,1,1,2,0,0,0.318181818,0,1,3489,0,1,8,0,0,0,2,1
113,15,0,0,2,0,0,0.053097345,1,25,8347,1,1,16,1,0,1,2,1
19,12,0,1,2,0,0,0.0,0,108,2632,9778902,0,5,0,0,0,2,0
35,27,0,1,2,0,0,0.0,0,24,3206,379479,0,6,0,0,1,1,0
23,14,0,0,2,0,0,0.0,0,244,6220,0,0,6,0,0,1,1,0
29,11,0,0,1,0,0,0.0,0,25,7489,63,0,6,1,0,0,2,0
55,20,0,1,2,0,0,0.0,1,27,1734,0,1,9,0,0,1,2,1
26,17,0,0,2,1,0,0.0,0,0,560,1647264,1,7,0,0,0,1,1
30,21,0,0,2,0,1,0.0,0,14,7296,0,1,6,1,0,0,1,1
47,18,0,1,2,0,0,0.0,0,96,9204,688,0,8,0,0,1,0,0
39,15,0,0,2,0,0,0.0,0,55,5635,2,0,7,1,0,0,1,0
28,20,0,1,1,0,0,0.0,0,27,1985,2350712,0,5,0,0,0,2,0
50,42,1,1,2,0,1,0.3,0,18,5626,0,1,10,0,1,1,1,1
54,17,0,0,3,0,0,0.0,2,74,768,1037324,1,10,0,1,2,0,1
70,11,0,0,3,0,1,0.0,0,0,5736,30597,0,13,0,0,0,3,0
44,14,1,1,3,0,0,0.159090909,0,89,7158,2294,1,9,0,0,2,1,0
51,26,0,0,2,0,0,0.0,0,142,7872,1453,0,9,0,0,0,2,0
97,17,0,0,3,1,0,0.051546392,0,103,8905,76638,0,18,0,0,0,2,0
132,30,1,0,3,1,1,0.1742424239999999,0,15,5670,5824,1,22,0,1,0,1,1
53,21,0,1,2,0,0,0.056603774,0,0,5972,0,1,9,0,0,1,1,1
67,24,0,1,2,0,0,0.0,0,66,4848,6082,0,14,0,1,1,2,0
81,27,1,1,2,0,0,0.24691358,0,30,5767,0,1,8,0,0,1,1,1
25,16,0,0,1,0,0,0.0,0,22,-1,0,0,5,0,0,0,2,0
73,44,0,0,3,0,1,0.0,1,21,5616,0,1,12,0,0,0,2,1
18,10,0,1,2,0,0,0.111111111,0,59,-1,0,0,6,0,0,1,2,1
59,16,0,0,2,0,0,0.0,0,1045,7132,12,0,10,1,0,0,1,0
55,22,0,1,3,0,0,0.0,1,0,3668,6075200,1,9,0,0,0,1,1
35,26,0,0,2,1,0,0.0,0,162,1601,0,0,7,0,0,0,2,1
81,19,1,1,2,0,0,0.259259259,0,0,534,7375648,1,10,0,0,0,2,1
33,18,0,1,2,1,0,0.0,0,86,-1,0,1,8,0,0,1,2,0
79,30,0,1,2,0,0,0.0,0,23,5675,1482456,0,13,0,0,1,2,0
68,42,1,1,3,0,0,0.191176471,0,51,3992,5697976,1,9,0,1,1,2,1
19,12,0,1,2,0,0,0.0,0,169,-1,0,0,5,0,0,0,2,0
131,19,0,0,2,0,0,0.114503817,0,13,7440,458473,1,15,0,0,0,1,1
122,11,1,1,2,0,0,0.155737705,0,113,8759,2416,0,24,0,0,1,0,0
76,47,0,1,3,0,0,0.0,0,125,-1,0,1,14,0,0,0,2,0
61,14,0,1,3,0,0,0.049180328,1,0,7644,3871327,1,11,0,0,0,3,0
476,13,1,1,3,0,0,0.084033613,3,21,-1,0,1,99,1,1,2,2,1
76,16,0,0,2,0,0,0.0,0,106,6212,3128,0,15,0,0,0,0,0
55,15,0,0,2,0,0,0.018181818,1,1,2877,0,1,10,0,0,0,1,1
17,9,0,1,1,0,0,0.0,0,1,8453,57889,0,5,0,0,1,2,0
84,16,1,0,2,0,0,0.071428571,1,10,8348,1,1,12,1,0,0,0,1
129,33,0,0,2,1,1,0.03875969,0,26,8019,0,1,19,0,1,1,1,1
35,13,0,0,2,0,0,0.0,0,39,3751,0,0,8,0,0,0,1,1
69,13,0,0,2,0,0,0.028985507,0,17,7419,285,0,16,0,0,0,0,0
77,23,1,1,1,0,0,0.25974026,0,30,5767,0,1,7,0,0,1,1,1
54,45,0,0,3,0,0,0.092592593,0,4,683,0,1,10,0,0,0,1,1
81,54,1,0,3,1,0,0.148148148,0,4,4003,5816617,1,11,0,1,1,1,1
28,17,0,1,2,0,0,0.0,0,0,-1,0,1,7,0,0,0,2,1
98,59,0,1,3,0,0,0.040816327,0,0,8412,0,1,15,1,0,0,2,1
28,11,0,0,1,0,1,0.035714286,0,5,6752,2307,1,5,0,0,1,1,1
76,10,1,1,1,0,0,0.342105263,0,0,-1,0,1,10,0,0,0,2,1
73,22,0,1,3,0,0,0.0,2,33,3388,0,1,13,0,0,0,1,1
108,48,0,1,3,1,0,0.009259259,1,2,7397,2503496,1,22,1,0,0,3,1
75,23,0,1,3,1,0,0.013333333,0,16,6346,0,1,13,0,0,0,1,1
107,19,1,1,2,1,0,0.186915888,3,88,2047,0,1,14,0,0,0,1,1
76,50,1,1,3,1,0,0.092105263,0,51,3993,5707171,1,10,0,1,1,2,1
36,20,0,0,2,0,0,0.0,0,197,5667,813659,1,7,0,0,1,0,0
35,27,0,1,2,0,0,0.0,0,14,2356,0,0,6,0,0,1,2,0
49,20,0,1,2,1,1,0.0,0,37,4826,203194,1,8,0,0,1,1,0
25,7,0,0,1,0,0,0.08,0,57,920,11781,1,5,0,0,1,1,1
58,25,0,1,2,0,0,0.0,0,102,2792,604753,0,10,0,0,1,2,0
29,17,0,1,2,0,0,0.0,0,3,7812,0,1,7,0,0,0,1,1
34,27,0,1,2,0,1,0.0,0,14,7295,0,1,5,1,0,1,1,1
40,26,0,1,3,0,0,0.0,0,38,-1,332453,0,8,0,0,0,3,0
52,25,0,1,3,0,0,0.0,0,56,5219,720815,0,10,0,0,1,1,0
117,42,1,1,3,0,0,0.170940171,0,51,3992,5697976,1,18,0,1,0,2,1
67,18,0,1,2,0,0,0.074626866,0,48,4009,320261,1,13,0,0,2,0,0
29,21,0,1,2,0,0,0.0,0,260,8996,2132314,0,6,0,0,1,2,0
57,12,0,1,3,0,0,0.0,0,64,7988,24244,0,10,0,0,0,1,0
19,11,0,1,2,0,0,0.1578947369999999,0,45,-2,0,0,6,0,0,0,2,1
30,21,0,0,2,0,0,0.0,1,21,-2,40209,0,6,0,0,0,0,0
21,12,0,0,2,0,0,0.0,0,0,4012,83296,0,6,0,0,0,2,0
42,17,0,1,3,0,0,0.095238095,0,40,6775,182793,0,9,0,0,0,2,0
77,23,0,1,3,1,0,0.0779220779999999,0,21,7354,303835,1,11,0,0,2,1,0
51,25,0,1,3,0,0,0.0,1,0,6245,0,1,8,0,0,0,2,1
74,14,0,0,3,0,0,0.054054054,0,5,5159,115,1,15,1,1,0,0,0
72,14,0,1,2,1,0,0.027777778,4,0,5151,0,1,13,0,0,0,1,1
28,14,0,1,1,0,0,0.035714286,0,1,895,0,1,6,0,0,0,1,1
43,22,0,1,2,0,0,0.069767442,0,232,5704,4445,0,10,0,0,2,0,0
45,26,0,0,2,0,0,0.088888889,0,0,1953,4365,1,6,0,0,0,2,1
33,20,0,0,2,0,0,0.0,0,32,5160,0,1,9,1,0,0,2,0
36,12,0,0,1,1,0,0.027777778,2,0,1220,0,1,9,0,0,0,2,1
22,13,0,0,2,0,0,0.0,0,65,8495,2675001,0,6,0,0,0,1,0
41,16,0,0,2,0,0,0.0,0,958,7130,12,0,8,1,0,0,2,0
46,16,0,0,2,0,0,0.0,0,130,7131,12,0,8,1,0,0,1,0
32,16,0,0,2,0,0,0.0,0,611,8414,176808,0,7,0,0,0,0,0
76,21,0,0,3,0,0,0.052631579,0,981,5304,4171,0,13,0,0,0,0,0
74,18,0,1,3,0,0,0.013513514,0,10,4481,2174782,0,11,0,1,0,2,0
57,40,0,1,3,0,0,0.087719298,1,33,1547,4639,1,9,0,0,0,2,1
89,16,0,1,2,0,0,0.04494382,0,81,3248,72672,0,13,0,1,1,1,0
65,15,0,0,3,0,0,0.230769231,0,127,11557,610,0,13,1,0,0,1,0
127,50,1,0,3,1,0,0.157480315,0,51,3992,5697976,1,18,0,1,1,2,1
29,17,0,0,2,0,0,0.0,0,39,-1,8065044,0,7,0,0,0,0,0
36,27,0,0,2,0,1,0.0,0,31,7297,183260,0,6,1,0,0,1,0
97,21,0,1,2,1,0,0.0721649479999999,0,188,9071,15082,0,16,0,1,1,0,0
68,16,1,1,1,1,0,0.294117647,0,1,4,0,1,9,0,0,0,2,1
46,31,0,0,2,0,0,0.0,0,0,372,10480281,1,6,0,0,1,2,1
36,29,0,1,2,0,1,0.083333333,0,14,7295,0,1,5,1,0,1,0,1
57,16,0,0,2,0,0,0.087719298,0,375,7133,12,0,11,1,0,0,1,0
81,22,0,1,2,1,0,0.0,2,401,8034,0,1,14,0,0,2,2,1
71,18,0,0,2,0,0,0.0,0,220,5226,138,0,11,0,0,0,2,0
31,11,0,1,2,0,0,0.0,0,142,9007,7971,0,7,0,0,0,1,0
25,18,0,1,2,0,0,0.0,0,6,7412,1561104,1,5,0,0,0,0,1
26,17,0,0,2,0,0,0.0,0,9,6156,332823,0,6,0,0,0,1,1
25,17,0,1,2,0,0,0.04,0,36,1435,4016663,0,6,0,0,0,1,0
26,18,0,1,2,0,0,0.0,0,825,3930,1029072,0,6,0,0,0,1,0
56,24,0,1,3,0,1,0.0,0,139,7230,54048,0,9,0,0,1,1,0
21,13,0,1,2,0,0,0.0,0,609,5621,1650338,0,6,0,0,1,2,0
63,22,1,1,2,0,1,0.365079365,0,0,5783,50436,1,7,0,1,0,2,1
155,22,0,1,3,0,0,0.0,1,123,5882,64114,1,15,0,0,2,2,0
96,15,0,0,2,0,0,0.041666667,0,10,8348,1,1,15,1,0,0,1,1
44,36,0,1,2,0,0,0.0,0,4,466,0,0,6,0,0,1,1,1
26,17,0,0,2,0,0,0.0,0,42,9047,309856,0,6,0,0,0,1,0
64,11,0,1,2,1,0,0.0,1,4,4562,0,1,13,0,0,0,1,1
154,40,0,0,2,1,1,0.051948052,0,26,8019,0,1,19,0,0,1,1,1
29,21,0,1,2,0,0,0.0,0,38,3071,0,0,6,0,0,1,2,0
48,15,0,0,3,1,0,0.0,3,0,4520,0,1,10,0,0,0,2,1
101,37,1,1,2,0,0,0.227722772,0,33,2105,0,1,10,0,0,0,2,1
45,12,0,1,3,0,0,0.0,1,2,9715,13782,0,9,0,0,1,1,0
33,22,0,1,2,0,0,0.0,0,0,-1,0,1,7,0,0,0,2,1
126,50,1,0,3,1,0,0.166666667,0,51,3993,5707171,1,19,0,1,0,2,1
34,25,0,0,3,0,0,0.0,0,370,7494,355773,0,7,0,0,0,2,0
29,18,0,1,2,0,0,0.0,0,0,3593,8552690,1,7,0,0,0,2,1
86,29,1,1,3,0,0,0.174418605,2,6,1601,0,1,11,0,0,0,0,1
35,28,0,1,2,0,1,0.0,0,108,7298,0,0,5,1,0,0,1,0
23,16,0,1,2,0,0,0.0,0,95,7440,1120475,0,5,0,0,0,1,0
62,16,0,0,2,1,0,0.0,2,1,8348,1,0,12,1,0,1,0,1
24,16,0,1,2,0,0,0.0,0,87,4250,56188,0,6,0,0,0,1,0
53,21,0,1,2,0,0,0.075471698,0,0,5972,0,1,9,0,0,1,1,1
115,22,0,1,3,0,0,0.0,0,1,2211,0,1,14,0,0,0,2,1
28,21,0,1,2,0,1,0.035714286,0,14,7295,0,1,5,1,0,1,1,1
259,13,0,1,3,0,0,0.154440154,0,9,31,0,1,13,0,1,0,1,1
29,20,0,0,2,0,0,0.0,0,46,3798,2373127,0,6,0,0,0,2,0
131,14,0,0,3,1,0,0.061068702,0,22,1617,11992,1,20,0,0,0,1,1
36,17,0,0,2,0,0,0.0,0,48,592,764621,1,7,0,0,1,0,1
56,22,0,1,3,0,0,0.053571429,1,57,-1,0,1,12,0,0,1,2,1
84,20,0,1,2,0,0,0.071428571,0,79,4443,22498,0,15,0,0,1,2,0
51,16,0,1,3,0,0,0.0,0,4,1083,0,1,10,0,0,2,1,1
23,14,0,0,2,0,0,0.0,0,121,4162,951195,0,6,0,0,0,0,0
79,20,0,1,3,1,0,0.0,3,32,759,0,1,14,0,0,0,2,1
48,20,0,0,3,0,1,0.166666667,0,36,7297,0,1,10,1,0,0,2,1
29,21,0,1,2,0,0,0.0,0,44,7530,5258969,0,6,0,0,0,2,0
28,19,0,0,2,0,0,0.0,0,240,1737,291674,0,8,0,0,0,2,0
52,24,0,1,3,0,0,0.0,0,0,5404,3318531,0,9,0,0,0,3,0
43,21,0,1,2,0,0,0.0,0,187,3724,0,0,7,0,0,1,1,0
25,17,0,1,2,0,0,0.0,0,138,2485,2648440,0,6,0,0,1,2,0
39,22,0,1,1,0,1,0.102564103,0,0,33,0,1,8,0,0,2,2,1
49,12,0,1,3,0,0,0.0,0,26,6712,24846,0,10,0,0,0,1,0
44,16,0,1,3,0,0,0.0,0,8,6841,626901,0,8,0,0,1,1,0
128,50,1,0,3,1,0,0.1640625,0,4,4003,5828815,1,19,0,1,1,1,1
67,21,0,1,1,1,0,0.0,3,510,2996,0,1,11,0,0,2,1,1
28,20,1,1,2,0,0,0.25,0,51,-1,81970,0,6,0,0,0,2,1
45,27,0,1,3,0,0,0.022222222,1,1,5279,0,1,7,0,0,0,1,1
19,11,0,0,1,0,0,0.0,0,44,95,0,0,4,0,0,0,2,1
20,11,0,0,1,0,0,0.0,0,18,819,0,0,5,0,0,0,1,0
64,12,0,1,2,0,0,0.0,0,793,5591,6966,0,9,0,0,1,1,0
48,20,0,1,3,0,0,0.0,1,3,3126,7603384,1,8,0,0,0,2,1
44,18,0,1,3,1,0,0.0,1,3,-1,0,0,9,0,0,0,1,1
25,16,0,0,3,0,1,0.0,0,89,7827,386,1,7,0,0,2,1,1
29,15,0,1,1,0,0,0.0,0,21,3183,0,1,6,0,0,2,1,1
54,11,0,0,2,0,1,0.148148148,0,58,7827,383,1,7,0,0,0,0,1
50,16,0,0,2,0,0,0.0,0,175,7133,12,0,9,1,0,0,0,0
56,20,0,1,2,1,0,0.1785714289999999,0,0,1387,0,1,10,0,0,0,2,1
145,17,0,0,3,0,0,0.096551724,1,8,-1,0,1,31,0,0,0,1,1
48,21,0,1,3,0,0,0.0,0,34,2827,0,1,8,0,0,0,1,1
37,9,0,1,1,0,0,0.108108108,0,1,-1,0,1,5,0,0,2,1,1
127,50,1,0,3,1,0,0.125984252,0,51,3993,5707171,1,18,0,1,1,2,1
48,27,0,1,2,0,0,0.0,0,87,3473,179737,0,7,0,0,1,1,0
40,27,0,1,2,0,0,0.0,0,405,8647,107,0,6,0,0,1,2,0
46,15,0,1,2,0,0,0.0,0,163,5002,0,0,9,0,0,0,0,0
29,20,0,0,3,0,0,0.0,0,62,8658,2185334,0,7,0,0,0,0,0
117,41,1,1,3,0,0,0.128205128,3,18,2061,0,1,16,0,0,0,1,1
34,26,0,0,2,0,0,0.0,1,22,5636,10011393,0,6,0,0,0,0,0
26,18,0,1,2,0,0,0.0,0,61,2587,107898,0,6,0,0,1,2,0
45,18,0,0,2,0,0,0.0,0,25,12710,1115,0,9,0,0,0,1,0
57,18,0,1,3,1,0,0.105263158,0,62,7268,81918,1,10,0,0,1,0,0
144,32,0,1,3,0,0,0.0625,0,1,7086,18263,1,9,0,0,0,2,1
49,24,0,1,3,0,0,0.0,0,90,3555,0,1,8,0,0,1,1,1
36,17,0,0,2,0,0,0.0,0,184,5125,18864,0,7,0,0,0,0,0
123,46,1,0,3,0,0,0.1300813009999999,0,51,3992,5697976,1,18,0,1,1,2,1
45,33,0,0,1,0,0,0.0,0,21,1245,0,1,6,0,0,0,2,1
63,55,0,1,3,0,0,0.0,0,22,149,0,1,11,0,0,0,2,1
21,6,0,1,1,0,0,0.0,0,58,7744,180047,0,5,0,0,1,1,0
23,14,0,0,2,0,1,0.0,0,46,5230,12328,0,6,0,0,0,1,0
31,17,0,1,1,0,0,0.0,0,65,3638,758502,0,6,0,0,0,2,0
278,21,1,0,3,0,0,0.212230216,0,0,7905,155,1,35,0,0,0,2,1
39,20,1,0,2,0,0,0.179487179,0,9,962,35955,1,8,0,1,0,1,1
45,15,0,0,2,0,0,0.0,0,80,9530,39989,1,8,0,0,1,1,0
73,8,0,1,1,0,0,0.0,4,169,7148,0,1,13,0,0,1,2,1
63,27,0,1,2,1,0,0.0,0,95,-1,1588154,1,10,0,0,1,1,0
204,27,0,0,2,0,1,0.1372549019999999,0,12,7968,892,0,15,0,0,0,1,1
54,14,1,1,2,0,0,0.388888889,0,0,-1,47895,1,6,0,0,1,2,1
63,18,0,1,2,0,0,0.0,0,228,9117,150940,0,10,0,0,1,2,0
61,27,0,1,3,0,0,0.049180328,0,4,5643,0,1,11,0,0,1,1,1
19,11,0,1,2,0,0,0.0,0,1,2165,868835,0,6,0,0,0,1,0
83,14,0,0,3,0,0,0.048192771,0,5,5161,114,1,18,1,1,0,0,0
142,22,0,0,3,0,0,0.063380282,0,73,627,2110939,0,10,0,0,0,2,1
59,9,0,1,2,0,0,0.0,0,8,3482,1212036,0,9,0,0,1,0,0
125,50,1,0,3,1,0,0.184,0,51,3992,5697976,1,18,0,1,1,2,1
32,25,0,1,2,0,1,0.09375,0,123,7297,0,0,5,1,0,0,1,0
46,24,0,1,3,0,0,0.086956522,1,60,-1,8828,0,9,0,0,0,1,0
37,28,0,0,2,0,1,0.108108108,0,15,7295,0,1,6,1,0,0,1,1
89,18,0,0,2,1,0,0.02247191,3,31,2500,0,1,17,0,0,0,1,1
65,15,0,1,3,1,0,0.015384615,0,6,-1,0,1,13,0,1,0,1,1
33,22,0,1,2,0,0,0.0,0,319,-1,0,0,7,0,0,1,1,0
24,16,0,1,2,0,0,0.0,0,4,2,0,1,6,0,0,1,1,1
16,7,0,0,1,0,0,0.0,0,59,-1,774801,0,5,0,0,0,0,0
37,30,0,1,2,0,1,0.027027027,0,105,7298,3507098,0,5,1,0,0,2,0
40,14,0,1,1,0,0,0.0,0,82,2387,557472,0,6,0,0,1,1,0
26,17,0,0,2,0,0,0.0,0,306,-1,1770667,0,6,0,0,0,1,0
22,15,0,1,1,0,0,0.0,1,37,1737,141484,0,5,0,0,0,2,0
32,17,0,0,2,0,0,0.03125,0,62,5894,35,0,7,1,0,0,0,0
46,25,0,1,2,0,0,0.0,0,185,6259,683,0,6,0,1,1,2,0
49,14,0,0,1,0,0,0.0,0,204,8233,7093,0,8,0,0,0,1,0
44,21,0,1,3,0,0,0.113636364,1,29,5959,37967,0,8,0,0,1,1,0
119,84,0,1,3,0,0,0.268907563,0,4,1834,0,1,23,0,1,1,1,1
30,23,0,1,2,0,1,0.0,0,10,7295,0,1,5,1,0,1,1,1
77,20,0,0,2,1,0,0.051948052,4,6,-1,0,1,11,0,0,1,1,1
33,18,0,1,3,1,0,0.0,0,27,5,0,1,8,0,0,1,2,1
36,17,0,0,2,0,0,0.0,0,718,6433,625,0,7,0,0,0,1,0
27,14,0,1,2,0,0,0.0,0,82,854,6847947,1,7,0,0,1,2,1
26,17,0,0,2,0,0,0.0,0,122,3828,550873,0,6,0,0,0,0,0
42,34,0,1,3,0,1,0.0,1,23,2532,514430,1,7,0,0,1,1,1
40,17,0,1,1,1,0,0.0,0,62,-1,411426,0,7,0,0,1,2,0
79,22,0,0,2,0,0,0.0,0,55,3857,221138,0,12,0,0,0,1,0
99,15,0,0,2,1,0,0.090909091,2,30,8347,1,1,13,1,0,0,2,1
58,49,0,0,2,0,1,0.0,0,11,7296,0,1,6,1,0,0,2,1
55,19,0,1,3,0,0,0.018181818,0,0,7110,5533318,1,11,0,0,0,2,1
34,25,0,0,2,0,1,0.029411765,0,14,7295,0,1,6,1,0,0,1,1
67,13,0,1,2,1,0,0.0,0,420,10607,6992,1,12,0,0,3,0,0
56,20,0,1,2,0,0,0.0,1,27,1748,0,1,10,0,0,0,2,1
40,12,0,1,1,0,0,0.0,0,0,1975,0,1,9,0,0,0,2,1
115,18,1,1,3,0,0,0.069565217,4,66,5556,0,1,18,0,1,1,1,1
39,19,0,1,2,0,0,0.0,0,289,8917,1358,0,7,0,0,1,2,0
49,14,0,1,2,0,0,0.0,0,60,4916,19476,0,9,0,0,1,1,0
73,58,0,1,3,0,0,0.054794521,0,4,1837,0,1,8,0,0,1,1,1
44,37,0,1,2,0,1,0.0,0,13,7295,0,1,5,1,0,1,1,1
43,28,0,1,2,1,0,0.0,1,36,-1,10504747,0,9,0,0,0,1,1
27,18,0,0,2,0,0,0.0,0,126,-1,59571,0,6,0,0,0,2,0
54,12,0,1,2,0,0,0.074074074,0,123,9427,166,0,13,0,0,1,1,0
33,18,0,0,1,0,0,0.0,0,89,96,0,1,5,0,0,0,2,1
39,16,0,0,2,0,0,0.0,0,2205,7132,12,0,8,1,0,1,1,0
69,10,0,1,2,1,0,0.0,5,38,783,0,1,12,0,0,2,2,1
57,18,0,1,3,0,0,0.0,0,12,-1,109880,0,10,0,0,1,1,0
52,43,1,0,3,0,1,0.173076923,0,0,5627,0,1,11,0,1,0,2,1
35,21,0,0,3,1,0,0.0,0,278,-1,956800,0,9,0,0,0,1,0
29,18,0,0,2,0,0,0.103448276,0,2726,-1,138308,0,6,0,0,0,1,0
218,12,1,1,3,1,0,0.371559633,4,6,-1,0,1,20,0,0,0,1,1
64,39,0,1,3,0,1,0.015625,3,22,5615,0,1,13,0,0,0,2,1
26,17,0,0,2,0,1,0.0,0,182,5091,350385,0,6,0,0,0,0,0
42,16,0,1,3,0,0,0.0,2,76,6006,0,1,8,0,0,1,1,1
98,11,0,0,3,0,0,0.102040816,0,0,-1,11808,1,20,0,0,0,3,0
33,26,0,1,2,0,1,0.0,0,21,7298,0,0,5,1,0,0,1,0
141,38,0,0,2,1,1,0.0709219859999999,0,7,8019,0,1,19,0,1,1,1,1
120,21,0,1,2,1,0,0.0,0,187,5738,8550,0,15,0,0,1,2,0
48,12,0,0,2,0,1,0.0,1,33,2429,9900817,1,13,0,0,0,1,1
40,9,0,1,2,0,0,0.0,2,19,5555,0,1,9,0,0,0,1,1
34,12,0,1,3,0,0,0.058823529,0,208,4788,102168,0,8,0,0,0,2,0
44,16,0,1,2,0,0,0.272727273,0,35,8701,309,0,9,0,0,1,2,0
18,10,0,1,2,0,0,0.0,0,17,5592,0,0,6,0,0,0,2,0
26,19,0,1,2,0,0,0.0,0,146,5232,784264,0,5,0,0,0,1,0
62,12,0,1,2,1,0,0.0161290319999999,3,33,-2,0,1,11,0,0,0,1,1
44,17,0,1,3,1,0,0.0,0,6,-1,0,1,10,0,0,3,1,1
33,25,0,1,2,1,0,0.0,0,24,5778,60032,0,7,0,0,0,3,0
38,30,0,0,2,0,0,0.105263158,0,24,6381,0,1,5,1,0,1,1,1
120,13,0,1,3,1,0,0.0,0,155,12124,1004,1,20,0,0,3,0,0
77,13,0,1,2,1,0,0.0,0,29,213,0,1,12,0,1,0,2,1
39,26,0,1,2,0,0,0.051282051,0,0,168,0,1,6,0,0,0,2,1
56,18,0,1,1,0,0,0.0,0,13,100,0,1,10,0,0,1,1,1
41,15,0,0,2,0,0,0.0,0,377,9094,30761,0,8,0,0,1,2,0
96,10,0,1,2,0,0,0.0,0,2,3566,0,0,12,0,0,0,2,1
81,16,0,0,1,1,0,0.098765432,0,145,3366,219637,0,16,0,0,0,2,0
41,33,1,1,2,0,0,0.341463415,0,5,3916,0,1,6,0,0,0,1,1
28,11,0,1,2,0,0,0.035714286,0,0,1186,0,1,6,0,0,0,2,1
79,47,0,0,3,0,1,0.0,0,22,5627,0,1,10,0,1,0,2,1
436,11,1,1,2,0,0,0.587155963,0,0,1163,0,1,17,0,0,0,2,1
46,19,0,1,3,1,0,0.0,0,31,1015,1196152,1,10,0,0,0,1,1
50,22,0,1,2,0,0,0.0,0,184,7586,988,0,7,0,0,1,1,0
83,13,0,0,2,0,0,0.012048193,0,23,-1,0,1,15,0,0,0,2,1
46,16,0,1,1,1,1,0.0,3,30,2130,4159076,1,9,0,0,0,1,1
44,26,0,1,3,0,0,0.113636364,1,203,1546,4669,1,7,0,0,0,2,1
155,6,1,0,2,0,0,0.632258065,0,34,3744,0,1,12,0,0,0,2,1
42,19,0,0,2,0,0,0.047619048,0,14,21,0,1,7,0,0,0,1,1
22,14,0,1,2,0,0,0.0,0,163,1077,0,1,6,0,0,0,2,1
43,17,0,1,2,0,0,0.0,0,6,-1,0,1,7,0,0,0,1,1
93,31,0,0,3,0,0,0.064516129,0,0,7448,385,1,15,1,0,0,3,0
24,17,0,1,3,0,0,0.041666667,0,0,-1,0,1,6,0,0,0,2,1
52,26,0,1,2,0,0,0.0,0,118,2346,242217,1,8,0,0,0,0,0
63,23,0,1,3,1,0,0.126984127,0,21,610,0,1,13,0,0,0,2,0
47,10,0,1,1,0,0,0.042553191,0,56,2098,0,1,9,0,1,0,2,1
36,15,0,1,3,0,0,0.0,0,0,7688,0,1,8,0,0,0,2,1
120,42,1,0,3,0,0,0.125,0,51,3993,5707171,1,18,0,1,0,2,1
55,47,1,1,3,0,1,0.254545455,0,22,5616,0,1,8,0,0,0,2,1
25,16,0,0,2,0,0,0.0,0,56,5250,2040,0,6,0,0,0,0,0
127,50,1,0,3,1,0,0.157480315,0,4,4003,5816617,1,18,0,1,1,1,1
54,14,1,1,3,0,0,0.203703704,0,12,-1,0,1,11,0,1,0,2,1
40,17,0,1,2,0,0,0.0,0,206,9185,316,0,7,0,0,1,0,0
45,12,0,0,2,0,1,0.0,0,442,9635,148,0,9,1,0,0,1,0
117,42,1,1,3,0,0,0.196581197,0,51,3993,5707171,1,18,0,1,0,2,1
47,16,0,1,3,0,0,0.0,0,91,5584,0,0,10,0,0,1,1,0
71,38,0,1,3,0,1,0.0845070419999999,0,21,5627,0,1,12,0,1,0,2,1
38,13,0,1,2,0,0,0.0,0,5,6083,0,1,7,0,0,0,1,1
21,13,0,1,2,0,0,0.0,0,310,8989,3198,0,6,0,0,1,1,0
146,29,0,0,2,0,0,0.123287671,0,7,1,0,1,27,0,0,0,1,1
126,50,1,1,3,1,0,0.182539683,0,51,3992,5697976,1,18,0,1,1,2,1
37,18,0,1,2,0,0,0.0,0,2,6258,0,1,7,0,0,1,2,1
69,19,0,1,3,0,0,0.028985507,0,0,8142,704437,0,12,0,1,0,3,0
57,26,0,1,3,0,1,0.070175439,0,21,5616,0,1,12,0,0,0,2,1
93,22,1,1,1,1,0,0.215053763,2,22,2300,0,1,12,0,0,2,2,1
29,22,0,1,2,0,0,0.0,0,133,-1,2886298,0,5,0,0,0,1,0
52,23,0,1,3,1,0,0.0,0,1,2528,7945,1,8,0,0,0,2,1
34,13,0,0,2,0,0,0.058823529,0,323,8332,64636,0,7,0,0,1,2,0
17,10,0,1,1,0,1,0.0,0,33,1175,0,0,4,0,0,0,1,0
132,29,0,0,2,1,1,0.03030303,1,26,8019,0,1,18,0,0,1,1,1
28,20,0,1,2,0,0,0.0,0,5,1509,689668,0,6,0,0,1,0,0
48,20,0,0,2,0,0,0.0,0,240,9647,10385,0,7,0,0,0,0,0
55,47,0,1,3,0,1,0.0,0,68,8181,178077,1,9,0,0,0,2,0
45,9,0,1,2,0,0,0.0,1,7,-1,8262038,0,9,0,0,0,2,1
26,6,0,0,1,0,1,0.0,0,224,-1,3523,0,5,0,0,1,2,1
32,25,0,1,2,0,0,0.0,0,12,5160,0,0,5,1,0,1,1,0
56,15,0,0,3,0,0,0.017857143,0,201,5667,421805,1,11,0,1,0,0,0
48,19,0,1,2,0,0,0.041666667,0,202,6670,6844,1,9,0,0,1,2,0
56,26,0,0,2,1,0,0.0,0,41,6890,47859,1,10,0,0,2,1,0
37,28,0,0,2,1,0,0.0,0,7,-1,0,1,7,0,0,0,1,1
50,31,0,1,2,1,0,0.0,0,118,2132,17515,0,8,0,0,1,2,0
17,8,0,0,1,0,0,0.0,0,25,7557,3203037,0,5,0,0,1,0,0
127,19,0,1,1,1,0,0.039370079,6,120,1589,0,1,18,0,0,0,1,1
34,17,0,1,3,0,0,0.0,0,305,8018,0,0,7,0,0,0,1,0
67,23,0,1,3,0,0,0.149253731,0,0,7042,17045,0,11,0,0,0,3,0
265,27,1,1,3,0,0,0.132075472,0,1,7083,17964,1,13,0,1,0,2,1
39,18,0,0,3,0,0,0.0,0,55,3588,2605178,0,7,0,0,0,1,0
33,15,0,1,3,0,0,0.0,0,231,-1,33164,1,7,0,1,0,1,0
162,9,1,1,1,0,0,0.25308642,2,3,5521,0,1,12,0,0,2,1,1
40,33,0,1,2,0,1,0.025,0,14,7295,0,1,5,1,0,1,1,1
78,26,0,1,2,0,0,0.038461538,0,39,4012,659864,0,13,0,0,1,1,0
66,22,0,1,3,0,0,0.0,0,13,847,0,1,10,0,0,1,0,0
108,18,0,1,3,0,0,0.0,0,55,5035,0,1,17,0,1,0,2,1
25,16,0,0,2,0,0,0.0,0,45,7090,354959,0,6,0,0,0,0,0
28,19,0,0,2,1,0,0.0,0,0,561,0,1,7,0,0,0,1,1
47,14,0,1,1,0,0,0.127659574,0,0,5302,0,1,10,0,0,0,2,1
33,21,0,1,1,1,0,0.0,0,30,4618,0,0,6,0,0,1,1,1
69,20,0,1,2,1,0,0.0,1,72,5,0,1,10,0,0,0,2,1
46,24,0,1,2,0,0,0.0,0,10,3153,0,1,8,0,0,0,2,1
106,30,0,0,2,1,0,0.08490566,1,40,1484,0,1,15,0,0,1,2,1
62,26,0,1,2,0,0,0.0,0,162,2344,237648,1,10,0,0,0,0,0
32,23,0,0,2,0,0,0.0,0,159,8649,307419,0,6,0,0,0,2,0
55,25,0,0,2,0,0,0.0,0,147,4429,117153,0,10,0,0,1,2,0
39,31,0,1,2,0,0,0.076923077,0,23,819,0,1,8,0,0,1,1,1
56,15,1,1,2,0,0,0.321428571,0,0,5850,0,1,7,0,0,0,2,1
52,18,0,1,1,0,0,0.038461538,0,0,3153,0,1,10,0,0,0,2,1
44,16,0,0,2,0,0,0.0,0,784,7132,12,0,8,1,0,0,1,0
130,13,1,1,3,0,0,0.107692308,0,123,12123,1004,0,20,0,0,1,0,0
22,14,0,1,2,0,0,0.0,0,597,-1,2123468,0,6,0,0,1,2,0
23,14,0,0,2,0,0,0.0,0,176,3354,5153824,0,6,0,0,0,1,0
49,7,0,1,2,0,0,0.081632653,0,0,-1,1260839,1,11,0,1,0,3,0
58,15,0,1,2,0,0,0.0,0,13,194,0,1,9,0,0,0,1,1
81,18,0,1,3,0,0,0.024691358,1,0,-1,43886,0,18,0,1,1,3,0
22,13,0,0,2,0,0,0.0,0,56,6190,499717,0,6,0,0,0,1,0
42,21,0,1,3,0,0,0.0,1,0,4566,523503,1,8,0,0,0,2,1
75,13,0,1,2,0,0,0.0,0,98,1825,900824,0,13,0,0,0,2,0
71,22,0,0,2,0,0,0.0,0,29,3482,3856,0,13,0,0,0,2,0
26,17,0,0,2,0,0,0.0,0,98,4141,477388,0,6,0,0,0,1,0
276,24,1,0,3,1,1,0.206521739,0,11,8018,0,1,31,0,0,0,1,1
57,16,0,1,3,0,0,0.0,0,47,5957,25323,0,9,0,0,1,0,0
55,21,0,1,3,0,0,0.072727273,0,7,2563,0,1,9,0,0,0,1,1
25,18,0,1,2,0,0,0.0,0,20,5160,0,0,5,1,0,1,1,0
36,15,1,1,3,0,0,0.333333333,0,35,-1,0,1,9,0,1,0,1,1
95,13,1,1,3,0,0,0.126315789,0,119,8444,7622,0,15,0,0,0,1,0
22,6,0,1,1,0,1,0.090909091,0,24,-1,3523,0,5,0,0,1,2,1
21,14,0,1,1,0,1,0.095238095,0,12,363,0,0,4,0,0,0,0,1
25,17,0,0,2,0,0,0.0,0,49,4185,3911,0,5,0,0,0,2,0
42,33,0,0,3,0,0,0.0,0,0,-1,4587375,1,7,0,0,0,2,1
34,15,0,1,2,0,0,0.0,0,103,6720,34321,0,7,0,0,1,1,0
128,50,1,0,3,1,0,0.140625,0,51,3992,5697976,1,19,0,1,0,2,1
35,12,0,1,2,0,0,0.0,0,101,6321,64759,0,7,0,0,3,0,0
35,19,0,1,2,0,0,0.0,0,0,4633,8237707,1,7,0,0,1,2,1
24,15,0,0,3,0,0,0.0,0,79,-1,1603,0,7,0,0,0,2,0
25,17,0,1,2,0,0,0.0,0,20,-1,1923382,0,6,0,0,1,1,0
36,20,0,1,2,0,1,0.0,0,0,4933,0,1,7,0,0,0,2,1
46,19,0,1,2,0,0,0.0,0,60,3297,0,1,8,0,0,0,2,1
24,15,0,0,2,0,0,0.0,0,373,-1,48168,0,6,0,0,0,0,0
46,20,0,1,3,0,0,0.0,0,93,7458,73208,0,8,0,0,1,0,0
78,22,0,1,3,1,0,0.192307692,0,0,12029,19621,1,16,0,0,1,3,0
100,19,0,0,3,1,0,0.06,0,23,4299,17843,0,17,0,0,0,2,0
29,21,0,1,3,0,0,0.0,0,56,-1,481871,0,7,0,0,0,1,0
64,14,0,0,2,1,0,0.0,0,134,-1,13622,0,10,0,1,0,1,0
34,12,0,1,2,0,1,0.0,0,140,8619,903,1,8,0,0,2,1,0
65,7,0,0,3,0,0,0.046153846,0,2,1079,710503,0,15,0,0,0,2,1
94,28,1,1,3,1,0,0.234042553,0,31,1016,1211946,1,11,0,0,0,1,1
30,14,0,1,3,0,0,0.033333333,0,0,812,0,1,7,0,0,2,3,1
48,15,0,1,2,0,0,0.0,0,84,9285,1132,0,9,0,1,1,2,0
56,15,0,1,2,0,0,0.0,0,0,3310,0,1,11,0,0,0,2,1
74,18,0,1,2,0,0,0.121621622,0,8,3380,0,0,16,0,0,1,1,0
72,9,1,1,1,0,0,0.291666667,0,22,7681,166058,0,7,0,0,2,2,1
30,10,0,1,1,0,0,0.0,0,16,2959,0,0,6,0,0,2,1,0
124,50,1,1,3,1,0,0.1693548389999999,0,51,3993,5707171,1,18,0,1,1,2,1
26,18,0,1,2,0,0,0.0,0,84,4622,1199841,0,6,0,0,0,0,0
83,10,1,1,2,0,0,0.096385542,0,268,-1,718,0,17,0,1,1,1,0
130,34,0,1,3,1,0,0.0,0,43,-1,1170353,0,17,0,0,1,2,0
32,11,0,0,1,0,1,0.0,0,5,6753,2305,1,6,0,0,1,1,1
25,16,0,0,3,0,0,0.0,0,27,-1,0,0,7,0,0,0,1,0
32,13,0,0,2,0,0,0.03125,0,44,8638,17601,0,8,0,0,0,1,0
51,16,0,0,1,1,0,0.0,2,20,1709,1940758,1,9,0,0,1,1,1
30,22,0,1,2,1,1,0.0,0,0,72,0,1,7,0,0,0,2,1
26,13,1,1,3,0,0,0.384615385,0,29,-1,0,1,7,0,1,2,1,1
58,26,0,1,3,0,0,0.0,0,132,7523,10631,0,8,0,0,0,1,0
46,16,0,1,2,0,0,0.0,0,17,0,0,1,7,0,0,0,2,1
22,14,0,1,2,1,0,0.045454545,0,1,6737,85914,1,7,0,1,0,2,1
48,20,0,1,2,1,1,0.0,0,58,4826,203194,1,8,0,0,1,1,0
52,20,0,0,3,1,0,0.0,0,86,-1,0,1,12,0,0,1,1,1
51,20,0,0,2,0,0,0.0,0,42,4487,0,1,9,0,0,0,2,1
45,23,0,1,2,0,0,0.0,1,5,3473,0,1,9,0,0,1,1,1
46,20,0,1,3,0,0,0.108695652,0,143,6678,78526,0,9,0,0,0,2,1
38,26,0,1,2,0,0,0.0,0,0,4460,0,1,7,0,0,0,2,1
61,11,0,0,2,0,0,0.0,0,70,8032,79696,1,12,0,0,1,0,0
59,21,0,1,2,1,0,0.0,3,0,-1,0,1,11,0,1,1,2,1
32,23,0,1,2,0,0,0.0,0,47,5363,6972622,0,7,0,0,0,0,0
53,13,1,1,2,0,0,0.490566038,0,0,-1,319428,1,6,0,0,1,2,1
45,16,0,0,2,0,0,0.0,0,164,8515,8,0,6,1,0,0,0,0
34,20,0,1,2,0,0,0.029411765,0,90,-1,0,1,6,0,0,2,1,1
34,21,0,1,3,0,0,0.176470588,1,11,256,0,0,7,0,0,0,2,1
36,24,0,0,3,0,0,0.0,0,29,4203,0,1,9,0,0,1,2,1
67,22,0,1,3,0,1,0.0,0,126,5044,380,0,10,0,0,0,1,0
41,23,0,0,2,0,0,0.024390244,0,116,6606,908,1,7,0,0,1,0,1
41,25,0,1,2,0,0,0.0,0,0,1630,0,0,6,0,0,1,2,1
80,32,0,0,3,1,0,0.0,0,199,5228,873645,0,11,0,0,0,1,0
38,16,0,1,2,1,0,0.078947368,2,56,-1,0,1,8,0,0,1,1,1
403,12,1,1,3,1,0,0.406947891,0,503,798,0,1,111,1,1,4,2,1
29,20,0,0,2,0,1,0.0,0,23,7297,0,1,6,1,0,0,1,1
59,11,0,0,2,0,0,0.033898305,0,1,3420,2686266,1,11,0,0,0,1,1
102,13,0,0,1,0,0,0.058823529,0,339,3647,2175,0,17,0,1,0,2,0
73,40,0,1,3,0,1,0.0,0,22,5627,0,1,12,0,1,0,2,1
44,36,0,1,3,0,1,0.0,0,0,295,0,1,9,1,0,1,2,1
43,21,0,1,2,0,0,0.0,0,59,4159,7081864,1,8,0,0,2,1,1
127,50,1,1,3,1,0,0.181102362,0,51,3992,5707171,1,19,0,1,0,2,1
24,15,0,0,2,0,0,0.125,0,56,2424,58739,0,6,0,0,0,1,0
26,17,0,0,2,0,0,0.0,0,157,-1,1229192,0,6,0,0,0,2,0
30,22,0,1,2,0,0,0.0,0,53,3691,8098260,0,6,0,0,1,1,0
72,20,0,0,2,0,0,0.013888889,0,125,7047,838996,0,13,0,0,1,2,0
31,23,0,1,2,0,0,0.0,0,9,1124,0,0,6,0,0,1,0,0
52,16,0,0,2,0,0,0.0,0,635,7132,12,0,9,1,0,0,1,0
64,17,0,0,2,1,0,0.0,1,30,-1,0,1,11,0,1,0,3,1
18,11,0,1,2,0,0,0.0,0,34,-1,0,0,5,0,0,1,1,0
36,29,0,1,2,0,1,0.027777778,0,14,7295,0,1,5,1,0,1,1,1
36,15,0,1,3,0,0,0.0,0,60,8741,373319,0,8,0,0,1,2,0
536,24,0,1,2,0,0,0.171641791,1,21,986,0,0,22,0,0,0,2,1
59,13,0,1,3,0,0,0.06779661,0,20,8983,7655750,1,13,0,0,1,1,0
57,18,0,1,2,0,0,0.0,0,284,6070,14420,0,10,0,0,1,1,0
51,23,0,1,3,0,0,0.0,0,320,6858,660,0,9,0,0,1,2,0
49,10,0,1,3,0,0,0.0,2,87,5656,0,1,9,0,1,0,2,1
45,24,0,0,3,0,0,0.0,0,1,885,0,1,9,0,0,1,1,1
46,18,0,1,3,0,0,0.0,0,76,8053,1456,0,8,0,0,1,0,0
25,16,0,0,2,0,0,0.0,0,86,5352,256890,0,6,0,0,0,0,0
58,18,0,1,2,0,0,0.0,0,94,4486,2873,1,10,0,0,2,1,0
53,21,0,1,2,0,0,0.075471698,0,0,5972,0,1,9,0,0,1,1,1
36,12,1,1,2,0,0,0.194444444,0,529,8964,70,0,8,1,0,1,0,0
119,12,0,1,2,0,0,0.0,0,26,9286,153840,0,20,0,0,1,0,0
81,21,0,1,3,0,0,0.12345679,1,0,12426,1823,0,18,0,0,0,3,0
62,14,0,1,2,1,0,0.0,4,10,3228,0,1,12,0,0,1,1,1
44,20,0,1,2,0,0,0.0,0,86,7490,266007,0,7,0,0,1,2,0
132,30,1,0,3,1,1,0.181818182,0,15,5670,5824,1,22,0,1,0,1,1
53,21,0,1,2,0,0,0.056603774,0,0,5972,0,1,9,0,0,1,1,1
101,28,0,1,3,0,0,0.118811881,0,0,1972,0,1,20,0,1,0,1,1
35,16,0,0,2,0,1,0.0,0,50,3890,173,1,7,1,0,1,0,0
42,22,0,1,3,0,0,0.0,1,0,-1,9526947,1,8,0,0,0,1,1
25,16,0,0,2,0,0,0.0,0,237,8370,520663,0,6,0,0,0,1,0
38,14,0,0,2,0,0,0.0,0,148,6991,4524,0,8,0,0,0,0,0
61,20,0,0,3,1,0,0.016393443,0,153,6735,512410,0,15,0,1,1,2,1
42,8,0,1,2,0,0,0.0,0,150,-1,2488533,1,8,0,0,0,0,1
27,18,0,0,2,0,0,0.0,0,1341,7087,2443586,0,6,0,0,0,1,0
45,14,0,1,2,1,0,0.111111111,0,211,-1,340,1,9,0,0,1,1,0
27,8,0,0,1,0,0,0.111111111,0,269,-1,21319,1,6,0,0,0,2,1
128,50,1,0,3,1,0,0.109375,0,51,3993,5707171,1,19,0,1,0,2,1
44,14,0,0,2,0,0,0.113636364,0,0,1953,4365,1,7,0,0,0,2,1
77,23,1,1,1,0,0,0.285714286,0,30,5767,0,1,7,0,0,1,1,1
53,28,0,1,2,1,0,0.0,0,127,4019,2272175,1,9,0,0,1,2,0
61,28,0,0,1,0,0,0.0,0,2,219,0,1,7,0,0,1,2,1
48,12,0,1,1,0,0,0.0,1,3,-1,0,1,9,0,0,0,1,1
36,17,0,0,2,0,0,0.0,0,62,5891,35,0,7,1,0,0,0,0
57,16,0,0,2,0,0,0.01754386,2,1,8348,1,0,10,1,0,1,0,1
41,16,0,1,3,1,0,0.0,0,0,25,0,1,10,0,0,1,2,1
44,21,0,1,2,0,0,0.0,0,75,7667,14275,0,7,0,0,1,2,0
55,9,0,1,3,0,0,0.0,0,24,2350,0,1,15,0,0,1,0,1
23,15,0,1,2,0,1,0.0,0,7,7497,648147,0,6,0,0,0,1,1
127,50,1,0,3,1,0,0.078740157,0,51,3992,5697976,1,18,0,1,1,2,1
38,25,0,0,2,0,0,0.078947368,0,16,5160,0,0,9,1,0,0,1,0
63,55,0,1,3,0,0,0.063492063,0,0,8415,0,0,11,1,0,0,2,1
72,14,0,0,3,0,0,0.055555556,0,5,5159,115,1,15,1,1,0,0,0
135,50,1,1,3,1,0,0.148148148,0,4,4003,5816617,1,21,0,1,1,1,1
32,17,0,1,3,0,0,0.0,0,30,-1,0,1,8,0,0,0,1,1
50,14,1,1,3,1,0,0.22,4,4,-1,0,1,11,0,1,2,1,1
83,23,1,1,3,1,0,0.096385542,0,0,3381,0,1,14,0,1,0,1,1
99,15,0,0,2,0,0,0.090909091,1,27,8348,1,1,10,1,0,0,2,1
64,11,1,0,2,1,0,0.125,2,18,2428,10149,1,12,0,0,0,2,1
28,20,0,1,2,0,0,0.0,0,88,4633,3147040,0,6,0,0,0,1,0
56,18,0,0,2,0,0,0.0,0,446,10604,7137,1,9,0,0,1,1,0
37,28,0,0,2,0,1,0.054054054,0,14,7295,0,1,6,1,0,0,1,1
36,20,0,1,1,0,0,0.0,1,10,-1,0,1,5,0,0,2,1,1
41,16,0,0,2,0,0,0.0,0,563,7132,12,0,8,1,0,0,2,0
55,12,0,0,3,0,0,0.0,0,27,6584,17178,0,10,0,0,0,2,0
45,18,0,1,2,0,0,0.0,0,99,9205,692,0,8,0,0,1,0,0
83,27,0,0,2,1,0,0.0,0,1,5966,7295654,0,14,0,0,0,2,0
107,19,0,0,2,0,0,0.0,0,263,5967,155736,0,16,0,0,0,0,0
139,36,0,0,2,1,1,0.086330935,1,7,8018,0,1,18,0,1,1,1,1
67,20,0,1,2,0,0,0.164179104,0,66,5441,1241,0,14,0,0,1,2,0
24,16,0,1,3,0,0,0.0,0,287,5167,1374951,0,7,0,0,0,1,0
30,16,0,0,1,0,0,0.066666667,0,0,116,692389,1,8,0,0,0,2,1
29,6,0,0,1,0,0,0.0,0,49,-1,22145,1,5,0,0,0,1,0
34,16,0,1,2,0,0,0.029411765,0,1,-1,9412550,1,9,0,0,0,1,1
124,46,1,0,3,0,0,0.25,0,4,4003,5816617,1,19,0,1,1,1,1
42,17,0,0,2,0,0,0.0,0,106,6430,618,0,7,0,0,0,1,0
30,22,0,1,2,1,0,0.0,1,10,1756,0,1,7,0,0,0,2,1
56,31,0,1,2,1,0,0.0,0,41,2128,17377,1,9,0,1,1,2,0
30,21,0,0,2,0,0,0.0,0,55,7448,3033274,0,6,1,0,0,2,0
53,22,0,0,3,1,0,0.0,0,53,5011,33165,1,10,0,0,1,2,0
32,23,0,0,2,0,0,0.0,0,198,2037,539947,0,6,0,0,0,2,0
41,17,0,1,3,0,0,0.0,0,207,8148,12761,0,9,0,0,1,0,0
54,20,0,1,3,0,0,0.0,0,9,6384,51565,0,10,0,0,0,1,0
127,50,1,1,3,1,0,0.157480315,0,51,3993,5707171,1,19,0,1,0,2,1
60,22,0,1,3,0,0,0.0,0,60,3543,19349,0,13,0,0,1,1,0
258,13,1,1,3,0,0,0.143410853,0,9,31,0,1,13,0,1,0,1,1
59,23,0,1,3,0,0,0.0,0,481,11046,13977,0,10,0,0,1,2,0
53,23,0,0,2,1,0,0.0,0,266,7834,600,0,8,0,0,0,0,0
69,26,0,1,2,0,0,0.043478261,0,63,2345,237648,1,11,0,0,1,0,0
32,9,0,0,2,0,0,0.28125,0,38,7881,1897,0,7,0,0,0,1,0
69,27,1,0,2,0,0,0.376811594,0,88,152,5008870,1,7,0,0,0,1,1
81,30,0,0,3,0,0,0.074074074,0,0,7446,383,0,14,1,0,0,3,0
77,23,1,1,1,0,0,0.25974026,0,30,5767,0,1,7,0,0,1,1,1
27,18,0,0,3,0,1,0.0,0,0,-1,1505026,0,7,0,0,0,1,0
197,16,1,1,2,0,0,0.365482234,2,0,539,0,0,15,0,0,0,2,1
39,16,0,1,1,0,0,0.0,0,178,4665,36112,0,6,0,0,1,0,0
87,17,0,0,2,1,0,0.0,0,50,8113,24505,1,13,0,0,0,0,0
68,18,0,0,3,0,0,0.0,0,128,6335,7138741,1,11,0,0,0,2,1
25,17,0,1,2,0,0,0.0,0,90,-1,163647,0,6,0,0,1,0,0
22,14,0,1,2,1,0,0.0,0,10,61,0,1,7,0,0,0,1,1
47,17,0,1,1,1,0,0.021276596,0,18,203,2351744,0,6,0,0,1,3,1
31,14,0,0,1,0,0,0.0,0,86,7026,150495,0,5,0,0,0,1,0
128,50,1,0,3,1,0,0.203125,0,51,3993,5707171,1,19,0,1,0,2,1
51,17,0,1,2,0,0,0.0,2,31,5902,0,1,8,0,0,1,1,1
81,27,1,1,2,0,0,0.259259259,0,30,5766,0,1,8,0,0,1,1,1
49,31,0,1,2,0,0,0.0,0,0,-1,0,1,7,0,0,0,2,1
73,18,0,0,3,0,0,0.109589041,0,232,7463,62845,0,13,0,0,0,2,0
26,10,0,0,1,0,0,0.038461538,0,4,2139,309382,1,5,0,0,1,1,1
46,17,0,1,3,0,0,0.02173913,0,0,98,0,1,8,0,0,0,2,1
47,13,0,1,3,0,0,0.0,1,0,1534,0,1,11,0,0,0,2,1
47,20,0,1,2,0,0,0.0,0,186,6074,14203,1,8,0,0,2,1,0
48,16,0,1,2,0,0,0.0,0,55,2391,1652,0,9,0,0,0,0,0
69,16,0,0,3,0,0,0.043478261,0,13,567,0,1,12,0,0,0,2,1
71,16,0,1,2,0,0,0.0,0,203,7840,3993,0,12,0,0,1,0,0
117,13,0,1,3,0,0,0.017094017,3,5,-1,0,1,30,0,0,0,1,1
23,15,0,1,3,0,0,0.0,0,144,7544,100921,0,7,0,0,1,2,0
156,11,1,1,3,0,0,0.141025641,1,1,5964,0,1,19,0,0,0,2,1
27,18,0,0,2,0,0,0.0,0,118,6965,122258,0,6,0,0,0,1,0
23,14,0,0,2,0,0,0.0,0,32,6107,223639,0,6,0,0,1,1,0
114,17,0,0,2,1,0,0.043859649,4,27,3065,0,1,18,0,0,1,2,1
52,22,0,1,2,0,0,0.057692308,0,1,3639,0,1,7,0,0,1,2,1
36,15,0,1,3,0,0,0.0,0,46,6779,0,0,7,0,0,0,2,0
50,13,0,1,3,0,0,0.02,0,84,4979,315959,1,9,0,0,0,3,1
85,27,0,0,2,0,0,0.0,0,0,3973,6348092,1,12,0,0,0,2,0
53,17,0,0,2,1,0,0.037735849,2,0,1252,0,1,11,0,0,1,2,1
45,12,0,1,3,1,0,0.022222222,2,3,2418,0,1,10,0,0,1,2,1
41,16,1,1,3,0,0,0.1707317069999999,0,70,5696,321,1,8,1,0,2,0,0
32,24,0,0,3,0,0,0.0,0,68,-1,1162166,0,6,0,0,0,0,1
43,18,0,0,1,0,0,0.046511628,0,12,330,0,1,8,0,0,1,2,1
51,15,0,1,2,0,0,0.0,0,66,8829,2635,0,11,0,1,1,1,0
44,14,1,1,3,1,0,0.25,1,4,-1,0,1,11,0,1,2,1,1
79,17,0,1,3,1,0,0.0,3,54,2385,0,1,14,0,0,0,2,1
124,15,1,0,2,0,0,0.193548387,1,27,8346,1,1,14,1,0,0,2,1
27,18,0,0,2,1,0,0.0,0,30,7662,666857,0,7,0,0,0,2,0
31,13,0,1,1,0,0,0.0,1,133,1899,507771,1,6,0,0,1,1,1
20,7,0,0,1,0,0,0.05,0,7,3359,113222,1,5,0,0,0,2,1
67,17,0,0,3,0,0,0.044776119,0,19,8350,1,0,12,1,1,0,1,0
96,19,0,1,3,0,0,0.0625,0,34,5222,5322,0,16,0,0,1,2,0
64,28,1,1,2,0,0,0.109375,0,50,4471,265,1,10,0,0,0,2,1
37,25,0,0,2,0,0,0.216216216,0,8,1338,22211,1,6,0,1,0,0,1
35,27,0,1,2,0,0,0.0,0,303,4525,3115507,0,6,0,0,0,2,0
246,68,1,1,3,0,0,0.203252033,0,0,-1,0,1,26,1,1,0,2,1
33,16,0,1,2,0,0,0.0,0,1,3544,0,1,6,0,0,0,2,1
22,15,0,1,2,0,0,0.0,0,168,-1,0,0,5,0,0,0,2,0
62,27,0,1,2,0,0,0.0161290319999999,2,25,3104,0,1,10,0,0,0,2,0
25,18,0,1,2,0,0,0.0,0,129,5776,197005,0,5,0,0,1,1,0
26,18,0,1,2,0,0,0.0,0,83,2312,3457080,0,6,0,0,0,2,0
230,23,1,1,3,1,0,0.4,5,15,-1,0,1,20,0,0,1,1,1
71,14,0,1,2,0,0,0.0,0,43,8443,116298,1,14,0,0,2,0,0
45,14,0,1,2,0,0,0.0,0,104,4915,19217,0,9,0,0,1,1,0
31,22,0,0,2,0,0,0.032258065,0,81,5232,0,1,6,0,0,0,1,0
43,20,0,1,2,0,0,0.0,0,67,8246,297223,0,7,0,0,1,0,0
21,12,0,0,2,0,0,0.0,0,31,-1,1014,0,6,0,0,0,1,0
27,6,0,0,1,0,0,0.0,0,92,-1,24,0,5,0,0,1,1,0
82,14,1,1,1,0,0,0.109756098,0,174,5797,1518,0,14,0,0,1,1,0
229,17,1,1,3,0,0,0.213973799,0,82,4329,0,1,40,0,1,0,0,1
30,17,0,1,1,1,0,0.0,0,83,1190,0,0,6,0,0,0,0,1
126,50,1,1,3,1,0,0.150793651,0,51,3992,5697976,1,18,0,1,1,2,1
43,20,0,1,2,0,0,0.0,0,96,5212,0,1,7,0,0,1,2,1
22,13,0,0,2,0,0,0.0,0,15,8287,4617715,0,6,0,0,0,0,0
64,16,0,1,3,1,0,0.0,3,1,7264,5313337,1,11,0,0,0,2,1
45,16,0,0,3,0,0,0.0,0,0,12048,83194,0,10,0,0,0,3,0
31,22,0,0,2,1,0,0.0,0,25,-1,0,0,7,0,0,0,2,0
107,19,1,1,2,1,0,0.196261682,3,88,2047,0,1,14,0,0,0,1,1
113,21,0,1,3,1,0,0.0,4,6,4609,0,1,19,0,0,0,1,1
36,18,0,1,2,0,0,0.0,0,120,9203,688,0,7,0,0,1,0,0
34,27,0,1,3,0,0,0.235294118,0,1,2202,670876,1,7,0,0,0,1,1
24,15,0,0,2,0,0,0.0,0,50,3537,0,0,6,0,0,0,0,0
49,22,0,0,2,0,0,0.0,0,587,7740,779,0,10,0,0,1,3,0
23,14,0,0,2,0,0,0.0,0,1040,3028,1104748,0,6,0,0,0,1,0
73,18,0,0,2,0,1,0.0,0,74,5538,10773,1,14,0,0,0,0,0
76,22,0,1,3,1,1,0.092105263,0,25,5670,881,1,12,0,1,0,2,1
24,16,0,1,3,0,0,0.0,0,94,-1,3974511,0,7,0,0,1,1,0
25,16,0,0,2,0,0,0.0,0,265,-1,55513,0,6,0,0,0,0,0
26,16,0,1,1,0,0,0.0,0,25,2916,0,1,5,0,0,1,1,1
40,20,0,0,3,0,0,0.025,0,8,1338,22211,1,7,0,0,0,0,1
104,28,1,1,3,1,0,0.201923077,0,31,1016,1211946,1,12,0,0,0,1,1
38,11,0,1,2,0,0,0.026315789,1,0,2116,0,1,8,0,0,0,2,1
43,36,0,1,3,0,0,0.0,0,23,4202,0,1,7,0,0,1,2,1
30,23,0,1,3,0,0,0.0,0,12,7253,943419,1,6,0,0,0,1,1
30,21,0,0,2,0,0,0.0,0,144,3540,2739659,0,6,0,0,0,1,0
43,17,0,0,2,0,0,0.0,0,11,-1,2404290,1,7,0,0,1,2,1
46,21,0,1,2,1,0,0.086956522,3,0,-1,0,1,9,0,0,1,1,1
26,17,0,0,2,0,0,0.0,0,83,1658,3124494,0,6,0,0,0,1,0
44,20,0,0,2,0,0,0.0,0,144,591,0,1,7,0,0,1,2,1
44,15,0,1,2,1,0,0.0,0,54,6207,36636,0,10,0,0,0,1,0
44,16,0,1,3,0,1,0.0681818179999999,0,0,9464,137173,0,9,0,0,0,3,0
79,31,0,1,3,0,0,0.025316456,1,0,-1,1266011,1,11,0,0,1,3,0
160,14,1,1,3,0,0,0.29375,1,17,-1,0,1,18,0,1,0,2,1
39,18,0,1,1,0,0,0.0,0,0,4473,0,1,7,0,0,0,2,1
36,28,0,0,2,0,0,0.0,0,0,110,0,0,6,0,0,0,2,1
37,13,0,1,1,0,0,0.0,0,0,4778,0,1,8,0,0,0,2,1
29,21,0,0,2,0,0,0.0,0,92,-1,83775,0,5,0,0,0,1,0
50,15,0,1,3,0,0,0.0,0,261,7371,1303460,1,9,0,0,2,2,0
36,14,0,0,2,1,0,0.0,0,11,-1,47552,1,8,0,0,0,1,1
42,17,0,0,2,0,0,0.0,0,163,6433,625,0,7,0,0,0,1,0
102,19,0,1,3,1,0,0.0,3,21,8756,0,1,18,0,0,0,1,1
43,12,0,1,3,0,0,0.255813953,0,200,9125,14418,0,10,0,0,1,2,0
38,17,0,0,2,0,0,0.026315789,0,94,6318,33179,0,6,0,0,0,1,0
123,46,1,0,3,0,0,0.105691057,0,51,3993,5707171,1,18,0,1,1,2,1
30,21,0,0,2,0,0,0.0,0,63,2661,0,0,6,0,0,0,1,0
70,41,0,0,3,0,1,0.042857143,1,22,5616,5518403,1,11,0,0,0,2,1
34,19,0,1,2,0,0,0.0,0,147,5563,0,0,7,0,0,2,0,0
30,21,0,0,2,1,0,0.0,0,73,-1,498528,0,7,0,0,0,1,0
50,25,0,1,3,1,0,0.08,3,0,-1,0,1,10,0,0,1,1,1
56,21,0,1,2,0,1,0.0,0,70,7619,2205,0,8,0,0,1,1,0
52,24,0,1,1,1,0,0.0,0,32,2768,309734,0,7,0,0,1,1,0
62,28,0,1,3,1,0,0.0,1,0,372,0,1,10,0,0,0,2,1
85,30,0,1,2,0,0,0.0,0,90,-1,252047,0,12,0,0,1,1,0
22,13,0,0,2,0,0,0.0,0,71,1482,7412149,0,6,0,0,0,0,0
39,13,0,0,3,0,0,0.0,0,77,-1,541220,0,7,0,1,0,1,0
40,33,0,1,2,0,0,0.025,0,215,5808,0,0,9,0,0,0,2,0
120,31,0,1,3,1,0,0.041666667,1,27,1149,0,1,17,0,0,0,2,1
132,16,1,0,3,0,0,0.037878788,0,9,7765,32,0,10,0,0,0,1,1
43,22,0,0,3,0,0,0.0,0,289,5224,1988404,0,7,0,0,0,2,0
60,13,0,1,2,1,0,0.0,3,192,2345,0,1,12,0,0,1,2,1
24,17,0,1,2,0,0,0.0,0,72,2235,5965203,0,6,0,0,0,0,0
30,21,0,0,2,0,1,0.0,0,64,7297,124241,0,6,1,0,0,2,0
126,50,1,0,3,1,0,0.111111111,0,51,3992,5697976,1,19,0,1,0,2,1
62,17,0,1,3,1,0,0.0,3,0,2640,0,1,11,0,0,0,2,1
31,22,0,0,2,0,0,0.0,0,126,5115,2590,0,6,0,0,0,2,0
129,6,1,0,3,0,0,0.124031008,0,22,-1,24,0,22,0,1,0,1,1
38,17,0,1,2,0,0,0.0,0,137,-1,492629,0,8,0,0,1,2,0
21,12,0,0,1,1,0,0.0,0,184,8,0,1,6,0,0,0,2,1
58,22,0,1,2,0,0,0.0,0,34,6929,437567,0,9,0,0,1,2,0
53,22,0,1,3,1,0,0.018867925,1,0,107,0,1,10,0,0,0,2,1
50,14,0,1,2,0,0,0.2,0,0,327,0,1,9,0,0,0,2,1
54,26,0,1,3,0,1,0.074074074,0,21,5614,0,1,12,0,0,0,2,1
72,15,0,1,2,0,0,0.0,0,164,5886,184,0,12,0,0,1,1,0
68,15,0,0,3,0,0,0.279411765,0,55,11555,609,1,13,1,0,0,1,0
75,14,1,1,2,0,0,0.173333333,0,0,4375,0,1,8,0,0,1,2,1
137,10,1,1,3,0,0,0.3430656929999999,1,31,-1,0,1,17,0,1,0,2,1
44,26,0,1,2,1,0,0.0,0,2,2346,242498,1,8,0,0,0,1,0
52,16,1,0,2,0,0,0.211538462,0,48,12210,50,1,11,1,0,1,2,0
41,33,0,1,2,0,0,0.0,1,7,2148,0,1,9,0,1,0,1,1
22,14,0,1,2,0,0,0.0,0,54,7892,258020,0,6,0,0,0,1,0
63,17,0,1,3,0,0,0.079365079,0,4,7693,55106,1,10,0,1,2,0,0
46,22,0,1,3,0,0,0.0,0,0,5670,881,1,8,0,0,0,1,1
40,14,0,1,3,0,0,0.0,0,0,12321,8940,0,10,0,0,0,3,0
47,16,0,0,2,0,0,0.0,2,1,8346,1,1,8,1,0,2,0,1
31,23,0,1,2,1,1,0.064516129,0,43,7634,54115,0,7,0,0,0,1,1
32,13,1,1,3,0,0,0.3125,0,53,-1,0,0,8,0,1,0,1,1
30,22,0,1,2,1,1,0.0,0,701,7297,0,0,7,1,0,0,2,0
57,16,1,1,2,0,0,0.175438596,0,30,9547,7050,0,10,0,0,0,0,0
74,26,0,1,2,0,0,0.0,0,48,3011,364640,0,10,0,0,1,2,0
118,42,1,1,3,0,0,0.203389831,0,51,3992,5697976,1,17,0,1,1,2,1
42,17,0,0,3,0,1,0.0,0,36,5527,10984,1,8,0,0,1,1,0
45,17,0,0,2,0,0,0.0,0,43,6639,150593,0,8,0,0,0,0,0
25,16,0,0,2,0,1,0.0,0,67,8732,612537,0,6,0,0,0,0,0
52,18,0,0,2,0,1,0.0,0,298,4322,14613,1,9,0,0,1,1,0
126,50,1,1,3,1,0,0.222222222,0,51,3993,5707171,1,18,0,1,1,2,1
62,17,0,1,2,0,0,0.0161290319999999,0,101,5132,1310,0,13,0,0,1,1,0
45,19,0,1,2,0,0,0.0,0,207,6673,6957,0,7,0,0,1,2,0
27,18,0,0,2,1,0,0.0,0,1289,-1,0,0,7,0,0,0,1,0
78,16,0,1,3,0,0,0.012820513,0,5,6380,2827897,1,13,0,0,0,1,0
92,58,0,1,3,0,0,0.076086957,3,103,7287,262092,1,15,0,0,1,2,1
72,40,0,0,3,0,1,0.083333333,1,22,5616,0,1,14,0,0,0,2,1
120,15,1,1,2,1,0,0.15,4,88,2047,0,1,14,0,0,0,1,1
52,24,0,1,2,1,0,0.076923077,2,10,687,0,0,9,0,0,1,1,1
33,24,0,0,2,0,0,0.0,0,101,5232,234431,0,6,0,0,0,2,0
80,25,0,1,3,0,0,0.075,0,78,4646,2792,0,11,0,0,1,1,0
95,22,0,1,1,1,0,0.0,3,5,835,0,1,13,0,0,1,1,1
48,20,0,0,3,0,0,0.125,0,55,8048,2615,0,8,0,0,0,2,0
183,12,0,1,3,1,0,0.0,5,3,457,0,1,29,0,0,0,1,1
25,16,0,0,1,0,0,0.0,0,165,5554,926922,0,5,0,0,0,1,0
38,29,0,0,2,1,0,0.078947368,0,3,190,0,1,7,0,0,0,1,1
47,16,0,1,3,0,0,0.063829787,0,186,6022,0,1,10,0,0,2,2,0
34,21,0,0,2,1,1,0.029411765,0,14,7295,0,1,9,1,0,0,1,1
41,33,0,1,2,0,0,0.097560976,0,23,804,0,1,8,0,0,1,1,1
122,68,0,1,3,0,0,0.295081967,0,4,1834,0,1,27,0,1,1,1,1
32,20,0,1,2,0,0,0.0,0,0,5755,0,1,7,0,0,0,2,1
27,14,0,0,2,0,0,0.0,0,64,6689,186837,1,6,0,0,1,0,0
51,15,0,1,2,0,0,0.117647059,0,166,9363,2926,0,10,0,0,1,2,0
31,23,0,1,2,0,1,0.0,0,36,7621,56198,1,6,0,0,0,1,1
92,15,0,1,3,0,0,0.02173913,0,6,8919,314941,1,16,0,0,0,1,1
53,24,0,1,3,0,0,0.037735849,0,85,6984,41235,0,9,0,0,1,2,0
98,16,1,0,2,0,0,0.071428571,1,1,8346,1,0,14,1,0,1,1,1
33,13,0,1,2,0,0,0.0,0,13,7058,128954,0,8,0,0,1,1,0
53,16,0,0,3,0,0,0.037735849,0,0,7783,446449,0,10,0,0,1,0,1
49,15,0,1,2,0,0,0.0,0,273,-1,20272,0,8,0,0,0,1,0
112,48,1,0,2,0,0,0.142857143,2,45,253,0,1,16,0,0,0,1,1
50,13,0,1,1,0,0,0.06,1,1,4411,0,1,9,0,0,1,1,1
62,55,0,1,3,0,0,0.032258065,0,30,645,0,0,6,0,0,0,2,1
45,13,0,1,2,0,0,0.0,0,3,255,0,1,9,0,0,0,1,0
61,22,0,1,3,0,0,0.0,0,9,1358,2590708,0,11,0,0,1,1,0
95,18,0,0,3,0,1,0.073684211,0,38,179,0,0,13,0,1,0,1,1
52,18,0,1,2,0,0,0.0,1,107,1528,3830391,1,8,0,0,1,2,1
267,25,0,1,3,0,0,0.123595506,0,1,7083,17964,1,14,0,1,0,2,1
83,19,0,0,3,0,0,0.0,0,0,-1,626419,1,11,0,0,0,1,1
40,32,0,1,2,1,0,0.0,2,22,539,2368593,1,7,0,0,0,2,1
36,18,0,1,2,0,0,0.0,0,104,9200,685,0,7,0,0,1,0,0
46,21,0,1,2,0,0,0.0,0,0,195,0,1,9,0,0,0,2,1
29,20,0,0,2,0,0,0.0,0,89,5169,61692,0,6,0,0,0,2,0
30,21,0,0,2,1,0,0.0,0,45,-1,0,0,7,0,0,0,1,0
29,20,0,0,2,0,0,0.0,0,403,3846,1136540,0,6,0,0,0,2,0
20,13,0,1,2,0,0,0.0,0,154,-1,0,0,5,0,0,0,2,0
45,24,0,1,2,0,0,0.0,0,33,7422,206151,0,7,0,0,0,1,0
56,11,0,0,2,1,0,0.0,3,24,457,0,1,11,0,0,0,2,1
26,17,0,0,2,0,0,0.0,0,19,-1,0,0,6,0,0,0,1,0
32,23,0,0,2,1,0,0.09375,2,7,4490,0,0,7,0,0,0,1,1
29,13,0,1,2,0,0,0.0,0,46,6278,1173100,1,7,0,0,2,0,0
35,27,0,0,2,0,0,0.114285714,0,24,6381,0,1,5,1,0,1,1,1
30,21,0,0,3,0,1,0.0,0,157,-1,400665,0,7,0,0,0,2,0
50,16,0,0,2,0,0,0.0,0,597,7134,0,0,8,1,0,0,1,0
79,13,0,1,3,0,1,0.0,0,2,-1,0,1,11,0,0,1,1,1
139,17,1,0,2,0,0,0.273381295,0,0,9338,21,0,24,0,0,0,1,1
42,34,0,1,2,0,0,0.071428571,0,160,1546,4669,1,6,0,0,0,2,1
26,19,0,1,2,0,0,0.038461538,0,0,137,0,1,6,0,0,0,2,1
72,23,0,0,2,0,0,0.0,0,92,8489,46313,0,11,0,0,0,0,0
137,19,0,1,3,1,0,0.02189781,6,13,-1,0,1,27,0,0,0,2,1
26,10,0,0,1,0,0,0.038461538,0,8,2139,309382,1,5,0,0,1,0,1
27,19,0,1,2,0,0,0.0,0,34,2732,124442,0,6,0,0,1,2,0
43,25,0,1,3,0,0,0.0,0,20,5075,0,1,8,0,0,0,2,1
66,19,0,1,3,0,0,0.0,0,110,5963,3698,0,11,0,0,1,1,0
63,16,0,1,3,0,0,0.0,0,188,7210,1378488,0,10,0,0,0,1,0
85,77,1,1,3,1,0,0.294117647,0,1,-1,0,1,12,0,1,0,0,1
78,69,1,0,3,0,1,0.115384615,0,0,5627,0,1,10,0,0,0,2,1
71,20,0,1,1,0,0,0.0,0,61,5020,431805,0,11,0,0,0,1,0
60,16,0,0,2,0,0,0.083333333,0,265,7131,12,1,12,1,0,0,0,0
15,6,0,0,1,0,0,0.0,0,26,7030,2480108,0,5,0,0,0,1,0
70,18,0,0,3,0,0,0.114285714,0,0,12560,13756,0,11,0,0,0,3,0
31,24,0,1,2,0,1,0.032258065,0,14,7295,0,1,5,1,0,1,1,1
41,16,0,0,2,0,0,0.0,0,1126,7134,12,0,7,1,0,0,1,0
30,21,0,0,2,0,0,0.0,0,0,4884,14684,0,6,0,0,0,2,0
36,25,0,1,2,0,0,0.0,0,219,6258,689,0,6,0,0,1,2,0
39,9,0,1,2,0,0,0.0,0,0,2215,6256656,1,8,0,0,0,2,1
149,10,1,0,1,0,0,0.281879195,0,5,-1,0,1,14,0,1,1,1,1
34,14,0,0,1,1,0,0.0,0,7,2,0,1,7,0,1,0,1,1
109,15,0,1,2,0,0,0.0,0,48,8616,1422,0,21,0,0,1,0,0
90,19,1,0,3,0,1,0.322222222,1,52,2113,0,1,11,1,1,1,2,1
85,18,1,1,3,0,0,0.435294118,0,0,-1,0,1,9,0,0,0,2,1
26,17,0,0,2,0,0,0.0,0,58,2712,353006,0,6,0,0,0,2,0
36,27,0,0,2,1,0,0.0,0,24,9242,0,0,7,0,1,0,2,1
59,13,0,1,2,0,0,0.186440678,0,61,5782,6254,1,13,0,0,2,1,0
44,16,0,0,2,0,0,0.0,0,140,8518,8,0,7,1,0,0,0,0
87,13,1,0,2,0,0,0.436781609,0,11,2841,59698,1,7,0,0,1,1,1
65,15,0,1,3,1,0,0.0,4,252,-1,0,1,13,0,0,0,1,1
83,13,0,1,2,0,0,0.048192771,0,152,12542,803,1,13,1,0,3,2,0
54,15,0,0,2,0,0,0.055555556,0,256,7266,1100,0,9,0,0,0,0,0
69,23,0,1,3,1,1,0.072463768,0,27,3138,33758,0,10,0,0,1,2,0
41,18,0,1,3,0,0,0.024390244,0,0,5596,0,1,7,0,0,0,1,1
46,19,0,1,3,0,0,0.0,1,37,3466,3050940,1,7,0,1,0,0,0
116,22,0,0,2,0,0,0.077586207,0,16,7449,0,0,22,1,0,0,1,0
117,26,0,1,2,1,0,0.042735043,4,42,2058,0,1,16,0,0,1,1,1
25,17,0,1,1,0,0,0.0,0,139,2778,788648,0,5,0,0,1,0,0
85,15,0,1,3,0,0,0.047058824,0,92,5186,10408014,1,16,0,0,0,2,1
62,15,0,1,2,0,0,0.0,0,66,8829,2635,1,13,0,1,1,1,0
45,17,0,1,2,0,0,0.0,0,199,5396,3980,0,7,0,0,1,0,0
84,18,0,1,3,0,0,0.023809524,0,3,6728,0,1,16,0,1,1,1,1
105,16,1,0,2,0,0,0.142857143,0,68,8515,8,1,17,1,0,0,0,0
38,30,0,1,2,0,0,0.0,0,32,2836,2455493,0,6,0,0,0,1,0
477,14,1,1,3,0,0,0.085953878,3,21,-1,0,1,99,1,1,2,2,1
